[2026-02-11T10:16:26.935988] [USER-CHECK] user=pwh-m1itd-pai$ result=no_user_tags
[2026-02-11T11:34:21.955818] [USER-CHECK] user=yl795 result=allow:allow
[2026-02-11T17:13:29.297966] [USER-CHECK] user=yl795 result=allow:allow
[2026-02-11T17:14:50.052784] [USER-CHECK] user=n5-testing4 result=allow:allow
[2026-02-11T17:14:50.205601] [USER-CHECK] user=n5-testing4 result=allow:allow
[2026-02-11T17:14:51.429493] [USER-CHECK] user=n5-testing4 result=allow:allow
[2026-02-11T17:14:51.465156] [USER-CHECK] user=n5-testing4 result=allow:allow
[2026-02-11T17:14:51.698620] [USER-CHECK] user=n5-testing4 result=allow:allow
[2026-02-11T17:14:53.673431] [USER-CHECK] user=n5-testing4 result=allow:allow
[2026-02-11T17:14:54.553045] [USER-CHECK] user=n5-testing4 result=allow:allow
[2026-02-11T17:14:54.878398] [USER-CHECK] user=n5-testing4 result=allow:allow
[2026-02-11T17:14:57.440265] [USER-CHECK] user=n5-testing4 result=allow:allow
[2026-02-11T17:16:02.700880] [USER-CHECK] user=n5-testing4 result=allow:allow
[2026-02-11T17:20:01.525127] [USER-CHECK] user=n5-testing4 result=allow:allow
[2026-02-11T17:20:01.952661] [USER-CHECK] user=n5-testing4 result=allow:allow
[2026-02-11T17:20:02.552072] [USER-CHECK] user=n5-testing4 result=allow:allow
[2026-02-11T17:20:03.451322] [USER-CHECK] user=n5-testing4 result=allow:allow
[2026-02-11T17:20:03.748629] [USER-CHECK] user=n5-testing4 result=allow:allow
[2026-02-11T17:21:39.161879] [USER-CHECK] user=n5-testing4 result=allow:allow
[2026-02-11T17:22:46.656942] [USER-CHECK] user=n5-testing4 result=allow:allow
[2026-02-11T17:22:51.414080] [USER-CHECK] user=n5-testing4 result=allow:allow
[2026-02-11T17:29:19.524753] [USER-CHECK] user=n5-testing4 result=allow:allow
[2026-02-11T17:29:38.659032] [USER-CHECK] user=n5-testing4 result=allow:allow
[2026-02-11T17:29:43.011564] [USER-CHECK] user=n5-testing4 result=allow:allow
[2026-02-11T17:46:04.742157] [USER-CHECK] user=LH511 result=allow:allow
[2026-02-11T17:46:05.776794] [USER-CHECK] user=LH511 result=allow:allow
[2026-02-11T17:48:02.026808] [USER-CHECK] user=n5-testing4 result=allow:allow
[2026-02-11T17:48:02.181898] [USER-CHECK] user=n5-testing4 result=allow:allow
[2026-02-11T17:48:02.572326] [USER-CHECK] user=n5-testing4 result=allow:allow
[2026-02-11T17:48:03.065204] [USER-CHECK] user=n5-testing4 result=allow:allow
[2026-02-11T17:48:03.649760] [USER-CHECK] user=n5-testing4 result=allow:allow
[2026-02-11T17:48:06.698848] [USER-CHECK] user=n5-testing4 result=allow:allow
[2026-02-11T17:48:10.777108] [USER-CHECK] user=n5-testing4 result=allow:allow
[2026-02-11T17:48:13.074881] [USER-CHECK] user=n5-testing4 result=allow:allow
[2026-02-11T17:48:20.024464] [USER-CHECK] user=n5-testing4 result=allow:allow
[2026-02-11T17:48:28.058048] [USER-CHECK] user=n5-testing4 result=allow:allow
[2026-02-11T17:48:32.348065] [USER-CHECK] user=n5-testing4 result=allow:allow
[2026-02-11T17:48:41.372468] [USER-CHECK] user=n5-testing4 result=allow:allow
[2026-02-11T17:49:03.523193] [USER-CHECK] user=n5-testing4 result=allow:allow
[2026-02-11T17:49:54.500804] [USER-CHECK] user=n5-testing4 result=allow:allow
[2026-02-11T17:50:42.624589] [USER-CHECK] user=n5-testing4 result=allow:allow
[2026-02-11T17:51:16.363615] [USER-CHECK] user=n5-testing4 result=allow:allow
[2026-02-11T21:04:42.415379] [USER-CHECK] user=n5-testing4 result=allow:allow
[2026-02-11T21:04:48.517698] [USER-CHECK] user=n5-testing4 result=allow:allow
[2026-02-11T21:04:50.138428] [USER-CHECK] user=n5-testing4 result=allow:allow
[2026-02-11T21:04:50.143840] [USER-CHECK] user=n5-testing4 result=allow:allow
[2026-02-11T21:04:50.143869] [USER-CHECK] user=n5-testing4 result=allow:allow
[2026-02-11T21:04:50.154634] [USER-CHECK] user=n5-testing4 result=allow:allow
[2026-02-11T21:04:50.160791] [USER-CHECK] user=n5-testing4 result=allow:allow
[2026-02-11T21:04:50.202319] [USER-CHECK] user=n5-testing4 result=allow:allow
[2026-02-11T21:04:50.302686] [USER-CHECK] user=n5-testing4 result=allow:allow
[2026-02-11T21:04:50.345034] [USER-CHECK] user=n5-testing4 result=allow:allow
[2026-02-11T21:04:50.345039] [USER-CHECK] user=n5-testing4 result=allow:allow
[2026-02-11T21:04:50.348858] [USER-CHECK] user=n5-testing4 result=allow:allow
[2026-02-11T21:04:50.439449] [USER-CHECK] user=n5-testing4 result=allow:allow
[2026-02-11T21:04:52.237998] [USER-CHECK] user=n5-testing4 result=allow:allow
[2026-02-11T21:04:52.250280] [USER-CHECK] user=n5-testing4 result=allow:allow
[2026-02-11T21:04:52.374937] [USER-CHECK] user=n5-testing4 result=allow:allow
[2026-02-11T21:10:08.607160] [USER-CHECK] user=n5-testing4 result=allow:allow
[2026-02-11T21:10:08.640434] [USER-CHECK] user=n5-testing4 result=allow:allow
[2026-02-11T21:10:08.671980] [USER-CHECK] user=n5-testing4 result=allow:allow
[2026-02-11T21:10:08.759925] [USER-CHECK] user=n5-testing4 result=allow:allow
[2026-02-11T21:10:09.030061] [USER-CHECK] user=n5-testing4 result=allow:allow
[2026-02-11T21:10:09.046885] [USER-CHECK] user=n5-testing4 result=allow:allow
[2026-02-11T21:10:09.050279] [USER-CHECK] user=n5-testing4 result=allow:allow
[2026-02-11T21:10:09.065707] [USER-CHECK] user=n5-testing4 result=allow:allow
[2026-02-11T21:10:09.088790] [USER-CHECK] user=n5-testing4 result=allow:allow
[2026-02-11T21:10:09.106056] [USER-CHECK] user=n5-testing4 result=allow:allow
[2026-02-11T21:10:09.170432] [USER-CHECK] user=n5-testing4 result=allow:allow
[2026-02-11T21:10:09.256725] [USER-CHECK] user=n5-testing4 result=allow:allow
[2026-02-11T21:10:09.388470] [USER-CHECK] user=n5-testing4 result=allow:allow
[2026-02-11T21:10:09.520658] [USER-CHECK] user=n5-testing4 result=allow:allow
[2026-02-11T21:10:09.650165] [USER-CHECK] user=n5-testing4 result=allow:allow
[2026-02-11T21:10:09.797025] [USER-CHECK] user=n5-testing4 result=allow:allow
[2026-02-11T21:24:13.673195] [USER-CHECK] user=n5-testing4 result=allow:allow
[2026-02-11T21:24:13.673209] [USER-CHECK] user=n5-testing4 result=allow:allow
[2026-02-11T21:24:13.673222] [USER-CHECK] user=n5-testing4 result=allow:allow
[2026-02-11T21:24:13.673291] [USER-CHECK] user=n5-testing4 result=allow:allow
[2026-02-11T21:24:13.673307] [USER-CHECK] user=n5-testing4 result=allow:allow
[2026-02-11T21:24:13.673369] [USER-CHECK] user=n5-testing4 result=allow:allow
[2026-02-11T21:24:13.673387] [USER-CHECK] user=n5-testing4 result=allow:allow
[2026-02-11T21:24:13.673404] [USER-CHECK] user=n5-testing4 result=allow:allow
[2026-02-11T21:24:13.673435] [USER-CHECK] user=n5-testing4 result=allow:allow
[2026-02-11T21:24:13.673448] [USER-CHECK] user=n5-testing4 result=allow:allow
[2026-02-11T21:24:13.673469] [USER-CHECK] user=n5-testing4 result=allow:allow
[2026-02-11T21:24:13.673498] [USER-CHECK] user=n5-testing4 result=allow:allow
[2026-02-11T21:24:13.673478] [USER-CHECK] user=n5-testing4 result=allow:allow
[2026-02-11T21:24:13.673579] [USER-CHECK] user=n5-testing4 result=allow:allow
[2026-02-11T21:24:13.673598] [USER-CHECK] user=n5-testing4 result=allow:allow
[2026-02-11T21:24:13.673746] [USER-CHECK] user=n5-testing4 result=allow:allow
[2026-02-11T21:26:11.634644] [USER-CHECK] user=n5-testing4 result=allow:allow
[2026-02-11T21:26:11.698663] [USER-CHECK] user=n5-testing4 result=allow:allow
[2026-02-11T21:26:11.728316] [USER-CHECK] user=n5-testing4 result=allow:allow
[2026-02-11T21:26:11.918804] [USER-CHECK] user=n5-testing4 result=allow:allow
[2026-02-11T21:26:11.996924] [USER-CHECK] user=n5-testing4 result=allow:allow
[2026-02-11T21:26:12.016048] [USER-CHECK] user=n5-testing4 result=allow:allow
[2026-02-11T21:26:12.089389] [USER-CHECK] user=n5-testing4 result=allow:allow
[2026-02-11T21:26:12.092511] [USER-CHECK] user=n5-testing4 result=allow:allow
[2026-02-11T21:26:12.166261] [USER-CHECK] user=n5-testing4 result=allow:allow
[2026-02-11T21:26:12.218747] [USER-CHECK] user=n5-testing4 result=allow:allow
[2026-02-11T21:26:12.247496] [USER-CHECK] user=n5-testing4 result=allow:allow
[2026-02-11T21:26:12.325128] [USER-CHECK] user=n5-testing4 result=allow:allow
[2026-02-11T21:26:12.347302] [USER-CHECK] user=n5-testing4 result=allow:allow
[2026-02-11T21:26:12.370315] [USER-CHECK] user=n5-testing4 result=allow:allow
[2026-02-11T21:26:12.382405] [USER-CHECK] user=n5-testing4 result=allow:allow
[2026-02-11T21:26:12.385294] [USER-CHECK] user=n5-testing4 result=allow:allow
[2026-02-11T21:26:12.425199] [USER-CHECK] user=n5-testing4 result=allow:allow
[2026-02-11T21:26:12.506881] [USER-CHECK] user=n5-testing4 result=allow:allow
[2026-02-11T21:26:12.522244] [USER-CHECK] user=n5-testing4 result=allow:allow
[2026-02-11T21:26:12.552438] [USER-CHECK] user=n5-testing4 result=allow:allow
[2026-02-11T21:26:12.647605] [USER-CHECK] user=n5-testing4 result=allow:allow
[2026-02-11T21:26:12.665772] [USER-CHECK] user=n5-testing4 result=allow:allow
[2026-02-11T21:26:12.670733] [USER-CHECK] user=n5-testing4 result=allow:allow
[2026-02-11T21:26:12.688909] [USER-CHECK] user=n5-testing4 result=allow:allow
[2026-02-11T21:26:12.724169] [USER-CHECK] user=n5-testing4 result=allow:allow
[2026-02-11T21:26:12.761997] [USER-CHECK] user=n5-testing4 result=allow:allow
[2026-02-11T21:26:13.204206] [USER-CHECK] user=n5-testing4 result=allow:allow
[2026-02-11T21:26:13.381073] [USER-CHECK] user=n5-testing4 result=allow:allow
[2026-02-11T21:26:13.510323] [USER-CHECK] user=n5-testing4 result=allow:allow
[2026-02-11T21:26:13.589164] [USER-CHECK] user=n5-testing4 result=allow:allow
[2026-02-11T21:26:13.751882] [USER-CHECK] user=n5-testing4 result=allow:allow
[2026-02-11T21:26:13.927629] [USER-CHECK] user=n5-testing4 result=allow:allow
[2026-02-11T21:26:43.392795] [USER-CHECK] user=n5-testing4 result=allow:allow
[2026-02-11T21:26:43.431858] [USER-CHECK] user=n5-testing4 result=allow:allow
[2026-02-11T21:26:43.515859] [USER-CHECK] user=n5-testing4 result=allow:allow
[2026-02-11T21:26:43.644487] [USER-CHECK] user=n5-testing4 result=allow:allow
[2026-02-11T21:26:43.646799] [USER-CHECK] user=n5-testing4 result=allow:allow
[2026-02-11T21:26:43.764305] [USER-CHECK] user=n5-testing4 result=allow:allow
[2026-02-11T21:26:43.831947] [USER-CHECK] user=n5-testing4 result=allow:allow
[2026-02-11T21:26:43.843439] [USER-CHECK] user=n5-testing4 result=allow:allow
[2026-02-11T21:26:43.933468] [USER-CHECK] user=n5-testing4 result=allow:allow
[2026-02-11T21:26:43.978690] [USER-CHECK] user=n5-testing4 result=allow:allow
[2026-02-11T21:26:43.997355] [USER-CHECK] user=n5-testing4 result=allow:allow
[2026-02-11T21:26:44.041664] [USER-CHECK] user=n5-testing4 result=allow:allow
[2026-02-11T21:26:44.051060] [USER-CHECK] user=n5-testing4 result=allow:allow
[2026-02-11T21:26:44.095091] [USER-CHECK] user=n5-testing4 result=allow:allow
[2026-02-11T21:26:44.133918] [USER-CHECK] user=n5-testing4 result=allow:allow
[2026-02-11T21:26:44.146527] [USER-CHECK] user=n5-testing4 result=allow:allow
[2026-02-11T21:26:44.247654] [USER-CHECK] user=n5-testing4 result=allow:allow
[2026-02-11T21:26:44.270245] [USER-CHECK] user=n5-testing4 result=allow:allow
[2026-02-11T21:26:44.283865] [USER-CHECK] user=n5-testing4 result=allow:allow
[2026-02-11T21:26:44.326452] [USER-CHECK] user=n5-testing4 result=allow:allow
[2026-02-11T21:26:44.335534] [USER-CHECK] user=n5-testing4 result=allow:allow
[2026-02-11T21:26:44.341750] [USER-CHECK] user=n5-testing4 result=allow:allow
[2026-02-11T21:26:44.495745] [USER-CHECK] user=n5-testing4 result=allow:allow
[2026-02-11T21:26:44.535638] [USER-CHECK] user=n5-testing4 result=allow:allow
[2026-02-11T21:26:44.544814] [USER-CHECK] user=n5-testing4 result=allow:allow
[2026-02-11T21:26:44.550452] [USER-CHECK] user=n5-testing4 result=allow:allow
[2026-02-11T21:26:44.702277] [USER-CHECK] user=n5-testing4 result=allow:allow
[2026-02-11T21:26:44.724192] [USER-CHECK] user=n5-testing4 result=allow:allow
[2026-02-11T21:26:44.759624] [USER-CHECK] user=n5-testing4 result=allow:allow
[2026-02-11T21:26:44.956561] [USER-CHECK] user=n5-testing4 result=allow:allow
[2026-02-11T21:26:44.987795] [USER-CHECK] user=n5-testing4 result=allow:allow
[2026-02-11T21:26:45.060691] [USER-CHECK] user=n5-testing4 result=allow:allow
[2026-02-11T21:27:26.161757] [USER-CHECK] user=n5-testing4 result=allow:allow
[2026-02-11T21:27:26.217919] [USER-CHECK] user=n5-testing4 result=allow:allow
[2026-02-11T21:27:26.573912] [USER-CHECK] user=n5-testing4 result=allow:allow
[2026-02-11T21:27:26.632013] [USER-CHECK] user=n5-testing4 result=allow:allow
[2026-02-11T21:27:26.695690] [USER-CHECK] user=n5-testing4 result=allow:allow
[2026-02-11T21:27:26.910364] [USER-CHECK] user=n5-testing4 result=allow:allow
[2026-02-11T21:27:26.931324] [USER-CHECK] user=n5-testing4 result=allow:allow
[2026-02-11T21:27:26.982778] [USER-CHECK] user=n5-testing4 result=allow:allow
[2026-02-11T21:27:27.066095] [USER-CHECK] user=n5-testing4 result=allow:allow
[2026-02-11T21:27:27.123834] [USER-CHECK] user=n5-testing4 result=allow:allow
[2026-02-11T21:27:27.169339] [USER-CHECK] user=n5-testing4 result=allow:allow
[2026-02-11T21:27:27.196265] [USER-CHECK] user=n5-testing4 result=allow:allow
[2026-02-11T21:27:27.197809] [USER-CHECK] user=n5-testing4 result=allow:allow
[2026-02-11T21:27:27.224042] [USER-CHECK] user=n5-testing4 result=allow:allow
[2026-02-11T21:27:27.242024] [USER-CHECK] user=n5-testing4 result=allow:allow
[2026-02-11T21:27:27.268008] [USER-CHECK] user=n5-testing4 result=allow:allow
[2026-02-11T21:27:27.321011] [USER-CHECK] user=n5-testing4 result=allow:allow
[2026-02-11T21:27:27.339746] [USER-CHECK] user=n5-testing4 result=allow:allow
[2026-02-11T21:27:27.380145] [USER-CHECK] user=n5-testing4 result=allow:allow
[2026-02-11T21:27:27.466797] [USER-CHECK] user=n5-testing4 result=allow:allow
[2026-02-11T21:27:27.486282] [USER-CHECK] user=n5-testing4 result=allow:allow
[2026-02-11T21:27:27.499588] [USER-CHECK] user=n5-testing4 result=allow:allow
[2026-02-11T21:27:27.588270] [USER-CHECK] user=n5-testing4 result=allow:allow
[2026-02-11T21:27:27.603978] [USER-CHECK] user=n5-testing4 result=allow:allow
[2026-02-11T21:27:27.622743] [USER-CHECK] user=n5-testing4 result=allow:allow
[2026-02-11T21:27:27.723785] [USER-CHECK] user=n5-testing4 result=allow:allow
[2026-02-11T21:27:27.966835] [USER-CHECK] user=n5-testing4 result=allow:allow
[2026-02-11T21:27:28.002786] [USER-CHECK] user=n5-testing4 result=allow:allow
[2026-02-11T21:27:28.042823] [USER-CHECK] user=n5-testing4 result=allow:allow
[2026-02-11T21:27:28.181996] [USER-CHECK] user=n5-testing4 result=allow:allow
[2026-02-11T21:27:28.433819] [USER-CHECK] user=n5-testing4 result=allow:allow
[2026-02-11T21:27:28.463814] [USER-CHECK] user=n5-testing4 result=allow:allow
[2026-02-11T21:27:49.826031] [USER-CHECK] user=n5-testing4 result=allow:allow
[2026-02-11T21:27:49.866944] [USER-CHECK] user=n5-testing4 result=allow:allow
[2026-02-11T21:27:49.989842] [USER-CHECK] user=n5-testing4 result=allow:allow
[2026-02-11T21:27:50.030271] [USER-CHECK] user=n5-testing4 result=allow:allow
[2026-02-11T21:27:50.113233] [USER-CHECK] user=n5-testing4 result=allow:allow
[2026-02-11T21:27:50.142347] [USER-CHECK] user=n5-testing4 result=allow:allow
[2026-02-11T21:27:50.215978] [USER-CHECK] user=n5-testing4 result=allow:allow
[2026-02-11T21:27:50.218083] [USER-CHECK] user=n5-testing4 result=allow:allow
[2026-02-11T21:27:50.231946] [USER-CHECK] user=n5-testing4 result=allow:allow
[2026-02-11T21:27:50.264852] [USER-CHECK] user=n5-testing4 result=allow:allow
[2026-02-11T21:27:50.479238] [USER-CHECK] user=n5-testing4 result=allow:allow
[2026-02-11T21:27:50.511784] [USER-CHECK] user=n5-testing4 result=allow:allow
[2026-02-11T21:27:50.521418] [USER-CHECK] user=n5-testing4 result=allow:allow
[2026-02-11T21:27:50.522374] [USER-CHECK] user=n5-testing4 result=allow:allow
[2026-02-11T21:27:50.525377] [USER-CHECK] user=n5-testing4 result=allow:allow
[2026-02-11T21:27:50.526496] [USER-CHECK] user=n5-testing4 result=allow:allow
[2026-02-11T21:27:50.541989] [USER-CHECK] user=n5-testing4 result=allow:allow
[2026-02-11T21:27:50.546257] [USER-CHECK] user=n5-testing4 result=allow:allow
[2026-02-11T21:27:50.572677] [USER-CHECK] user=n5-testing4 result=allow:allow
[2026-02-11T21:27:50.582613] [USER-CHECK] user=n5-testing4 result=allow:allow
[2026-02-11T21:27:50.586467] [USER-CHECK] user=n5-testing4 result=allow:allow
[2026-02-11T21:27:50.595630] [USER-CHECK] user=n5-testing4 result=allow:allow
[2026-02-11T21:27:50.615122] [USER-CHECK] user=n5-testing4 result=allow:allow
[2026-02-11T21:27:50.626315] [USER-CHECK] user=n5-testing4 result=allow:allow
[2026-02-11T21:27:50.652543] [USER-CHECK] user=n5-testing4 result=allow:allow
[2026-02-11T21:27:50.661433] [USER-CHECK] user=n5-testing4 result=allow:allow
[2026-02-11T21:27:50.673340] [USER-CHECK] user=n5-testing4 result=allow:allow
[2026-02-11T21:27:50.683508] [USER-CHECK] user=n5-testing4 result=allow:allow
[2026-02-11T21:27:50.715364] [USER-CHECK] user=n5-testing4 result=allow:allow
[2026-02-11T21:27:50.823464] [USER-CHECK] user=n5-testing4 result=allow:allow
[2026-02-11T21:27:50.897015] [USER-CHECK] user=n5-testing4 result=allow:allow
[2026-02-11T21:27:50.947200] [USER-CHECK] user=n5-testing4 result=allow:allow
[2026-02-11T21:35:48.436303] [USER-CHECK] user=n5-testing4 result=allow:allow
[2026-02-11T21:35:49.674364] [USER-CHECK] user=n5-testing4 result=allow:allow
[2026-02-11T21:35:50.904742] [USER-CHECK] user=n5-testing4 result=allow:allow
[2026-02-11T21:37:00.922832] [USER-CHECK] user=n5-testing4 result=allow:allow
[2026-02-11T21:37:00.950869] [USER-CHECK] user=n5-testing4 result=allow:allow
[2026-02-11T21:37:00.995166] [USER-CHECK] user=n5-testing4 result=allow:allow
[2026-02-11T21:37:01.077364] [USER-CHECK] user=n5-testing4 result=allow:allow
[2026-02-11T21:37:01.089826] [USER-CHECK] user=n5-testing4 result=allow:allow
[2026-02-11T21:37:01.102020] [USER-CHECK] user=n5-testing4 result=allow:allow
[2026-02-11T21:37:01.111501] [USER-CHECK] user=n5-testing4 result=allow:allow
[2026-02-11T21:37:01.126128] [USER-CHECK] user=n5-testing4 result=allow:allow
[2026-02-11T21:37:01.130288] [USER-CHECK] user=n5-testing4 result=allow:allow
[2026-02-11T21:37:01.168275] [USER-CHECK] user=n5-testing4 result=allow:allow
[2026-02-11T21:37:01.193821] [USER-CHECK] user=n5-testing4 result=allow:allow
[2026-02-11T21:37:01.225805] [USER-CHECK] user=n5-testing4 result=allow:allow
[2026-02-11T21:37:01.251888] [USER-CHECK] user=n5-testing4 result=allow:allow
[2026-02-11T21:37:01.274271] [USER-CHECK] user=n5-testing4 result=allow:allow
[2026-02-11T21:37:01.278043] [USER-CHECK] user=n5-testing4 result=allow:allow
[2026-02-11T21:37:01.284964] [USER-CHECK] user=n5-testing4 result=allow:allow
[2026-02-11T21:37:01.306768] [USER-CHECK] user=n5-testing4 result=allow:allow
[2026-02-11T21:37:01.314254] [USER-CHECK] user=n5-testing4 result=allow:allow
[2026-02-11T21:37:01.358588] [USER-CHECK] user=n5-testing4 result=allow:allow
[2026-02-11T21:37:01.359035] [USER-CHECK] user=n5-testing4 result=allow:allow
[2026-02-11T21:37:01.386242] [USER-CHECK] user=n5-testing4 result=allow:allow
[2026-02-11T21:37:01.596934] [USER-CHECK] user=n5-testing4 result=allow:allow
[2026-02-11T21:37:02.768614] [USER-CHECK] user=n5-testing4 result=allow:allow
[2026-02-11T21:37:02.860108] [USER-CHECK] user=n5-testing4 result=allow:allow
[2026-02-11T21:37:03.085390] [USER-CHECK] user=n5-testing4 result=allow:allow
[2026-02-11T21:37:03.442806] [USER-CHECK] user=n5-testing4 result=allow:allow
[2026-02-11T21:37:04.230745] [USER-CHECK] user=n5-testing4 result=allow:allow
[2026-02-11T21:37:04.339401] [USER-CHECK] user=n5-testing4 result=allow:allow
[2026-02-11T21:37:04.453404] [USER-CHECK] user=n5-testing4 result=allow:allow
[2026-02-11T21:37:04.838554] [USER-CHECK] user=n5-testing4 result=allow:allow
[2026-02-11T21:37:05.783766] [USER-CHECK] user=n5-testing4 result=allow:allow
[2026-02-11T21:37:05.985786] [USER-CHECK] user=n5-testing4 result=allow:allow
[2026-02-11T21:38:11.600347] [USER-CHECK] user=n5-testing4 result=allow:allow
[2026-02-11T21:38:11.777865] [USER-CHECK] user=n5-testing4 result=allow:allow
[2026-02-11T21:38:11.829635] [USER-CHECK] user=n5-testing4 result=allow:allow
[2026-02-11T21:38:11.964688] [USER-CHECK] user=n5-testing4 result=allow:allow
[2026-02-11T21:38:11.993470] [USER-CHECK] user=n5-testing4 result=allow:allow
[2026-02-11T21:38:12.030972] [USER-CHECK] user=n5-testing4 result=allow:allow
[2026-02-11T21:38:12.059555] [USER-CHECK] user=n5-testing4 result=allow:allow
[2026-02-11T21:38:12.118761] [USER-CHECK] user=n5-testing4 result=allow:allow
[2026-02-11T21:38:12.130976] [USER-CHECK] user=n5-testing4 result=allow:allow
[2026-02-11T21:38:12.158825] [USER-CHECK] user=n5-testing4 result=allow:allow
[2026-02-11T21:38:12.193833] [USER-CHECK] user=n5-testing4 result=allow:allow
[2026-02-11T21:38:12.207453] [USER-CHECK] user=n5-testing4 result=allow:allow
[2026-02-11T21:38:12.208933] [USER-CHECK] user=n5-testing4 result=allow:allow
[2026-02-11T21:38:12.247682] [USER-CHECK] user=n5-testing4 result=allow:allow
[2026-02-11T21:38:12.257472] [USER-CHECK] user=n5-testing4 result=allow:allow
[2026-02-11T21:38:12.259290] [USER-CHECK] user=n5-testing4 result=allow:allow
[2026-02-11T21:38:12.454325] [USER-CHECK] user=n5-testing4 result=allow:allow
[2026-02-11T21:38:12.505493] [USER-CHECK] user=n5-testing4 result=allow:allow
[2026-02-11T21:38:12.519380] [USER-CHECK] user=n5-testing4 result=allow:allow
[2026-02-11T21:38:12.539500] [USER-CHECK] user=n5-testing4 result=allow:allow
[2026-02-11T21:38:12.563554] [USER-CHECK] user=n5-testing4 result=allow:allow
[2026-02-11T21:38:12.719991] [USER-CHECK] user=n5-testing4 result=allow:allow
[2026-02-11T21:38:12.791463] [USER-CHECK] user=n5-testing4 result=allow:allow
[2026-02-11T21:38:12.835730] [USER-CHECK] user=n5-testing4 result=allow:allow
[2026-02-11T21:38:12.949570] [USER-CHECK] user=n5-testing4 result=allow:allow
[2026-02-11T21:38:13.021751] [USER-CHECK] user=n5-testing4 result=allow:allow
[2026-02-11T21:38:13.074505] [USER-CHECK] user=n5-testing4 result=allow:allow
[2026-02-11T21:38:13.094437] [USER-CHECK] user=n5-testing4 result=allow:allow
[2026-02-11T21:38:15.161999] [USER-CHECK] user=n5-testing4 result=allow:allow
[2026-02-11T21:38:15.326127] [USER-CHECK] user=n5-testing4 result=allow:allow
[2026-02-11T21:38:15.811315] [USER-CHECK] user=n5-testing4 result=allow:allow
[2026-02-11T21:38:15.909208] [USER-CHECK] user=n5-testing4 result=allow:allow
[2026-02-11T21:44:35.714887] [USER-CHECK] user=n5-testing4 result=allow:allow
[2026-02-11T21:44:35.813872] [USER-CHECK] user=n5-testing4 result=allow:allow
[2026-02-11T21:44:35.818241] [USER-CHECK] user=n5-testing4 result=allow:allow
[2026-02-11T21:44:35.846631] [USER-CHECK] user=n5-testing4 result=allow:allow
[2026-02-11T21:44:35.866246] [USER-CHECK] user=n5-testing4 result=allow:allow
[2026-02-11T21:44:35.869108] [USER-CHECK] user=n5-testing4 result=allow:allow
[2026-02-11T21:44:35.876750] [USER-CHECK] user=n5-testing4 result=allow:allow
[2026-02-11T21:44:35.927754] [USER-CHECK] user=n5-testing4 result=allow:allow
[2026-02-11T21:44:35.933096] [USER-CHECK] user=n5-testing4 result=allow:allow
[2026-02-11T21:44:36.011073] [USER-CHECK] user=n5-testing4 result=allow:allow
[2026-02-11T21:44:36.035902] [USER-CHECK] user=n5-testing4 result=allow:allow
[2026-02-11T21:44:36.069728] [USER-CHECK] user=n5-testing4 result=allow:allow
[2026-02-11T21:44:36.077024] [USER-CHECK] user=n5-testing4 result=allow:allow
[2026-02-11T21:44:36.081364] [USER-CHECK] user=n5-testing4 result=allow:allow
[2026-02-11T21:44:36.141678] [USER-CHECK] user=n5-testing4 result=allow:allow
[2026-02-11T21:44:36.279798] [USER-CHECK] user=n5-testing4 result=allow:allow
[2026-02-11T21:44:36.326776] [USER-CHECK] user=n5-testing4 result=allow:allow
[2026-02-11T21:44:36.338289] [USER-CHECK] user=n5-testing4 result=allow:allow
[2026-02-11T21:44:36.356928] [USER-CHECK] user=n5-testing4 result=allow:allow
[2026-02-11T21:44:36.364997] [USER-CHECK] user=n5-testing4 result=allow:allow
[2026-02-11T21:44:36.510711] [USER-CHECK] user=n5-testing4 result=allow:allow
[2026-02-11T21:44:36.555260] [USER-CHECK] user=n5-testing4 result=allow:allow
[2026-02-11T21:44:36.621091] [USER-CHECK] user=n5-testing4 result=allow:allow
[2026-02-11T21:44:36.635394] [USER-CHECK] user=n5-testing4 result=allow:allow
[2026-02-11T21:44:36.691098] [USER-CHECK] user=n5-testing4 result=allow:allow
[2026-02-11T21:44:37.412501] [USER-CHECK] user=n5-testing4 result=allow:allow
[2026-02-11T21:44:37.459695] [USER-CHECK] user=n5-testing4 result=allow:allow
[2026-02-11T21:44:37.494224] [USER-CHECK] user=n5-testing4 result=allow:allow
[2026-02-11T21:44:37.500001] [USER-CHECK] user=n5-testing4 result=allow:allow
[2026-02-11T21:44:37.873145] [USER-CHECK] user=n5-testing4 result=allow:allow
[2026-02-11T21:44:38.103677] [USER-CHECK] user=n5-testing4 result=allow:allow
[2026-02-11T21:44:38.742650] [USER-CHECK] user=n5-testing4 result=allow:allow
[2026-02-11T21:45:31.353787] [USER-CHECK] user=n5-testing4 result=allow:allow
[2026-02-11T21:45:31.490764] [USER-CHECK] user=n5-testing4 result=allow:allow
[2026-02-11T21:45:31.613604] [USER-CHECK] user=n5-testing4 result=allow:allow
[2026-02-11T21:45:31.616362] [USER-CHECK] user=n5-testing4 result=allow:allow
[2026-02-11T21:45:31.684835] [USER-CHECK] user=n5-testing4 result=allow:allow
[2026-02-11T21:45:31.759772] [USER-CHECK] user=n5-testing4 result=allow:allow
[2026-02-11T21:45:31.798702] [USER-CHECK] user=n5-testing4 result=allow:allow
[2026-02-11T21:45:31.813773] [USER-CHECK] user=n5-testing4 result=allow:allow
[2026-02-11T21:45:31.851815] [USER-CHECK] user=n5-testing4 result=allow:allow
[2026-02-11T21:45:31.856876] [USER-CHECK] user=n5-testing4 result=allow:allow
[2026-02-11T21:45:31.873876] [USER-CHECK] user=n5-testing4 result=allow:allow
[2026-02-11T21:45:31.878531] [USER-CHECK] user=n5-testing4 result=allow:allow
[2026-02-11T21:45:31.890386] [USER-CHECK] user=n5-testing4 result=allow:allow
[2026-02-11T21:45:31.908846] [USER-CHECK] user=n5-testing4 result=allow:allow
[2026-02-11T21:45:31.911825] [USER-CHECK] user=n5-testing4 result=allow:allow
[2026-02-11T21:45:31.915986] [USER-CHECK] user=n5-testing4 result=allow:allow
[2026-02-11T21:45:31.929944] [USER-CHECK] user=n5-testing4 result=allow:allow
[2026-02-11T21:45:31.931577] [USER-CHECK] user=n5-testing4 result=allow:allow
[2026-02-11T21:45:31.941491] [USER-CHECK] user=n5-testing4 result=allow:allow
[2026-02-11T21:45:31.956741] [USER-CHECK] user=n5-testing4 result=allow:allow
[2026-02-11T21:45:31.961838] [USER-CHECK] user=n5-testing4 result=allow:allow
[2026-02-11T21:45:31.989761] [USER-CHECK] user=n5-testing4 result=allow:allow
[2026-02-11T21:45:31.990136] [USER-CHECK] user=n5-testing4 result=allow:allow
[2026-02-11T21:45:32.022650] [USER-CHECK] user=n5-testing4 result=allow:allow
[2026-02-11T21:45:32.034841] [USER-CHECK] user=n5-testing4 result=allow:allow
[2026-02-11T21:45:32.147976] [USER-CHECK] user=n5-testing4 result=allow:allow
[2026-02-11T21:45:32.448955] [USER-CHECK] user=n5-testing4 result=allow:allow
[2026-02-11T21:45:33.291982] [USER-CHECK] user=n5-testing4 result=allow:allow
[2026-02-11T21:45:34.848635] [USER-CHECK] user=n5-testing4 result=allow:allow
[2026-02-11T21:45:34.937757] [USER-CHECK] user=n5-testing4 result=allow:allow
[2026-02-11T21:45:35.424756] [USER-CHECK] user=n5-testing4 result=allow:allow
[2026-02-11T21:45:35.764375] [USER-CHECK] user=n5-testing4 result=allow:allow
[2026-02-11T21:46:09.731727] [USER-CHECK] user=n5-testing4 result=allow:allow
[2026-02-11T21:46:09.943666] [USER-CHECK] user=n5-testing4 result=allow:allow
[2026-02-11T21:46:10.024819] [USER-CHECK] user=n5-testing4 result=allow:allow
[2026-02-11T21:46:10.140890] [USER-CHECK] user=n5-testing4 result=allow:allow
[2026-02-11T21:46:10.253885] [USER-CHECK] user=n5-testing4 result=allow:allow
[2026-02-11T21:46:10.267755] [USER-CHECK] user=n5-testing4 result=allow:allow
[2026-02-11T21:46:10.272008] [USER-CHECK] user=n5-testing4 result=allow:allow
[2026-02-11T21:46:10.325945] [USER-CHECK] user=n5-testing4 result=allow:allow
[2026-02-11T21:46:10.357892] [USER-CHECK] user=n5-testing4 result=allow:allow
[2026-02-11T21:46:10.483356] [USER-CHECK] user=n5-testing4 result=allow:allow
[2026-02-11T21:46:10.508765] [USER-CHECK] user=n5-testing4 result=allow:allow
[2026-02-11T21:46:10.532450] [USER-CHECK] user=n5-testing4 result=allow:allow
[2026-02-11T21:46:10.578076] [USER-CHECK] user=n5-testing4 result=allow:allow
[2026-02-11T21:46:10.632664] [USER-CHECK] user=n5-testing4 result=allow:allow
[2026-02-11T21:46:10.721491] [USER-CHECK] user=n5-testing4 result=allow:allow
[2026-02-11T21:46:10.727005] [USER-CHECK] user=n5-testing4 result=allow:allow
[2026-02-11T21:46:10.745471] [USER-CHECK] user=n5-testing4 result=allow:allow
[2026-02-11T21:46:10.778104] [USER-CHECK] user=n5-testing4 result=allow:allow
[2026-02-11T21:46:10.807696] [USER-CHECK] user=n5-testing4 result=allow:allow
[2026-02-11T21:46:10.824891] [USER-CHECK] user=n5-testing4 result=allow:allow
[2026-02-11T21:46:10.880422] [USER-CHECK] user=n5-testing4 result=allow:allow
[2026-02-11T21:46:10.891996] [USER-CHECK] user=n5-testing4 result=allow:allow
[2026-02-11T21:46:10.992598] [USER-CHECK] user=n5-testing4 result=allow:allow
[2026-02-11T21:46:11.329905] [USER-CHECK] user=n5-testing4 result=allow:allow
[2026-02-11T21:46:11.434448] [USER-CHECK] user=n5-testing4 result=allow:allow
[2026-02-11T21:46:11.926826] [USER-CHECK] user=n5-testing4 result=allow:allow
[2026-02-11T21:46:11.959320] [USER-CHECK] user=n5-testing4 result=allow:allow
[2026-02-11T21:46:12.064396] [USER-CHECK] user=n5-testing4 result=allow:allow
[2026-02-11T21:46:12.105396] [USER-CHECK] user=n5-testing4 result=allow:allow
[2026-02-11T21:46:12.326206] [USER-CHECK] user=n5-testing4 result=allow:allow
[2026-02-11T21:46:12.562766] [USER-CHECK] user=n5-testing4 result=allow:allow
[2026-02-11T21:46:13.078619] [USER-CHECK] user=n5-testing4 result=allow:allow
[2026-02-12T00:00:21.952215] [USER-CHECK] user=n5-testing4 result=allow:allow
[2026-02-12T00:00:21.963848] [USER-CHECK] user=n5-testing4 result=allow:allow
[2026-02-12T00:00:21.998869] [USER-CHECK] user=n5-testing4 result=allow:allow
[2026-02-12T00:00:22.003846] [USER-CHECK] user=n5-testing4 result=allow:allow
[2026-02-12T00:00:22.058884] [USER-CHECK] user=n5-testing4 result=allow:allow
[2026-02-12T00:00:22.127833] [USER-CHECK] user=n5-testing4 result=allow:allow
[2026-02-12T00:00:22.360951] [USER-CHECK] user=n5-testing4 result=allow:allow
[2026-02-12T00:00:22.413193] [USER-CHECK] user=n5-testing4 result=allow:allow
[2026-02-12T00:00:22.415735] [USER-CHECK] user=n5-testing4 result=allow:allow
[2026-02-12T00:00:22.419997] [USER-CHECK] user=n5-testing4 result=allow:allow
[2026-02-12T00:00:22.477516] [USER-CHECK] user=n5-testing4 result=allow:allow
[2026-02-12T00:00:22.480246] [USER-CHECK] user=n5-testing4 result=allow:allow
[2026-02-12T00:00:22.516716] [USER-CHECK] user=n5-testing4 result=allow:allow
[2026-02-12T00:00:22.531212] [USER-CHECK] user=n5-testing4 result=allow:allow
[2026-02-12T00:00:22.537299] [USER-CHECK] user=n5-testing4 result=allow:allow
[2026-02-12T00:00:22.556897] [USER-CHECK] user=n5-testing4 result=allow:allow
[2026-02-12T00:00:22.684446] [USER-CHECK] user=n5-testing4 result=allow:allow
[2026-02-12T00:00:22.713108] [USER-CHECK] user=n5-testing4 result=allow:allow
[2026-02-12T00:00:22.719442] [USER-CHECK] user=n5-testing4 result=allow:allow
[2026-02-12T00:00:22.725017] [USER-CHECK] user=n5-testing4 result=allow:allow
[2026-02-12T00:00:22.745883] [USER-CHECK] user=n5-testing4 result=allow:allow
[2026-02-12T00:00:22.966158] [USER-CHECK] user=n5-testing4 result=allow:allow
[2026-02-12T00:00:23.415831] [USER-CHECK] user=n5-testing4 result=allow:allow
[2026-02-12T00:00:23.568393] [USER-CHECK] user=n5-testing4 result=allow:allow
[2026-02-12T00:00:24.348833] [USER-CHECK] user=n5-testing4 result=allow:allow
[2026-02-12T00:00:24.516469] [USER-CHECK] user=n5-testing4 result=allow:allow
[2026-02-12T00:00:25.621810] [USER-CHECK] user=n5-testing4 result=allow:allow
[2026-02-12T00:00:25.752928] [USER-CHECK] user=n5-testing4 result=allow:allow
[2026-02-12T00:00:25.909425] [USER-CHECK] user=n5-testing4 result=allow:allow
[2026-02-12T00:00:26.014866] [USER-CHECK] user=n5-testing4 result=allow:allow
[2026-02-12T00:00:26.110766] [USER-CHECK] user=n5-testing4 result=allow:allow
[2026-02-12T00:00:26.451862] [USER-CHECK] user=n5-testing4 result=allow:allow
[2026-02-12T10:07:21.656715] [USER-CHECK] user=n5-testing4 result=allow:allow
[2026-02-12T10:07:21.721569] [USER-CHECK] user=n5-testing4 result=allow:allow
[2026-02-12T10:07:22.219665] [USER-CHECK] user=yl795 result=allow:allow
[2026-02-12T10:07:22.280970] [USER-CHECK] user=n5-testing4 result=allow:allow
[2026-02-12T10:07:22.346075] [USER-CHECK] user=n5-testing4 result=allow:allow
[2026-02-12T10:07:22.507777] [USER-CHECK] user=n5-testing4 result=allow:allow
[2026-02-12T10:07:22.510788] [USER-CHECK] user=n5-testing4 result=allow:allow
[2026-02-12T10:07:22.510445] [USER-CHECK] user=n5-testing4 result=allow:allow
[2026-02-12T10:07:22.522850] [USER-CHECK] user=n5-testing4 result=allow:allow
[2026-02-12T10:07:22.669490] [USER-CHECK] user=n5-testing4 result=allow:allow
[2026-02-12T10:07:22.894030] [USER-CHECK] user=n5-testing4 result=allow:allow
[2026-02-12T10:07:23.177057] [USER-CHECK] user=n5-testing4 result=allow:allow
[2026-02-12T10:07:23.525821] [USER-CHECK] user=yl795 result=allow:allow
[2026-02-12T10:07:23.906737] [USER-CHECK] user=yl795 result=allow:allow
[2026-02-12T10:07:24.051704] [USER-CHECK] user=yl795 result=allow:allow
[2026-02-12T10:07:24.217102] [USER-CHECK] user=n5-testing4 result=allow:allow
[2026-02-12T10:07:24.352404] [USER-CHECK] user=n5-testing4 result=allow:allow
[2026-02-12T10:07:24.360149] [USER-CHECK] user=n5-testing4 result=allow:allow
[2026-02-12T10:07:24.395916] [USER-CHECK] user=n5-testing4 result=allow:allow
[2026-02-12T10:07:28.703577] [USER-CHECK] user=n5-testing4 result=allow:allow
[2026-02-12T10:07:28.807621] [USER-CHECK] user=yl795 result=allow:allow
[2026-02-12T10:09:51.153312] [USER-CHECK] user=yl795 result=allow:allow
[2026-02-12T10:09:51.304051] [USER-CHECK] user=yl795 result=allow:allow
[2026-02-12T10:09:51.306216] [USER-CHECK] user=yl795 result=allow:allow
[2026-02-12T10:09:51.367765] [USER-CHECK] user=yl795 result=allow:allow
[2026-02-12T10:09:51.501570] [USER-CHECK] user=yl795 result=allow:allow
[2026-02-12T10:09:51.820457] [USER-CHECK] user=yl795 result=allow:allow
[2026-02-12T10:09:51.821529] [USER-CHECK] user=yl795 result=allow:allow
[2026-02-12T10:09:51.830397] [USER-CHECK] user=yl795 result=allow:allow
[2026-02-12T10:09:51.839251] [USER-CHECK] user=yl795 result=allow:allow
[2026-02-12T10:09:51.908724] [USER-CHECK] user=yl795 result=allow:allow
[2026-02-12T10:09:51.915300] [USER-CHECK] user=yl795 result=allow:allow
[2026-02-12T10:09:51.936036] [USER-CHECK] user=yl795 result=allow:allow
[2026-02-12T10:09:51.972687] [USER-CHECK] user=yl795 result=allow:allow
[2026-02-12T10:09:52.233083] [USER-CHECK] user=yl795 result=allow:allow
[2026-02-12T10:09:52.397117] [USER-CHECK] user=yl795 result=allow:allow
[2026-02-12T10:10:59.516098] [USER-CHECK] user=yl795 result=allow:allow
[2026-02-12T10:10:59.619646] [USER-CHECK] user=yl795 result=allow:allow
[2026-02-12T10:10:59.754316] [USER-CHECK] user=yl795 result=allow:allow
[2026-02-12T10:10:59.755855] [USER-CHECK] user=yl795 result=allow:allow
[2026-02-12T10:10:59.764180] [USER-CHECK] user=yl795 result=allow:allow
[2026-02-12T10:10:59.769825] [USER-CHECK] user=yl795 result=allow:allow
[2026-02-12T10:10:59.938361] [USER-CHECK] user=yl795 result=allow:allow
[2026-02-12T10:11:00.800597] [USER-CHECK] user=yl795 result=allow:allow
[2026-02-12T10:11:00.804222] [USER-CHECK] user=yl795 result=allow:allow
[2026-02-12T10:11:00.806379] [USER-CHECK] user=yl795 result=allow:allow
[2026-02-12T10:11:00.899496] [USER-CHECK] user=yl795 result=allow:allow
[2026-02-12T10:11:01.016574] [USER-CHECK] user=yl795 result=allow:allow
[2026-02-12T10:11:01.300134] [USER-CHECK] user=yl795 result=allow:allow
[2026-02-12T10:11:01.303038] [USER-CHECK] user=yl795 result=allow:allow
[2026-02-12T10:11:01.303628] [USER-CHECK] user=yl795 result=allow:allow
[2026-02-12T10:11:01.314314] [USER-CHECK] user=yl795 result=allow:allow
[2026-02-12T10:11:01.314788] [USER-CHECK] user=yl795 result=allow:allow
[2026-02-12T10:11:01.510960] [USER-CHECK] user=yl795 result=allow:allow
[2026-02-12T10:11:01.543365] [USER-CHECK] user=yl795 result=allow:allow
[2026-02-12T10:11:01.613310] [USER-CHECK] user=yl795 result=allow:allow
[2026-02-12T10:11:01.689593] [USER-CHECK] user=yl795 result=allow:allow
[2026-02-12T10:11:01.689978] [USER-CHECK] user=yl795 result=allow:allow
[2026-02-12T10:11:01.697092] [USER-CHECK] user=yl795 result=allow:allow
[2026-02-12T10:11:01.710735] [USER-CHECK] user=yl795 result=allow:allow
[2026-02-12T10:11:01.808886] [USER-CHECK] user=yl795 result=allow:allow
[2026-02-12T10:11:01.953346] [USER-CHECK] user=yl795 result=allow:allow
[2026-02-12T10:11:01.954088] [USER-CHECK] user=yl795 result=allow:allow
[2026-02-12T10:11:01.955066] [USER-CHECK] user=yl795 result=allow:allow
[2026-02-12T10:11:01.973838] [USER-CHECK] user=yl795 result=allow:allow
[2026-02-12T10:11:02.031340] [USER-CHECK] user=yl795 result=allow:allow
[2026-02-12T10:11:02.057834] [USER-CHECK] user=yl795 result=allow:allow
[2026-02-12T10:11:02.061671] [USER-CHECK] user=yl795 result=allow:allow
[2026-02-12T10:11:02.160673] [USER-CHECK] user=yl795 result=allow:allow
[2026-02-12T10:11:02.251258] [USER-CHECK] user=yl795 result=allow:allow
[2026-02-12T10:11:02.254125] [USER-CHECK] user=yl795 result=allow:allow
[2026-02-12T10:11:02.259681] [USER-CHECK] user=yl795 result=allow:allow
[2026-02-12T10:11:02.354001] [USER-CHECK] user=yl795 result=allow:allow
[2026-02-12T10:11:02.638188] [USER-CHECK] user=yl795 result=allow:allow
[2026-02-12T10:11:02.646304] [USER-CHECK] user=yl795 result=allow:allow
[2026-02-12T10:11:02.687253] [USER-CHECK] user=yl795 result=allow:allow
[2026-02-12T10:11:02.692346] [USER-CHECK] user=yl795 result=allow:allow
[2026-02-12T10:11:02.693203] [USER-CHECK] user=yl795 result=allow:allow
[2026-02-12T10:11:03.064355] [USER-CHECK] user=yl795 result=allow:allow
[2026-02-12T10:11:03.073326] [USER-CHECK] user=yl795 result=allow:allow
[2026-02-12T10:11:03.147706] [USER-CHECK] user=yl795 result=allow:allow
[2026-02-12T10:11:03.219635] [USER-CHECK] user=yl795 result=allow:allow
[2026-02-12T10:11:03.920295] [USER-CHECK] user=yl795 result=allow:allow
[2026-02-12T10:11:04.185630] [USER-CHECK] user=yl795 result=allow:allow
[2026-02-12T10:11:04.655907] [USER-CHECK] user=yl795 result=allow:allow
[2026-02-12T10:11:08.644063] [USER-CHECK] user=yl795 result=allow:allow
[2026-02-12T10:11:08.728414] [USER-CHECK] user=yl795 result=allow:allow
[2026-02-12T10:11:08.817139] [USER-CHECK] user=yl795 result=allow:allow
[2026-02-12T10:11:08.826653] [USER-CHECK] user=yl795 result=allow:allow
[2026-02-12T10:11:08.964639] [USER-CHECK] user=yl795 result=allow:allow
[2026-02-12T10:11:09.790030] [USER-CHECK] user=yl795 result=allow:allow
[2026-02-12T10:11:09.851423] [USER-CHECK] user=yl795 result=allow:allow
[2026-02-12T10:11:10.177160] [USER-CHECK] user=yl795 result=allow:allow
[2026-02-12T10:11:10.592679] [USER-CHECK] user=yl795 result=allow:allow
[2026-02-12T10:11:10.756707] [USER-CHECK] user=yl795 result=allow:allow
[2026-02-12T10:11:12.224525] [USER-CHECK] user=yl795 result=allow:allow
[2026-02-12T10:11:12.804013] [USER-CHECK] user=yl795 result=allow:allow
[2026-02-12T10:11:19.025958] [USER-CHECK] user=yl795 result=allow:allow
[2026-02-12T10:11:22.059303] [USER-CHECK] user=yl795 result=allow:allow
[2026-02-12T10:11:38.170871] [USER-CHECK] user=yl795 result=allow:allow
[2026-02-12T10:11:39.126723] [USER-CHECK] user=yl795 result=allow:allow
[2026-02-12T10:11:54.986486] [USER-CHECK] user=yl795 result=allow:allow
[2026-02-12T10:11:55.035954] [USER-CHECK] user=yl795 result=allow:allow
[2026-02-12T10:11:55.088881] [USER-CHECK] user=yl795 result=allow:allow
[2026-02-12T10:11:55.100927] [USER-CHECK] user=yl795 result=allow:allow
[2026-02-12T10:11:55.112707] [USER-CHECK] user=yl795 result=allow:allow
[2026-02-12T10:11:55.163114] [USER-CHECK] user=yl795 result=allow:allow
[2026-02-12T10:11:55.164505] [USER-CHECK] user=yl795 result=allow:allow
[2026-02-12T10:11:55.335833] [USER-CHECK] user=yl795 result=allow:allow
[2026-02-12T10:11:55.394957] [USER-CHECK] user=yl795 result=allow:allow
[2026-02-12T10:11:55.686879] [USER-CHECK] user=yl795 result=allow:allow
[2026-02-12T10:11:55.688580] [USER-CHECK] user=yl795 result=allow:allow
[2026-02-12T10:11:55.723194] [USER-CHECK] user=yl795 result=allow:allow
[2026-02-12T10:11:59.491511] [USER-CHECK] user=yl795 result=allow:allow
[2026-02-12T10:11:59.987578] [USER-CHECK] user=yl795 result=allow:allow
[2026-02-12T10:23:05.624959] [USER-CHECK] user=n5-testing4 result=allow:allow
[2026-02-12T10:23:05.626226] [USER-CHECK] user=n5-testing4 result=allow:allow
[2026-02-12T10:23:05.627884] [USER-CHECK] user=n5-testing4 result=allow:allow
[2026-02-12T10:23:05.628018] [USER-CHECK] user=n5-testing4 result=allow:allow
[2026-02-12T10:23:05.697868] [USER-CHECK] user=n5-testing4 result=allow:allow
[2026-02-12T10:23:07.471204] [USER-CHECK] user=n5-testing4 result=allow:allow
[2026-02-12T10:23:07.635759] [USER-CHECK] user=n5-testing4 result=allow:allow
[2026-02-12T10:23:07.658403] [USER-CHECK] user=n5-testing4 result=allow:allow
[2026-02-12T10:23:07.693983] [USER-CHECK] user=n5-testing4 result=allow:allow
[2026-02-12T10:23:07.767374] [USER-CHECK] user=n5-testing4 result=allow:allow
[2026-02-12T10:23:07.832479] [USER-CHECK] user=n5-testing4 result=allow:allow
[2026-02-12T10:23:07.859212] [USER-CHECK] user=n5-testing4 result=allow:allow
[2026-02-12T10:23:08.963475] [USER-CHECK] user=n5-testing4 result=allow:allow
[2026-02-12T10:23:09.748586] [USER-CHECK] user=n5-testing4 result=allow:allow
[2026-02-12T10:24:03.238487] [USER-CHECK] user=n5-testing4 result=allow:allow
[2026-02-12T10:24:09.274467] [USER-CHECK] user=n5-testing4 result=allow:allow
[2026-02-12T10:28:11.232514] [USER-CHECK] user=n5-testing4 result=allow:allow
[2026-02-12T10:28:12.296122] [USER-CHECK] user=n5-testing4 result=allow:allow
[2026-02-12T10:28:13.360393] [USER-CHECK] user=n5-testing4 result=allow:allow
[2026-02-12T10:28:14.458996] [USER-CHECK] user=n5-testing4 result=allow:allow
[2026-02-12T10:28:17.770113] [USER-CHECK] user=n5-testing4 result=allow:allow
[2026-02-12T10:28:21.031116] [USER-CHECK] user=n5-testing4 result=allow:allow
[2026-02-12T10:28:30.816709] [USER-CHECK] user=n5-testing4 result=allow:allow
[2026-02-12T10:28:43.793758] [USER-CHECK] user=n5-testing4 result=allow:allow
[2026-02-12T10:28:44.019509] [USER-CHECK] user=n5-testing4 result=allow:allow
[2026-02-12T10:28:44.350901] [USER-CHECK] user=n5-testing4 result=allow:allow
[2026-02-12T10:28:44.584686] [USER-CHECK] user=n5-testing4 result=allow:allow
[2026-02-12T10:28:44.741965] [USER-CHECK] user=n5-testing4 result=allow:allow
[2026-02-12T10:28:44.919543] [USER-CHECK] user=n5-testing4 result=allow:allow
[2026-02-12T10:28:45.293836] [USER-CHECK] user=n5-testing4 result=allow:allow
[2026-02-12T10:28:45.423119] [USER-CHECK] user=n5-testing4 result=allow:allow
[2026-02-12T10:28:45.568836] [USER-CHECK] user=n5-testing4 result=allow:allow
[2026-02-12T10:28:45.813451] [USER-CHECK] user=n5-testing4 result=allow:allow
[2026-02-12T10:28:45.881849] [USER-CHECK] user=n5-testing4 result=allow:allow
[2026-02-12T10:28:46.034028] [USER-CHECK] user=n5-testing4 result=allow:allow
[2026-02-12T10:28:46.405375] [USER-CHECK] user=n5-testing4 result=allow:allow
[2026-02-12T10:28:46.435485] [USER-CHECK] user=n5-testing4 result=allow:allow
[2026-02-12T10:28:47.070552] [USER-CHECK] user=n5-testing4 result=allow:allow
[2026-02-12T10:28:47.148521] [USER-CHECK] user=n5-testing4 result=allow:allow
[2026-02-12T10:28:47.776996] [USER-CHECK] user=n5-testing4 result=allow:allow
[2026-02-12T10:28:47.991325] [USER-CHECK] user=n5-testing4 result=allow:allow
[2026-02-12T10:28:48.001838] [USER-CHECK] user=n5-testing4 result=allow:allow
[2026-02-12T10:28:48.013430] [USER-CHECK] user=n5-testing4 result=allow:allow
[2026-02-12T10:28:49.073477] [USER-CHECK] user=n5-testing4 result=allow:allow
[2026-02-12T10:28:51.223968] [USER-CHECK] user=n5-testing4 result=allow:allow
[2026-02-12T10:28:52.350459] [USER-CHECK] user=n5-testing4 result=allow:allow
[2026-02-12T10:28:53.459382] [USER-CHECK] user=n5-testing4 result=allow:allow
[2026-02-12T10:29:12.790991] [USER-CHECK] user=n5-testing4 result=allow:allow
[2026-02-12T10:29:13.891527] [USER-CHECK] user=n5-testing4 result=allow:allow
[2026-02-12T10:29:18.365927] [USER-CHECK] user=n5-testing4 result=allow:allow
[2026-02-12T10:29:23.909136] [USER-CHECK] user=n5-testing4 result=allow:allow
[2026-02-12T10:29:25.019087] [USER-CHECK] user=n5-testing4 result=allow:allow
[2026-02-12T10:29:34.698428] [USER-CHECK] user=n5-testing4 result=allow:allow
[2026-02-12T10:29:35.780163] [USER-CHECK] user=n5-testing4 result=allow:allow
[2026-02-12T10:29:54.692037] [USER-CHECK] user=n5-testing4 result=allow:allow
[2026-02-12T10:29:54.769780] [USER-CHECK] user=n5-testing4 result=allow:allow
[2026-02-12T10:29:54.839931] [USER-CHECK] user=n5-testing4 result=allow:allow
[2026-02-12T10:29:54.844770] [USER-CHECK] user=n5-testing4 result=allow:allow
[2026-02-12T10:29:55.000399] [USER-CHECK] user=n5-testing4 result=allow:allow
[2026-02-12T10:29:55.009532] [USER-CHECK] user=n5-testing4 result=allow:allow
[2026-02-12T10:29:55.337392] [USER-CHECK] user=n5-testing4 result=allow:allow
[2026-02-12T10:29:55.667509] [USER-CHECK] user=n5-testing4 result=allow:allow
[2026-02-12T10:29:56.278810] [USER-CHECK] user=n5-testing4 result=allow:allow
[2026-02-12T10:29:57.193905] [USER-CHECK] user=n5-testing4 result=allow:allow
[2026-02-12T10:29:57.496985] [USER-CHECK] user=n5-testing4 result=allow:allow
[2026-02-12T10:29:58.401528] [USER-CHECK] user=n5-testing4 result=allow:allow
[2026-02-12T10:29:58.662756] [USER-CHECK] user=n5-testing4 result=allow:allow
[2026-02-12T10:29:58.826692] [USER-CHECK] user=n5-testing4 result=allow:allow
[2026-02-12T10:29:58.849352] [USER-CHECK] user=n5-testing4 result=allow:allow
[2026-02-12T10:29:59.096594] [USER-CHECK] user=n5-testing4 result=allow:allow
[2026-02-12T10:29:59.101427] [USER-CHECK] user=n5-testing4 result=allow:allow
[2026-02-12T10:29:59.442790] [USER-CHECK] user=n5-testing4 result=allow:allow
[2026-02-12T10:29:59.450032] [USER-CHECK] user=n5-testing4 result=allow:allow
[2026-02-12T10:29:59.559299] [USER-CHECK] user=n5-testing4 result=allow:allow
[2026-02-12T10:29:59.584234] [USER-CHECK] user=n5-testing4 result=allow:allow
[2026-02-12T10:30:00.796833] [USER-CHECK] user=n5-testing4 result=allow:allow
[2026-02-12T10:30:01.054740] [USER-CHECK] user=n5-testing4 result=allow:allow
[2026-02-12T10:30:01.062815] [USER-CHECK] user=n5-testing4 result=allow:allow
[2026-02-12T10:30:02.996707] [USER-CHECK] user=n5-testing4 result=allow:allow
[2026-02-12T10:30:06.372433] [USER-CHECK] user=n5-testing4 result=allow:allow
[2026-02-12T10:30:07.471075] [USER-CHECK] user=n5-testing4 result=allow:allow
[2026-02-12T10:30:21.603161] [USER-CHECK] user=n5-testing4 result=allow:allow
[2026-02-12T10:30:30.250875] [USER-CHECK] user=n5-testing4 result=allow:allow
[2026-02-12T10:30:32.433468] [USER-CHECK] user=n5-testing4 result=allow:allow
[2026-02-12T10:31:00.608320] [USER-CHECK] user=n5-testing4 result=allow:allow
[2026-02-12T10:31:00.712745] [USER-CHECK] user=n5-testing4 result=allow:allow
[2026-02-12T10:31:00.734344] [USER-CHECK] user=n5-testing4 result=allow:allow
[2026-02-12T10:31:00.744982] [USER-CHECK] user=n5-testing4 result=allow:allow
[2026-02-12T10:31:01.003704] [USER-CHECK] user=n5-testing4 result=allow:allow
[2026-02-12T10:31:01.119786] [USER-CHECK] user=n5-testing4 result=allow:allow
[2026-02-12T10:31:02.812387] [USER-CHECK] user=n5-testing4 result=allow:allow
[2026-02-12T10:31:03.101200] [USER-CHECK] user=n5-testing4 result=allow:allow
[2026-02-12T10:31:03.444801] [USER-CHECK] user=n5-testing4 result=allow:allow
[2026-02-12T10:31:03.870759] [USER-CHECK] user=n5-testing4 result=allow:allow
[2026-02-12T10:31:03.872172] [USER-CHECK] user=n5-testing4 result=allow:allow
[2026-02-12T10:31:04.010060] [USER-CHECK] user=n5-testing4 result=allow:allow
[2026-02-12T10:31:04.267940] [USER-CHECK] user=n5-testing4 result=allow:allow
[2026-02-12T10:31:04.279896] [USER-CHECK] user=n5-testing4 result=allow:allow
[2026-02-12T10:31:04.354039] [USER-CHECK] user=n5-testing4 result=allow:allow
[2026-02-12T10:31:04.522937] [USER-CHECK] user=n5-testing4 result=allow:allow
[2026-02-12T10:31:04.561366] [USER-CHECK] user=n5-testing4 result=allow:allow
[2026-02-12T10:31:04.586125] [USER-CHECK] user=n5-testing4 result=allow:allow
[2026-02-12T10:31:04.586849] [USER-CHECK] user=n5-testing4 result=allow:allow
[2026-02-12T10:31:04.655944] [USER-CHECK] user=n5-testing4 result=allow:allow
[2026-02-12T10:31:04.669329] [USER-CHECK] user=n5-testing4 result=allow:allow
[2026-02-12T10:31:04.868987] [USER-CHECK] user=n5-testing4 result=allow:allow
[2026-02-12T10:31:04.878617] [USER-CHECK] user=n5-testing4 result=allow:allow
[2026-02-12T10:31:04.949074] [USER-CHECK] user=n5-testing4 result=allow:allow
[2026-02-12T10:31:05.026082] [USER-CHECK] user=n5-testing4 result=allow:allow
[2026-02-12T10:31:06.035181] [USER-CHECK] user=n5-testing4 result=allow:allow
[2026-02-12T10:31:07.175428] [USER-CHECK] user=n5-testing4 result=allow:allow
[2026-02-12T10:31:07.426448] [USER-CHECK] user=n5-testing4 result=allow:allow
[2026-02-12T10:31:08.288172] [USER-CHECK] user=n5-testing4 result=allow:allow
[2026-02-12T10:31:13.782048] [USER-CHECK] user=n5-testing4 result=allow:allow
[2026-02-12T10:31:22.589010] [USER-CHECK] user=n5-testing4 result=allow:allow
[2026-02-12T10:31:53.828682] [USER-CHECK] user=n5-testing4 result=allow:allow
[2026-02-12T10:33:43.018999] [USER-CHECK] user=n5-testing4 result=allow:allow
[2026-02-12T10:33:43.107698] [USER-CHECK] user=n5-testing4 result=allow:allow
[2026-02-12T10:33:43.186811] [USER-CHECK] user=n5-testing4 result=allow:allow
[2026-02-12T10:33:43.198145] [USER-CHECK] user=n5-testing4 result=allow:allow
[2026-02-12T10:33:43.550191] [USER-CHECK] user=n5-testing4 result=allow:allow
[2026-02-12T10:33:43.840509] [USER-CHECK] user=n5-testing4 result=allow:allow
[2026-02-12T10:33:43.978173] [USER-CHECK] user=n5-testing4 result=allow:allow
[2026-02-12T10:33:44.165336] [USER-CHECK] user=n5-testing4 result=allow:allow
[2026-02-12T10:33:44.169378] [USER-CHECK] user=n5-testing4 result=allow:allow
[2026-02-12T10:33:44.186847] [USER-CHECK] user=n5-testing4 result=allow:allow
[2026-02-12T10:33:45.285913] [USER-CHECK] user=n5-testing4 result=allow:allow
[2026-02-12T10:33:46.185914] [USER-CHECK] user=n5-testing4 result=allow:allow
[2026-02-12T10:33:46.249144] [USER-CHECK] user=n5-testing4 result=allow:allow
[2026-02-12T10:33:46.870993] [USER-CHECK] user=n5-testing4 result=allow:allow
[2026-02-12T10:33:47.086148] [USER-CHECK] user=n5-testing4 result=allow:allow
[2026-02-12T10:33:47.090522] [USER-CHECK] user=n5-testing4 result=allow:allow
[2026-02-12T10:33:47.964126] [USER-CHECK] user=n5-testing4 result=allow:allow
[2026-02-12T10:33:48.369428] [USER-CHECK] user=n5-testing4 result=allow:allow
[2026-02-12T10:33:48.386674] [USER-CHECK] user=n5-testing4 result=allow:allow
[2026-02-12T10:33:48.531560] [USER-CHECK] user=n5-testing4 result=allow:allow
[2026-02-12T10:33:48.531863] [USER-CHECK] user=n5-testing4 result=allow:allow
[2026-02-12T10:33:48.551378] [USER-CHECK] user=n5-testing4 result=allow:allow
[2026-02-12T10:33:48.658275] [USER-CHECK] user=n5-testing4 result=allow:allow
[2026-02-12T10:33:48.667185] [USER-CHECK] user=n5-testing4 result=allow:allow
[2026-02-12T10:33:50.787017] [USER-CHECK] user=n5-testing4 result=allow:allow
[2026-02-12T10:33:52.946011] [USER-CHECK] user=n5-testing4 result=allow:allow
[2026-02-12T10:34:10.291314] [USER-CHECK] user=n5-testing4 result=allow:allow
[2026-02-12T10:34:10.494361] [USER-CHECK] user=n5-testing4 result=allow:allow
[2026-02-12T10:34:10.778324] [USER-CHECK] user=n5-testing4 result=allow:allow
[2026-02-12T10:34:11.569608] [USER-CHECK] user=n5-testing4 result=allow:allow
[2026-02-12T10:34:12.316391] [USER-CHECK] user=n5-testing4 result=allow:allow
[2026-02-12T10:34:12.512423] [USER-CHECK] user=n5-testing4 result=allow:allow
[2026-02-12T10:34:12.698209] [USER-CHECK] user=n5-testing4 result=allow:allow
[2026-02-12T10:34:12.815023] [USER-CHECK] user=n5-testing4 result=allow:allow
[2026-02-12T10:34:12.818382] [USER-CHECK] user=n5-testing4 result=allow:allow
[2026-02-12T10:34:12.903324] [USER-CHECK] user=n5-testing4 result=allow:allow
[2026-02-12T10:34:13.146608] [USER-CHECK] user=n5-testing4 result=allow:allow
[2026-02-12T10:34:13.910470] [USER-CHECK] user=n5-testing4 result=allow:allow
[2026-02-12T10:34:14.113179] [USER-CHECK] user=n5-testing4 result=allow:allow
[2026-02-12T10:34:14.190504] [USER-CHECK] user=n5-testing4 result=allow:allow
[2026-02-12T10:34:14.214644] [USER-CHECK] user=n5-testing4 result=allow:allow
[2026-02-12T10:34:14.592136] [USER-CHECK] user=n5-testing4 result=allow:allow
[2026-02-12T10:34:15.104791] [USER-CHECK] user=n5-testing4 result=allow:allow
[2026-02-12T10:34:15.123892] [USER-CHECK] user=n5-testing4 result=allow:allow
[2026-02-12T10:34:16.611817] [USER-CHECK] user=n5-testing4 result=allow:allow
[2026-02-12T10:34:16.721929] [USER-CHECK] user=n5-testing4 result=allow:allow
[2026-02-12T10:34:16.963811] [USER-CHECK] user=n5-testing4 result=allow:allow
[2026-02-12T10:34:18.779893] [USER-CHECK] user=n5-testing4 result=allow:allow
[2026-02-12T10:34:19.923551] [USER-CHECK] user=n5-testing4 result=allow:allow
[2026-02-12T10:34:20.991685] [USER-CHECK] user=n5-testing4 result=allow:allow
[2026-02-12T10:34:24.239779] [USER-CHECK] user=n5-testing4 result=allow:allow
[2026-02-12T10:34:38.233414] [USER-CHECK] user=n5-testing4 result=allow:allow
[2026-02-12T10:34:40.425054] [USER-CHECK] user=n5-testing4 result=allow:allow
[2026-02-12T10:34:41.501265] [USER-CHECK] user=n5-testing4 result=allow:allow
[2026-02-12T10:35:09.291726] [USER-CHECK] user=n5-testing4 result=allow:allow
[2026-02-12T10:35:09.696158] [USER-CHECK] user=n5-testing4 result=allow:allow
[2026-02-12T10:35:09.973600] [USER-CHECK] user=n5-testing4 result=allow:allow
[2026-02-12T10:35:10.158991] [USER-CHECK] user=n5-testing4 result=allow:allow
[2026-02-12T10:35:10.490958] [USER-CHECK] user=n5-testing4 result=allow:allow
[2026-02-12T10:35:10.981364] [USER-CHECK] user=n5-testing4 result=allow:allow
[2026-02-12T10:35:11.459020] [USER-CHECK] user=n5-testing4 result=allow:allow
[2026-02-12T10:35:11.778462] [USER-CHECK] user=n5-testing4 result=allow:allow
[2026-02-12T10:35:12.012344] [USER-CHECK] user=n5-testing4 result=allow:allow
[2026-02-12T10:35:12.228305] [USER-CHECK] user=n5-testing4 result=allow:allow
[2026-02-12T10:35:12.449699] [USER-CHECK] user=n5-testing4 result=allow:allow
[2026-02-12T10:35:12.553223] [USER-CHECK] user=n5-testing4 result=allow:allow
[2026-02-12T10:35:12.641568] [USER-CHECK] user=n5-testing4 result=allow:allow
[2026-02-12T10:35:12.690773] [USER-CHECK] user=n5-testing4 result=allow:allow
[2026-02-12T10:35:13.079398] [USER-CHECK] user=n5-testing4 result=allow:allow
[2026-02-12T10:35:13.247157] [USER-CHECK] user=n5-testing4 result=allow:allow
[2026-02-12T10:35:13.603910] [USER-CHECK] user=n5-testing4 result=allow:allow
[2026-02-12T10:35:13.827440] [USER-CHECK] user=n5-testing4 result=allow:allow
[2026-02-12T10:35:14.245295] [USER-CHECK] user=n5-testing4 result=allow:allow
[2026-02-12T10:35:15.313348] [USER-CHECK] user=n5-testing4 result=allow:allow
[2026-02-12T10:35:15.878267] [USER-CHECK] user=n5-testing4 result=allow:allow
[2026-02-12T10:35:15.895917] [USER-CHECK] user=n5-testing4 result=allow:allow
[2026-02-12T10:35:16.385904] [USER-CHECK] user=n5-testing4 result=allow:allow
[2026-02-12T10:35:17.446930] [USER-CHECK] user=n5-testing4 result=allow:allow
[2026-02-12T10:35:19.631387] [USER-CHECK] user=n5-testing4 result=allow:allow
[2026-02-12T10:35:26.101155] [USER-CHECK] user=n5-testing4 result=allow:allow
[2026-02-12T10:35:28.257775] [USER-CHECK] user=n5-testing4 result=allow:allow
[2026-02-12T10:35:43.228501] [USER-CHECK] user=n5-testing4 result=allow:allow
[2026-02-12T10:35:48.629738] [USER-CHECK] user=n5-testing4 result=allow:allow
[2026-02-12T10:35:52.999457] [USER-CHECK] user=n5-testing4 result=allow:allow
[2026-02-12T10:36:39.209608] [USER-CHECK] user=n5-testing4 result=allow:allow
[2026-02-12T10:38:18.858184] [USER-CHECK] user=n5-testing4 result=allow:allow
[2026-02-12T10:40:11.960241] [USER-CHECK] user=n5-testing4 result=allow:allow
[2026-02-12T10:40:11.960977] [USER-CHECK] user=n5-testing4 result=allow:allow
[2026-02-12T10:40:11.961020] [USER-CHECK] user=n5-testing4 result=allow:allow
[2026-02-12T10:40:11.968197] [USER-CHECK] user=n5-testing4 result=allow:allow
[2026-02-12T10:40:11.984588] [USER-CHECK] user=n5-testing4 result=allow:allow
[2026-02-12T10:40:12.114354] [USER-CHECK] user=n5-testing4 result=allow:allow
[2026-02-12T10:40:12.168257] [USER-CHECK] user=n5-testing4 result=allow:allow
[2026-02-12T10:40:12.471279] [USER-CHECK] user=n5-testing4 result=allow:allow
[2026-02-12T10:40:12.529142] [USER-CHECK] user=n5-testing4 result=allow:allow
[2026-02-12T10:40:12.585544] [USER-CHECK] user=n5-testing4 result=allow:allow
[2026-02-12T10:40:12.939840] [USER-CHECK] user=n5-testing4 result=allow:allow
[2026-02-12T10:40:13.393309] [USER-CHECK] user=n5-testing4 result=allow:allow
[2026-02-12T10:40:13.625703] [USER-CHECK] user=n5-testing4 result=allow:allow
[2026-02-12T10:40:14.040226] [USER-CHECK] user=n5-testing4 result=allow:allow
[2026-02-12T10:40:14.261443] [USER-CHECK] user=n5-testing4 result=allow:allow
[2026-02-12T10:40:14.332294] [USER-CHECK] user=n5-testing4 result=allow:allow
[2026-02-12T10:43:47.431725] [USER-CHECK] user=n5-testing4 result=allow:allow
[2026-02-12T10:43:47.598939] [USER-CHECK] user=n5-testing4 result=allow:allow
[2026-02-12T10:43:48.433094] [USER-CHECK] user=n5-testing4 result=allow:allow
[2026-02-12T10:43:48.480389] [USER-CHECK] user=n5-testing4 result=allow:allow
[2026-02-12T10:43:48.536728] [USER-CHECK] user=n5-testing4 result=allow:allow
[2026-02-12T10:43:48.563246] [USER-CHECK] user=n5-testing4 result=allow:allow
[2026-02-12T10:43:48.836984] [USER-CHECK] user=n5-testing4 result=allow:allow
[2026-02-12T10:43:48.986200] [USER-CHECK] user=n5-testing4 result=allow:allow
[2026-02-12T10:43:49.148557] [USER-CHECK] user=n5-testing4 result=allow:allow
[2026-02-12T10:43:49.173368] [USER-CHECK] user=n5-testing4 result=allow:allow
[2026-02-12T10:43:49.303598] [USER-CHECK] user=n5-testing4 result=allow:allow
[2026-02-12T10:43:49.339880] [USER-CHECK] user=n5-testing4 result=allow:allow
[2026-02-12T10:43:49.481690] [USER-CHECK] user=n5-testing4 result=allow:allow
[2026-02-12T10:43:49.739276] [USER-CHECK] user=n5-testing4 result=allow:allow
[2026-02-12T10:43:49.980280] [USER-CHECK] user=n5-testing4 result=allow:allow
[2026-02-12T10:43:50.010981] [USER-CHECK] user=n5-testing4 result=allow:allow
[2026-02-12T10:43:50.048922] [USER-CHECK] user=n5-testing4 result=allow:allow
[2026-02-12T10:43:50.943079] [USER-CHECK] user=n5-testing4 result=allow:allow
[2026-02-12T10:43:51.315066] [USER-CHECK] user=n5-testing4 result=allow:allow
[2026-02-12T10:43:51.603108] [USER-CHECK] user=n5-testing4 result=allow:allow
[2026-02-12T10:43:51.662670] [USER-CHECK] user=n5-testing4 result=allow:allow
[2026-02-12T10:43:51.712655] [USER-CHECK] user=n5-testing4 result=allow:allow
[2026-02-12T10:43:51.903127] [USER-CHECK] user=n5-testing4 result=allow:allow
[2026-02-12T10:43:53.067440] [USER-CHECK] user=n5-testing4 result=allow:allow
[2026-02-12T10:43:53.889927] [USER-CHECK] user=n5-testing4 result=allow:allow
[2026-02-12T10:43:53.929857] [USER-CHECK] user=n5-testing4 result=allow:allow
[2026-02-12T10:43:53.952905] [USER-CHECK] user=n5-testing4 result=allow:allow
[2026-02-12T10:43:53.978697] [USER-CHECK] user=n5-testing4 result=allow:allow
[2026-02-12T10:43:54.005887] [USER-CHECK] user=n5-testing4 result=allow:allow
[2026-02-12T10:43:54.095769] [USER-CHECK] user=n5-testing4 result=allow:allow
[2026-02-12T10:43:55.819049] [USER-CHECK] user=n5-testing4 result=allow:allow
[2026-02-12T10:43:57.661973] [USER-CHECK] user=n5-testing4 result=allow:allow
[2026-02-12T10:43:57.835803] [USER-CHECK] user=n5-testing4 result=allow:allow
[2026-02-12T10:43:57.899992] [USER-CHECK] user=n5-testing4 result=allow:allow
[2026-02-12T10:43:58.109951] [USER-CHECK] user=n5-testing4 result=allow:allow
[2026-02-12T10:43:58.275066] [USER-CHECK] user=n5-testing4 result=allow:allow
[2026-02-12T10:43:59.099842] [USER-CHECK] user=n5-testing4 result=allow:allow
[2026-02-12T10:43:59.186983] [USER-CHECK] user=n5-testing4 result=allow:allow
[2026-02-12T10:44:01.545928] [USER-CHECK] user=n5-testing4 result=allow:allow
[2026-02-12T10:44:02.307595] [USER-CHECK] user=n5-testing4 result=allow:allow
[2026-02-12T10:44:03.532644] [USER-CHECK] user=n5-testing4 result=allow:allow
[2026-02-12T10:44:07.319279] [USER-CHECK] user=n5-testing4 result=allow:allow
[2026-02-12T10:44:08.663204] [USER-CHECK] user=n5-testing4 result=allow:allow
[2026-02-12T10:44:09.893606] [USER-CHECK] user=n5-testing4 result=allow:allow
[2026-02-12T10:44:17.796715] [USER-CHECK] user=n5-testing4 result=allow:allow
[2026-02-12T10:44:30.213358] [USER-CHECK] user=n5-testing4 result=allow:allow
[2026-02-12T10:45:03.899944] [USER-CHECK] user=n5-testing4 result=allow:allow
[2026-02-12T10:45:03.912122] [USER-CHECK] user=n5-testing4 result=allow:allow
[2026-02-12T10:45:03.942095] [USER-CHECK] user=n5-testing4 result=allow:allow
[2026-02-12T10:45:04.211994] [USER-CHECK] user=n5-testing4 result=allow:allow
[2026-02-12T10:45:04.546965] [USER-CHECK] user=n5-testing4 result=allow:allow
[2026-02-12T10:45:04.850072] [USER-CHECK] user=n5-testing4 result=allow:allow
[2026-02-12T10:45:05.478679] [USER-CHECK] user=n5-testing4 result=allow:allow
[2026-02-12T10:45:05.584349] [USER-CHECK] user=n5-testing4 result=allow:allow
[2026-02-12T10:45:05.627612] [USER-CHECK] user=n5-testing4 result=allow:allow
[2026-02-12T10:45:05.671608] [USER-CHECK] user=n5-testing4 result=allow:allow
[2026-02-12T10:45:05.703417] [USER-CHECK] user=n5-testing4 result=allow:allow
[2026-02-12T10:45:06.231342] [USER-CHECK] user=n5-testing4 result=allow:allow
[2026-02-12T10:45:06.237520] [USER-CHECK] user=n5-testing4 result=allow:allow
[2026-02-12T10:45:06.916886] [USER-CHECK] user=n5-testing4 result=allow:allow
[2026-02-12T10:45:06.928771] [USER-CHECK] user=n5-testing4 result=allow:allow
[2026-02-12T10:45:06.941972] [USER-CHECK] user=n5-testing4 result=allow:allow
[2026-02-12T10:45:06.987809] [USER-CHECK] user=n5-testing4 result=allow:allow
[2026-02-12T10:45:07.167920] [USER-CHECK] user=n5-testing4 result=allow:allow
[2026-02-12T10:45:07.249894] [USER-CHECK] user=n5-testing4 result=allow:allow
[2026-02-12T10:45:07.268002] [USER-CHECK] user=n5-testing4 result=allow:allow
[2026-02-12T10:45:07.418023] [USER-CHECK] user=n5-testing4 result=allow:allow
[2026-02-12T10:45:07.440964] [USER-CHECK] user=n5-testing4 result=allow:allow
[2026-02-12T10:45:07.638892] [USER-CHECK] user=n5-testing4 result=allow:allow
[2026-02-12T10:45:08.063448] [USER-CHECK] user=n5-testing4 result=allow:allow
[2026-02-12T10:45:08.310665] [USER-CHECK] user=n5-testing4 result=allow:allow
[2026-02-12T10:45:08.422978] [USER-CHECK] user=n5-testing4 result=allow:allow
[2026-02-12T10:45:08.776011] [USER-CHECK] user=n5-testing4 result=allow:allow
[2026-02-12T10:45:09.553214] [USER-CHECK] user=n5-testing4 result=allow:allow
[2026-02-12T10:45:09.554850] [USER-CHECK] user=n5-testing4 result=allow:allow
[2026-02-12T10:45:09.581869] [USER-CHECK] user=n5-testing4 result=allow:allow
[2026-02-12T10:45:11.240856] [USER-CHECK] user=n5-testing4 result=allow:allow
[2026-02-12T10:45:12.435005] [USER-CHECK] user=n5-testing4 result=allow:allow
[2026-02-12T10:45:15.870138] [USER-CHECK] user=n5-testing4 result=allow:allow
[2026-02-12T10:45:16.189917] [USER-CHECK] user=n5-testing4 result=allow:allow
[2026-02-12T10:45:16.518920] [USER-CHECK] user=n5-testing4 result=allow:allow
[2026-02-12T10:45:18.034624] [USER-CHECK] user=n5-testing4 result=allow:allow
[2026-02-12T10:45:19.714242] [USER-CHECK] user=n5-testing4 result=allow:allow
[2026-02-12T10:45:19.995828] [USER-CHECK] user=n5-testing4 result=allow:allow
[2026-02-12T10:45:20.209827] [USER-CHECK] user=n5-testing4 result=allow:allow
[2026-02-12T10:45:23.315834] [USER-CHECK] user=n5-testing4 result=allow:allow
[2026-02-12T10:45:25.984265] [USER-CHECK] user=n5-testing4 result=allow:allow
[2026-02-12T10:46:39.414095] [USER-CHECK] user=n5-testing4 result=allow:allow
[2026-02-12T10:46:40.813053] [USER-CHECK] user=n5-testing4 result=allow:allow
[2026-02-12T10:47:12.311129] [USER-CHECK] user=n5-testing4 result=allow:allow
[2026-02-12T10:47:12.317327] [USER-CHECK] user=n5-testing4 result=allow:allow
[2026-02-12T10:47:12.815906] [USER-CHECK] user=n5-testing4 result=allow:allow
[2026-02-12T10:47:12.845223] [USER-CHECK] user=n5-testing4 result=allow:allow
[2026-02-12T10:47:12.880817] [USER-CHECK] user=n5-testing4 result=allow:allow
[2026-02-12T10:47:13.062242] [USER-CHECK] user=n5-testing4 result=allow:allow
[2026-02-12T10:47:13.078143] [USER-CHECK] user=n5-testing4 result=allow:allow
[2026-02-12T10:47:13.528983] [USER-CHECK] user=n5-testing4 result=allow:allow
[2026-02-12T10:47:13.607927] [USER-CHECK] user=n5-testing4 result=allow:allow
[2026-02-12T10:47:13.657000] [USER-CHECK] user=n5-testing4 result=allow:allow
[2026-02-12T10:47:13.703520] [USER-CHECK] user=n5-testing4 result=allow:allow
[2026-02-12T10:47:13.769803] [USER-CHECK] user=n5-testing4 result=allow:allow
[2026-02-12T10:47:13.777063] [USER-CHECK] user=n5-testing4 result=allow:allow
[2026-02-12T10:47:14.127816] [USER-CHECK] user=n5-testing4 result=allow:allow
[2026-02-12T10:47:15.363926] [USER-CHECK] user=n5-testing4 result=allow:allow
[2026-02-12T10:47:15.364666] [USER-CHECK] user=n5-testing4 result=allow:allow
[2026-02-12T10:47:15.399378] [USER-CHECK] user=n5-testing4 result=allow:allow
[2026-02-12T10:47:15.416673] [USER-CHECK] user=n5-testing4 result=allow:allow
[2026-02-12T10:47:15.451734] [USER-CHECK] user=n5-testing4 result=allow:allow
[2026-02-12T10:47:15.482222] [USER-CHECK] user=n5-testing4 result=allow:allow
[2026-02-12T10:47:15.687045] [USER-CHECK] user=n5-testing4 result=allow:allow
[2026-02-12T10:47:15.743363] [USER-CHECK] user=n5-testing4 result=allow:allow
[2026-02-12T10:47:15.983521] [USER-CHECK] user=n5-testing4 result=allow:allow
[2026-02-12T10:47:16.048257] [USER-CHECK] user=n5-testing4 result=allow:allow
[2026-02-12T10:47:16.286500] [USER-CHECK] user=n5-testing4 result=allow:allow
[2026-02-12T10:47:16.287517] [USER-CHECK] user=n5-testing4 result=allow:allow
[2026-02-12T10:47:16.535837] [USER-CHECK] user=n5-testing4 result=allow:allow
[2026-02-12T10:47:16.543169] [USER-CHECK] user=n5-testing4 result=allow:allow
[2026-02-12T10:47:16.568874] [USER-CHECK] user=n5-testing4 result=allow:allow
[2026-02-12T10:47:16.791903] [USER-CHECK] user=n5-testing4 result=allow:allow
[2026-02-12T10:47:17.614554] [USER-CHECK] user=n5-testing4 result=allow:allow
[2026-02-12T10:47:18.348771] [USER-CHECK] user=n5-testing4 result=allow:allow
[2026-02-12T10:47:18.378817] [USER-CHECK] user=n5-testing4 result=allow:allow
[2026-02-12T10:47:18.445839] [USER-CHECK] user=n5-testing4 result=allow:allow
[2026-02-12T10:47:18.509897] [USER-CHECK] user=n5-testing4 result=allow:allow
[2026-02-12T10:47:21.668240] [USER-CHECK] user=n5-testing4 result=allow:allow
[2026-02-12T10:47:23.626233] [USER-CHECK] user=n5-testing4 result=allow:allow
[2026-02-12T10:47:23.673258] [USER-CHECK] user=n5-testing4 result=allow:allow
[2026-02-12T10:47:24.334282] [USER-CHECK] user=n5-testing4 result=allow:allow
[2026-02-12T10:47:25.240879] [USER-CHECK] user=n5-testing4 result=allow:allow
[2026-02-12T10:56:38.287208] [USER-CHECK] user=n5-testing4 result=allow:allow
[2026-02-12T10:56:38.287259] [USER-CHECK] user=n5-testing4 result=allow:allow
[2026-02-12T10:56:38.315930] [USER-CHECK] user=n5-testing4 result=allow:allow
[2026-02-12T10:56:38.316501] [USER-CHECK] user=n5-testing4 result=allow:allow
[2026-02-12T10:56:38.325218] [USER-CHECK] user=n5-testing4 result=allow:allow
[2026-02-12T10:56:38.388354] [USER-CHECK] user=n5-testing4 result=allow:allow
[2026-02-12T10:56:38.540455] [USER-CHECK] user=n5-testing4 result=allow:allow
[2026-02-12T10:56:38.752516] [USER-CHECK] user=n5-testing4 result=allow:allow
[2026-02-12T10:56:38.809049] [USER-CHECK] user=n5-testing4 result=allow:allow
[2026-02-12T10:56:38.916360] [USER-CHECK] user=n5-testing4 result=allow:allow
[2026-02-12T10:56:39.099930] [USER-CHECK] user=n5-testing4 result=allow:allow
[2026-02-12T10:56:39.270341] [USER-CHECK] user=n5-testing4 result=allow:allow
[2026-02-12T10:56:39.683304] [USER-CHECK] user=n5-testing4 result=allow:allow
[2026-02-12T10:56:39.777414] [USER-CHECK] user=n5-testing4 result=allow:allow
[2026-02-12T10:56:56.068257] [USER-CHECK] user=n5-testing4 result=allow:allow
[2026-02-12T10:59:52.999353] [USER-CHECK] user=n5-testing4 result=allow:allow
[2026-02-12T11:05:05.126173] [USER-CHECK] user=n5-testing4 result=allow:allow
[2026-02-12T11:05:05.197695] [USER-CHECK] user=n5-testing4 result=allow:allow
[2026-02-12T11:05:05.203949] [USER-CHECK] user=n5-testing4 result=allow:allow
[2026-02-12T11:05:05.211803] [USER-CHECK] user=n5-testing4 result=allow:allow
[2026-02-12T11:05:05.219884] [USER-CHECK] user=n5-testing4 result=allow:allow
[2026-02-12T11:05:05.255666] [USER-CHECK] user=n5-testing4 result=allow:allow
[2026-02-12T11:05:05.376844] [USER-CHECK] user=n5-testing4 result=allow:allow
[2026-02-12T11:05:05.536926] [USER-CHECK] user=n5-testing4 result=allow:allow
[2026-02-12T11:05:05.590765] [USER-CHECK] user=n5-testing4 result=allow:allow
[2026-02-12T11:05:05.592174] [USER-CHECK] user=n5-testing4 result=allow:allow
[2026-02-12T11:05:05.602775] [USER-CHECK] user=n5-testing4 result=allow:allow
[2026-02-12T11:05:05.602717] [USER-CHECK] user=n5-testing4 result=allow:allow
[2026-02-12T11:05:05.673439] [USER-CHECK] user=n5-testing4 result=allow:allow
[2026-02-12T11:05:05.699766] [USER-CHECK] user=n5-testing4 result=allow:allow
[2026-02-12T11:05:05.762896] [USER-CHECK] user=n5-testing4 result=allow:allow
[2026-02-12T11:05:05.789378] [USER-CHECK] user=n5-testing4 result=allow:allow
[2026-02-12T11:05:05.789595] [USER-CHECK] user=n5-testing4 result=allow:allow
[2026-02-12T11:05:05.831127] [USER-CHECK] user=n5-testing4 result=allow:allow
[2026-02-12T11:05:05.986920] [USER-CHECK] user=n5-testing4 result=allow:allow
[2026-02-12T11:05:06.266111] [USER-CHECK] user=n5-testing4 result=allow:allow
[2026-02-12T11:05:06.271625] [USER-CHECK] user=n5-testing4 result=allow:allow
[2026-02-12T11:05:06.433499] [USER-CHECK] user=n5-testing4 result=allow:allow
[2026-02-12T11:05:07.621547] [USER-CHECK] user=n5-testing4 result=allow:allow
[2026-02-12T11:05:07.835877] [USER-CHECK] user=n5-testing4 result=allow:allow
[2026-02-12T11:05:08.077036] [USER-CHECK] user=n5-testing4 result=allow:allow
[2026-02-12T11:05:09.197011] [USER-CHECK] user=n5-testing4 result=allow:allow
[2026-02-12T11:05:09.334696] [USER-CHECK] user=n5-testing4 result=allow:allow
[2026-02-12T11:05:09.394849] [USER-CHECK] user=n5-testing4 result=allow:allow
[2026-02-12T11:05:09.655210] [USER-CHECK] user=n5-testing4 result=allow:allow
[2026-02-12T11:05:10.878797] [USER-CHECK] user=n5-testing4 result=allow:allow
[2026-02-12T11:05:10.974709] [USER-CHECK] user=n5-testing4 result=allow:allow
[2026-02-12T11:05:10.985954] [USER-CHECK] user=n5-testing4 result=allow:allow
[2026-02-12T11:05:11.963666] [USER-CHECK] user=n5-testing4 result=allow:allow
[2026-02-12T11:05:12.010850] [USER-CHECK] user=n5-testing4 result=allow:allow
[2026-02-12T11:05:12.035003] [USER-CHECK] user=n5-testing4 result=allow:allow
[2026-02-12T11:05:12.050613] [USER-CHECK] user=n5-testing4 result=allow:allow
[2026-02-12T11:05:16.134808] [USER-CHECK] user=n5-testing4 result=allow:allow
[2026-02-12T11:05:16.533102] [USER-CHECK] user=n5-testing4 result=allow:allow
[2026-02-12T11:05:16.558774] [USER-CHECK] user=n5-testing4 result=allow:allow
[2026-02-12T11:05:16.898089] [USER-CHECK] user=n5-testing4 result=allow:allow
[2026-02-12T11:05:17.395593] [USER-CHECK] user=n5-testing4 result=allow:allow
[2026-02-12T11:05:18.008655] [USER-CHECK] user=n5-testing4 result=allow:allow
[2026-02-12T11:05:20.879029] [USER-CHECK] user=n5-testing4 result=allow:allow
[2026-02-12T11:05:20.930733] [USER-CHECK] user=n5-testing4 result=allow:allow
[2026-02-12T11:05:20.979554] [USER-CHECK] user=n5-testing4 result=allow:allow
[2026-02-12T11:05:25.214273] [USER-CHECK] user=n5-testing4 result=allow:allow
[2026-02-12T11:05:27.217891] [USER-CHECK] user=n5-testing4 result=allow:allow
[2026-02-12T11:05:27.661787] [USER-CHECK] user=n5-testing4 result=allow:allow
[2026-02-12T11:05:47.195241] [USER-CHECK] user=n5-testing5 result=no_user_tags
[2026-02-12T11:05:48.324223] [USER-CHECK] user=n5-testing5 result=no_user_tags
[2026-02-12T11:05:49.416161] [USER-CHECK] user=n5-testing5 result=no_user_tags
[2026-02-12T11:05:50.518081] [USER-CHECK] user=n5-testing5 result=no_user_tags
[2026-02-12T11:05:51.673789] [USER-CHECK] user=n5-testing5 result=no_user_tags
[2026-02-12T11:05:53.826754] [USER-CHECK] user=n5-testing5 result=no_user_tags
[2026-02-12T11:06:18.498878] [USER-CHECK] user=n5-testing4 result=allow:allow
[2026-02-12T11:06:21.386996] [USER-CHECK] user=n5-testing4 result=allow:allow
[2026-02-12T11:06:34.832689] [USER-CHECK] user=n5-testing result=allow:allow
[2026-02-12T11:06:37.673987] [USER-CHECK] user=n5-testing result=allow:allow
[2026-02-12T11:06:41.238747] [USER-CHECK] user=n5-testing result=allow:allow
[2026-02-12T11:06:55.102318] [USER-CHECK] user=n5-testing2 result=allow:allow
[2026-02-12T11:06:56.901912] [USER-CHECK] user=n5-testing2 result=allow:allow
[2026-02-12T11:07:00.633050] [USER-CHECK] user=n5-testing2 result=allow:allow
[2026-02-12T11:07:15.344716] [USER-CHECK] user=n5-testing3 result=no_user_tags
[2026-02-12T11:07:16.674688] [USER-CHECK] user=n5-testing3 result=no_user_tags
[2026-02-12T11:07:17.828510] [USER-CHECK] user=n5-testing3 result=no_user_tags
[2026-02-12T11:07:18.983880] [USER-CHECK] user=n5-testing3 result=no_user_tags
[2026-02-12T11:07:33.597771] [USER-CHECK] user=n5-testing5 result=no_user_tags
[2026-02-12T11:07:34.726536] [USER-CHECK] user=n5-testing5 result=no_user_tags
[2026-02-12T11:08:38.213797] [USER-CHECK] user=n5-testing4 result=allow:allow
[2026-02-12T11:08:39.833494] [USER-CHECK] user=n5-testing4 result=allow:allow
[2026-02-12T11:08:41.612785] [USER-CHECK] user=n5-testing4 result=allow:allow
[2026-02-12T11:08:49.467115] [USER-CHECK] user=n5-testing4 result=allow:allow
[2026-02-12T11:08:50.327430] [USER-CHECK] user=n5-testing4 result=allow:allow
[2026-02-12T11:08:51.503182] [USER-CHECK] user=n5-testing4 result=allow:allow
[2026-02-12T11:08:53.073941] [USER-CHECK] user=n5-testing4 result=allow:allow
[2026-02-12T11:08:55.092532] [USER-CHECK] user=n5-testing4 result=allow:allow
[2026-02-12T11:08:56.935788] [USER-CHECK] user=n5-testing4 result=allow:allow
[2026-02-12T11:09:40.675974] [USER-CHECK] user=n5-testing4 result=allow:allow
[2026-02-12T11:09:41.646163] [USER-CHECK] user=n5-testing4 result=allow:allow
[2026-02-12T11:09:41.683842] [USER-CHECK] user=n5-testing4 result=allow:allow
[2026-02-12T11:09:42.612108] [USER-CHECK] user=n5-testing4 result=allow:allow
[2026-02-12T11:09:42.729803] [USER-CHECK] user=n5-testing4 result=allow:allow
[2026-02-12T11:09:42.743781] [USER-CHECK] user=n5-testing4 result=allow:allow
[2026-02-12T11:09:42.809853] [USER-CHECK] user=n5-testing4 result=allow:allow
[2026-02-12T11:09:42.811193] [USER-CHECK] user=n5-testing4 result=allow:allow
[2026-02-12T11:09:42.872107] [USER-CHECK] user=n5-testing4 result=allow:allow
[2026-02-12T11:09:42.882783] [USER-CHECK] user=n5-testing4 result=allow:allow
[2026-02-12T11:09:43.039439] [USER-CHECK] user=n5-testing4 result=allow:allow
[2026-02-12T11:09:43.232663] [USER-CHECK] user=n5-testing4 result=allow:allow
[2026-02-12T11:09:43.281907] [USER-CHECK] user=n5-testing4 result=allow:allow
[2026-02-12T11:09:43.316333] [USER-CHECK] user=n5-testing4 result=allow:allow
[2026-02-12T11:09:43.334554] [USER-CHECK] user=n5-testing4 result=allow:allow
[2026-02-12T11:09:43.455824] [USER-CHECK] user=n5-testing4 result=allow:allow
[2026-02-12T11:09:43.486663] [USER-CHECK] user=n5-testing4 result=allow:allow
[2026-02-12T11:09:43.495118] [USER-CHECK] user=n5-testing4 result=allow:allow
[2026-02-12T11:09:43.499592] [USER-CHECK] user=n5-testing4 result=allow:allow
[2026-02-12T11:09:43.551699] [USER-CHECK] user=n5-testing4 result=allow:allow
[2026-02-12T11:09:43.648885] [USER-CHECK] user=n5-testing4 result=allow:allow
[2026-02-12T11:09:43.687715] [USER-CHECK] user=n5-testing4 result=allow:allow
[2026-02-12T11:09:43.787341] [USER-CHECK] user=n5-testing4 result=allow:allow
[2026-02-12T11:09:43.814500] [USER-CHECK] user=n5-testing4 result=allow:allow
[2026-02-12T11:09:43.835080] [USER-CHECK] user=n5-testing4 result=allow:allow
[2026-02-12T11:09:44.274255] [USER-CHECK] user=n5-testing4 result=allow:allow
[2026-02-12T11:09:46.650621] [USER-CHECK] user=n5-testing4 result=allow:allow
[2026-02-12T11:09:46.910683] [USER-CHECK] user=n5-testing4 result=allow:allow
[2026-02-12T11:09:47.109928] [USER-CHECK] user=n5-testing4 result=allow:allow
[2026-02-12T11:09:47.182907] [USER-CHECK] user=n5-testing4 result=allow:allow
[2026-02-12T11:09:47.328850] [USER-CHECK] user=n5-testing4 result=allow:allow
[2026-02-12T11:09:47.482228] [USER-CHECK] user=n5-testing4 result=allow:allow
[2026-02-12T11:09:47.507018] [USER-CHECK] user=n5-testing4 result=allow:allow
[2026-02-12T11:09:47.509101] [USER-CHECK] user=n5-testing4 result=allow:allow
[2026-02-12T11:09:47.693762] [USER-CHECK] user=n5-testing4 result=allow:allow
[2026-02-12T11:09:48.576943] [USER-CHECK] user=n5-testing4 result=allow:allow
[2026-02-12T11:09:48.627912] [USER-CHECK] user=n5-testing4 result=allow:allow
[2026-02-12T11:09:48.736899] [USER-CHECK] user=n5-testing4 result=allow:allow
[2026-02-12T11:09:49.105226] [USER-CHECK] user=n5-testing4 result=allow:allow
[2026-02-12T11:09:49.386074] [USER-CHECK] user=n5-testing4 result=allow:allow
[2026-02-12T11:09:49.449920] [USER-CHECK] user=n5-testing4 result=allow:allow
[2026-02-12T11:09:49.468275] [USER-CHECK] user=n5-testing4 result=allow:allow
[2026-02-12T11:09:52.799885] [USER-CHECK] user=n5-testing4 result=allow:allow
[2026-02-12T11:09:52.844023] [USER-CHECK] user=n5-testing4 result=allow:allow
[2026-02-12T11:09:52.882357] [USER-CHECK] user=n5-testing4 result=allow:allow
[2026-02-12T11:09:52.884524] [USER-CHECK] user=n5-testing4 result=allow:allow
[2026-02-12T11:09:53.196671] [USER-CHECK] user=n5-testing4 result=allow:allow
[2026-02-12T11:09:53.273742] [USER-CHECK] user=n5-testing4 result=allow:allow
[2026-02-12T11:09:53.317947] [USER-CHECK] user=n5-testing4 result=allow:allow
[2026-02-12T11:09:55.253004] [USER-CHECK] user=n5-testing4 result=allow:allow
[2026-02-12T11:09:55.337427] [USER-CHECK] user=n5-testing4 result=allow:allow
[2026-02-12T11:09:55.400549] [USER-CHECK] user=n5-testing4 result=allow:allow
[2026-02-12T11:09:55.703891] [USER-CHECK] user=n5-testing4 result=allow:allow
[2026-02-12T11:09:55.817404] [USER-CHECK] user=n5-testing4 result=allow:allow
[2026-02-12T11:09:55.883165] [USER-CHECK] user=n5-testing4 result=allow:allow
[2026-02-12T11:10:38.041888] [USER-CHECK] user=n5-testing4 result=allow:allow
[2026-02-12T11:10:40.854865] [USER-CHECK] user=n5-testing4 result=allow:allow
[2026-02-12T11:10:40.909834] [USER-CHECK] user=n5-testing4 result=allow:allow
[2026-02-12T11:10:41.064776] [USER-CHECK] user=n5-testing4 result=allow:allow
[2026-02-12T11:10:41.270792] [USER-CHECK] user=n5-testing4 result=allow:allow
[2026-02-12T11:10:41.297979] [USER-CHECK] user=n5-testing4 result=allow:allow
[2026-02-12T11:10:41.859510] [USER-CHECK] user=n5-testing4 result=allow:allow
[2026-02-12T11:10:41.922874] [USER-CHECK] user=n5-testing4 result=allow:allow
[2026-02-12T11:10:41.987120] [USER-CHECK] user=n5-testing4 result=allow:allow
[2026-02-12T11:10:42.001184] [USER-CHECK] user=n5-testing4 result=allow:allow
[2026-02-12T11:10:42.061735] [USER-CHECK] user=n5-testing4 result=allow:allow
[2026-02-12T11:10:42.115885] [USER-CHECK] user=n5-testing4 result=allow:allow
[2026-02-12T11:10:42.146407] [USER-CHECK] user=n5-testing4 result=allow:allow
[2026-02-12T11:10:42.194292] [USER-CHECK] user=n5-testing4 result=allow:allow
[2026-02-12T11:10:42.567003] [USER-CHECK] user=n5-testing4 result=allow:allow
[2026-02-12T11:10:42.846850] [USER-CHECK] user=n5-testing4 result=allow:allow
[2026-02-12T11:10:42.968828] [USER-CHECK] user=n5-testing4 result=allow:allow
[2026-02-12T11:10:42.971406] [USER-CHECK] user=n5-testing4 result=allow:allow
[2026-02-12T11:10:43.018775] [USER-CHECK] user=n5-testing4 result=allow:allow
[2026-02-12T11:10:43.031644] [USER-CHECK] user=n5-testing4 result=allow:allow
[2026-02-12T11:10:43.065961] [USER-CHECK] user=n5-testing4 result=allow:allow
[2026-02-12T11:10:43.710749] [USER-CHECK] user=n5-testing4 result=allow:allow
[2026-02-12T11:10:44.064692] [USER-CHECK] user=n5-testing4 result=allow:allow
[2026-02-12T11:10:44.230643] [USER-CHECK] user=n5-testing4 result=allow:allow
[2026-02-12T11:10:44.237785] [USER-CHECK] user=n5-testing4 result=allow:allow
[2026-02-12T11:10:44.273924] [USER-CHECK] user=n5-testing4 result=allow:allow
[2026-02-12T11:10:44.282299] [USER-CHECK] user=n5-testing4 result=allow:allow
[2026-02-12T11:10:44.306449] [USER-CHECK] user=n5-testing4 result=allow:allow
[2026-02-12T11:10:44.376567] [USER-CHECK] user=n5-testing4 result=allow:allow
[2026-02-12T11:10:44.833913] [USER-CHECK] user=n5-testing4 result=allow:allow
[2026-02-12T11:10:44.913670] [USER-CHECK] user=n5-testing4 result=allow:allow
[2026-02-12T11:10:45.077960] [USER-CHECK] user=n5-testing4 result=allow:allow
[2026-02-12T11:10:45.182950] [USER-CHECK] user=n5-testing4 result=allow:allow
[2026-02-12T11:10:45.508287] [USER-CHECK] user=n5-testing4 result=allow:allow
[2026-02-12T11:10:45.575834] [USER-CHECK] user=n5-testing4 result=allow:allow
[2026-02-12T11:10:45.596284] [USER-CHECK] user=n5-testing4 result=allow:allow
[2026-02-12T11:10:45.620177] [USER-CHECK] user=n5-testing4 result=allow:allow
[2026-02-12T11:10:46.034800] [USER-CHECK] user=n5-testing4 result=allow:allow
[2026-02-12T11:10:46.052792] [USER-CHECK] user=n5-testing4 result=allow:allow
[2026-02-12T11:10:46.120097] [USER-CHECK] user=n5-testing4 result=allow:allow
[2026-02-12T11:10:46.147659] [USER-CHECK] user=n5-testing4 result=allow:allow
[2026-02-12T11:10:46.290229] [USER-CHECK] user=n5-testing4 result=allow:allow
[2026-02-12T11:10:46.707898] [USER-CHECK] user=n5-testing4 result=allow:allow
[2026-02-12T11:10:46.809864] [USER-CHECK] user=n5-testing4 result=allow:allow
[2026-02-12T11:10:46.911520] [USER-CHECK] user=n5-testing4 result=allow:allow
[2026-02-12T11:10:46.940724] [USER-CHECK] user=n5-testing4 result=allow:allow
[2026-02-12T11:10:47.034889] [USER-CHECK] user=n5-testing4 result=allow:allow
[2026-02-12T11:10:47.081122] [USER-CHECK] user=n5-testing4 result=allow:allow
[2026-02-12T11:10:48.222306] [USER-CHECK] user=n5-testing4 result=allow:allow
[2026-02-12T11:10:54.366576] [USER-CHECK] user=n5-testing4 result=allow:allow
[2026-02-12T11:10:54.576004] [USER-CHECK] user=n5-testing4 result=allow:allow
[2026-02-12T11:10:55.008025] [USER-CHECK] user=n5-testing4 result=allow:allow
[2026-02-12T11:10:58.264050] [USER-CHECK] user=n5-testing4 result=allow:allow
[2026-02-12T11:11:02.284377] [USER-CHECK] user=n5-testing4 result=allow:allow
[2026-02-12T11:11:04.371152] [USER-CHECK] user=n5-testing4 result=allow:allow
[2026-02-12T11:11:11.916304] [USER-CHECK] user=n5-testing4 result=allow:allow
[2026-02-12T11:11:13.543862] [USER-CHECK] user=n5-testing4 result=allow:allow
[2026-02-12T11:11:20.349908] [USER-CHECK] user=n5-testing4 result=allow:allow
[2026-02-12T11:11:25.429975] [USER-CHECK] user=n5-testing4 result=allow:allow
[2026-02-12T11:11:29.587129] [USER-CHECK] user=n5-testing4 result=allow:allow
[2026-02-12T11:11:53.748017] [USER-CHECK] user=n5-testing4 result=allow:allow
[2026-02-12T11:12:06.295400] [USER-CHECK] user=n5-testing4 result=allow:allow
[2026-02-12T11:12:33.010524] [USER-CHECK] user=n5-testing4 result=allow:allow
[2026-02-12T11:12:33.163853] [USER-CHECK] user=n5-testing4 result=allow:allow
[2026-02-12T11:12:36.359761] [USER-CHECK] user=n5-testing4 result=allow:allow
[2026-02-12T11:12:36.494857] [USER-CHECK] user=n5-testing4 result=allow:allow
[2026-02-12T11:12:36.649638] [USER-CHECK] user=n5-testing4 result=allow:allow
[2026-02-12T11:12:36.711492] [USER-CHECK] user=n5-testing4 result=allow:allow
[2026-02-12T11:12:36.717650] [USER-CHECK] user=n5-testing4 result=allow:allow
[2026-02-12T11:12:36.727661] [USER-CHECK] user=n5-testing4 result=allow:allow
[2026-02-12T11:12:36.746821] [USER-CHECK] user=n5-testing4 result=allow:allow
[2026-02-12T11:12:36.776104] [USER-CHECK] user=n5-testing4 result=allow:allow
[2026-02-12T11:12:36.834410] [USER-CHECK] user=n5-testing4 result=allow:allow
[2026-02-12T11:12:36.843682] [USER-CHECK] user=n5-testing4 result=allow:allow
[2026-02-12T11:12:36.875007] [USER-CHECK] user=n5-testing4 result=allow:allow
[2026-02-12T11:12:37.922512] [USER-CHECK] user=n5-testing4 result=allow:allow
[2026-02-12T11:12:37.959071] [USER-CHECK] user=n5-testing4 result=allow:allow
[2026-02-12T11:12:37.962318] [USER-CHECK] user=n5-testing4 result=allow:allow
[2026-02-12T11:12:37.998892] [USER-CHECK] user=n5-testing4 result=allow:allow
[2026-02-12T11:12:38.021881] [USER-CHECK] user=n5-testing4 result=allow:allow
[2026-02-12T11:12:38.084162] [USER-CHECK] user=n5-testing4 result=allow:allow
[2026-02-12T11:12:39.184995] [USER-CHECK] user=n5-testing4 result=allow:allow
[2026-02-12T11:12:39.335817] [USER-CHECK] user=n5-testing4 result=allow:allow
[2026-02-12T11:12:39.390626] [USER-CHECK] user=n5-testing4 result=allow:allow
[2026-02-12T11:12:39.391293] [USER-CHECK] user=n5-testing4 result=allow:allow
[2026-02-12T11:12:40.561871] [USER-CHECK] user=n5-testing4 result=allow:allow
[2026-02-12T11:12:41.103737] [USER-CHECK] user=n5-testing4 result=allow:allow
[2026-02-12T11:12:41.173684] [USER-CHECK] user=n5-testing4 result=allow:allow
[2026-02-12T11:12:41.336977] [USER-CHECK] user=n5-testing4 result=allow:allow
[2026-02-12T11:12:41.395007] [USER-CHECK] user=n5-testing4 result=allow:allow
[2026-02-12T11:12:41.419685] [USER-CHECK] user=n5-testing4 result=allow:allow
[2026-02-12T11:12:41.430511] [USER-CHECK] user=n5-testing4 result=allow:allow
[2026-02-12T11:12:42.300663] [USER-CHECK] user=n5-testing4 result=allow:allow
[2026-02-12T11:12:42.352916] [USER-CHECK] user=n5-testing4 result=allow:allow
[2026-02-12T11:12:42.406906] [USER-CHECK] user=n5-testing4 result=allow:allow
[2026-02-12T11:12:42.772829] [USER-CHECK] user=n5-testing4 result=allow:allow
[2026-02-12T11:12:42.826700] [USER-CHECK] user=n5-testing4 result=allow:allow
[2026-02-12T11:12:42.858978] [USER-CHECK] user=n5-testing4 result=allow:allow
[2026-02-12T11:12:42.861888] [USER-CHECK] user=n5-testing4 result=allow:allow
[2026-02-12T11:12:42.873365] [USER-CHECK] user=n5-testing4 result=allow:allow
[2026-02-12T11:12:42.900296] [USER-CHECK] user=n5-testing4 result=allow:allow
[2026-02-12T11:12:43.278658] [USER-CHECK] user=n5-testing4 result=allow:allow
[2026-02-12T11:12:43.401688] [USER-CHECK] user=n5-testing4 result=allow:allow
[2026-02-12T11:12:44.889689] [USER-CHECK] user=n5-testing4 result=allow:allow
[2026-02-12T11:12:45.121858] [USER-CHECK] user=n5-testing4 result=allow:allow
[2026-02-12T11:12:45.283804] [USER-CHECK] user=n5-testing4 result=allow:allow
[2026-02-12T11:12:45.346425] [USER-CHECK] user=n5-testing4 result=allow:allow
[2026-02-12T11:12:45.410070] [USER-CHECK] user=n5-testing4 result=allow:allow
[2026-02-12T11:12:47.550458] [USER-CHECK] user=n5-testing4 result=allow:allow
[2026-02-12T11:12:47.655028] [USER-CHECK] user=n5-testing4 result=allow:allow
[2026-02-12T11:12:47.688249] [USER-CHECK] user=n5-testing4 result=allow:allow
[2026-02-12T11:12:48.217323] [USER-CHECK] user=n5-testing4 result=allow:allow
[2026-02-12T11:12:48.513934] [USER-CHECK] user=n5-testing4 result=allow:allow
[2026-02-12T11:12:48.676797] [USER-CHECK] user=n5-testing4 result=allow:allow
[2026-02-12T11:12:49.379220] [USER-CHECK] user=n5-testing4 result=allow:allow
[2026-02-12T11:12:49.450304] [USER-CHECK] user=n5-testing4 result=allow:allow
[2026-02-12T11:12:50.879988] [USER-CHECK] user=n5-testing4 result=allow:allow
[2026-02-12T11:12:51.148458] [USER-CHECK] user=n5-testing4 result=allow:allow
[2026-02-12T11:12:51.240258] [USER-CHECK] user=n5-testing4 result=allow:allow
[2026-02-12T11:12:53.846300] [USER-CHECK] user=n5-testing4 result=allow:allow
[2026-02-12T11:12:58.756249] [USER-CHECK] user=n5-testing4 result=allow:allow
[2026-02-12T11:13:16.728836] [USER-CHECK] user=n5-testing4 result=allow:allow
[2026-02-12T11:13:19.517773] [USER-CHECK] user=n5-testing4 result=allow:allow
[2026-02-12T11:13:19.581050] [USER-CHECK] user=n5-testing4 result=allow:allow
[2026-02-12T11:13:19.635311] [USER-CHECK] user=n5-testing4 result=allow:allow
[2026-02-12T11:13:19.644734] [USER-CHECK] user=n5-testing4 result=allow:allow
[2026-02-12T11:13:19.657953] [USER-CHECK] user=n5-testing4 result=allow:allow
[2026-02-12T11:13:19.711777] [USER-CHECK] user=n5-testing4 result=allow:allow
[2026-02-12T11:13:19.720293] [USER-CHECK] user=n5-testing4 result=allow:allow
[2026-02-12T11:13:19.763477] [USER-CHECK] user=n5-testing4 result=allow:allow
[2026-02-12T11:13:22.013645] [USER-CHECK] user=n5-testing4 result=allow:allow
[2026-02-12T11:13:22.049830] [USER-CHECK] user=n5-testing4 result=allow:allow
[2026-02-12T11:13:22.072645] [USER-CHECK] user=n5-testing4 result=allow:allow
[2026-02-12T11:13:22.400662] [USER-CHECK] user=n5-testing4 result=allow:allow
[2026-02-12T11:13:22.484949] [USER-CHECK] user=n5-testing4 result=allow:allow
[2026-02-12T11:13:22.494995] [USER-CHECK] user=n5-testing4 result=allow:allow
[2026-02-12T11:13:22.511865] [USER-CHECK] user=n5-testing4 result=allow:allow
[2026-02-12T11:13:22.629852] [USER-CHECK] user=n5-testing4 result=allow:allow
[2026-02-12T11:13:22.637739] [USER-CHECK] user=n5-testing4 result=allow:allow
[2026-02-12T11:13:22.681040] [USER-CHECK] user=n5-testing4 result=allow:allow
[2026-02-12T11:13:23.029893] [USER-CHECK] user=n5-testing4 result=allow:allow
[2026-02-12T11:13:23.132288] [USER-CHECK] user=n5-testing4 result=allow:allow
[2026-02-12T11:13:23.149189] [USER-CHECK] user=n5-testing4 result=allow:allow
[2026-02-12T11:13:23.224021] [USER-CHECK] user=n5-testing4 result=allow:allow
[2026-02-12T11:13:23.231921] [USER-CHECK] user=n5-testing4 result=allow:allow
[2026-02-12T11:13:23.342827] [USER-CHECK] user=n5-testing4 result=allow:allow
[2026-02-12T11:13:23.349524] [USER-CHECK] user=n5-testing4 result=allow:allow
[2026-02-12T11:13:23.390769] [USER-CHECK] user=n5-testing4 result=allow:allow
[2026-02-12T11:13:23.392654] [USER-CHECK] user=n5-testing4 result=allow:allow
[2026-02-12T11:13:23.500988] [USER-CHECK] user=n5-testing4 result=allow:allow
[2026-02-12T11:13:23.535121] [USER-CHECK] user=n5-testing4 result=allow:allow
[2026-02-12T11:13:23.548424] [USER-CHECK] user=n5-testing4 result=allow:allow
[2026-02-12T11:13:23.817851] [USER-CHECK] user=n5-testing4 result=allow:allow
[2026-02-12T11:13:23.872014] [USER-CHECK] user=n5-testing4 result=allow:allow
[2026-02-12T11:13:23.881690] [USER-CHECK] user=n5-testing4 result=allow:allow
[2026-02-12T11:13:23.962165] [USER-CHECK] user=n5-testing4 result=allow:allow
[2026-02-12T11:13:24.071300] [USER-CHECK] user=n5-testing4 result=allow:allow
[2026-02-12T11:13:24.294464] [USER-CHECK] user=n5-testing4 result=allow:allow
[2026-02-12T11:13:24.677405] [USER-CHECK] user=n5-testing4 result=allow:allow
[2026-02-12T11:13:24.765232] [USER-CHECK] user=n5-testing4 result=allow:allow
[2026-02-12T11:13:25.786406] [USER-CHECK] user=n5-testing4 result=allow:allow
[2026-02-12T11:13:26.050814] [USER-CHECK] user=n5-testing4 result=allow:allow
[2026-02-12T11:13:26.094947] [USER-CHECK] user=n5-testing4 result=allow:allow
[2026-02-12T11:13:26.241193] [USER-CHECK] user=n5-testing4 result=allow:allow
[2026-02-12T11:13:27.160827] [USER-CHECK] user=n5-testing4 result=allow:allow
[2026-02-12T11:13:27.266809] [USER-CHECK] user=n5-testing4 result=allow:allow
[2026-02-12T11:13:27.429938] [USER-CHECK] user=n5-testing4 result=allow:allow
[2026-02-12T11:13:27.461084] [USER-CHECK] user=n5-testing4 result=allow:allow
[2026-02-12T11:13:27.841834] [USER-CHECK] user=n5-testing4 result=allow:allow
[2026-02-12T11:13:27.990891] [USER-CHECK] user=n5-testing4 result=allow:allow
[2026-02-12T11:13:28.114979] [USER-CHECK] user=n5-testing4 result=allow:allow
[2026-02-12T11:13:28.183498] [USER-CHECK] user=n5-testing4 result=allow:allow
[2026-02-12T11:13:30.639766] [USER-CHECK] user=n5-testing4 result=allow:allow
[2026-02-12T11:13:30.783212] [USER-CHECK] user=n5-testing4 result=allow:allow
[2026-02-12T11:13:30.794760] [USER-CHECK] user=n5-testing4 result=allow:allow
[2026-02-12T11:13:34.425175] [USER-CHECK] user=n5-testing4 result=allow:allow
[2026-02-12T11:13:34.490284] [USER-CHECK] user=n5-testing4 result=allow:allow
[2026-02-12T11:13:34.571820] [USER-CHECK] user=n5-testing4 result=allow:allow
[2026-02-12T11:13:36.694137] [USER-CHECK] user=n5-testing4 result=allow:allow
[2026-02-12T11:13:40.725393] [USER-CHECK] user=n5-testing4 result=allow:allow
[2026-02-12T11:13:46.610791] [USER-CHECK] user=n5-testing4 result=allow:allow
[2026-02-12T11:13:50.593960] [USER-CHECK] user=n5-testing4 result=allow:allow
[2026-02-12T11:13:53.354348] [USER-CHECK] user=n5-testing4 result=allow:allow
[2026-02-12T11:13:55.203834] [USER-CHECK] user=n5-testing4 result=allow:allow
[2026-02-12T11:15:01.485119] [USER-CHECK] user=n5-testing4 result=allow:allow
[2026-02-12T11:18:45.492016] [USER-CHECK] user=n5-testing result=allow:allow
[2026-02-12T11:18:45.493353] [USER-CHECK] user=n5-testing result=allow:allow
[2026-02-12T11:18:45.604016] [USER-CHECK] user=n5-testing result=allow:allow
[2026-02-12T11:18:45.657054] [USER-CHECK] user=n5-testing result=allow:allow
[2026-02-12T11:18:45.657196] [USER-CHECK] user=n5-testing result=allow:allow
[2026-02-12T11:18:45.663237] [USER-CHECK] user=n5-testing result=allow:allow
[2026-02-12T11:18:45.688565] [USER-CHECK] user=n5-testing result=allow:allow
[2026-02-12T11:18:45.765967] [USER-CHECK] user=n5-testing result=allow:allow
[2026-02-12T11:18:45.916210] [USER-CHECK] user=n5-testing result=allow:allow
[2026-02-12T11:18:45.981776] [USER-CHECK] user=n5-testing result=allow:allow
[2026-02-12T11:18:46.144714] [USER-CHECK] user=n5-testing result=allow:allow
[2026-02-12T11:18:46.399975] [USER-CHECK] user=n5-testing result=allow:allow
[2026-02-12T11:18:47.224675] [USER-CHECK] user=n5-testing result=allow:allow
[2026-02-12T11:18:47.581222] [USER-CHECK] user=n5-testing result=allow:allow
[2026-02-12T11:18:47.985127] [USER-CHECK] user=n5-testing result=allow:allow
[2026-02-12T11:18:50.084185] [USER-CHECK] user=n5-testing result=allow:allow
[2026-02-12T11:26:12.498902] [USER-CHECK] user=n5-testing result=allow:allow
[2026-02-12T11:26:12.635885] [USER-CHECK] user=n5-testing4 result=allow:allow
[2026-02-12T11:26:15.700637] [USER-CHECK] user=n5-testing4 result=allow:allow
[2026-02-12T11:26:15.821864] [USER-CHECK] user=n5-testing4 result=allow:allow
[2026-02-12T11:26:15.879841] [USER-CHECK] user=n5-testing4 result=allow:allow
[2026-02-12T11:26:15.917785] [USER-CHECK] user=n5-testing4 result=allow:allow
[2026-02-12T11:26:15.957644] [USER-CHECK] user=n5-testing result=allow:allow
[2026-02-12T11:26:16.002854] [USER-CHECK] user=n5-testing4 result=allow:allow
[2026-02-12T11:26:16.020757] [USER-CHECK] user=n5-testing4 result=allow:allow
[2026-02-12T11:26:16.050646] [USER-CHECK] user=n5-testing result=allow:allow
[2026-02-12T11:26:16.069868] [USER-CHECK] user=n5-testing4 result=allow:allow
[2026-02-12T11:26:16.109843] [USER-CHECK] user=n5-testing4 result=allow:allow
[2026-02-12T11:26:16.179946] [USER-CHECK] user=n5-testing result=allow:allow
[2026-02-12T11:26:16.189716] [USER-CHECK] user=n5-testing4 result=allow:allow
[2026-02-12T11:26:16.251747] [USER-CHECK] user=n5-testing4 result=allow:allow
[2026-02-12T11:26:16.267871] [USER-CHECK] user=n5-testing4 result=allow:allow
[2026-02-12T11:26:16.271949] [USER-CHECK] user=n5-testing4 result=allow:allow
[2026-02-12T11:26:16.400771] [USER-CHECK] user=n5-testing4 result=allow:allow
[2026-02-12T11:26:16.971680] [USER-CHECK] user=n5-testing result=allow:allow
[2026-02-12T11:26:17.041473] [USER-CHECK] user=n5-testing4 result=allow:allow
[2026-02-12T11:26:17.123649] [USER-CHECK] user=n5-testing4 result=allow:allow
[2026-02-12T11:26:17.128945] [USER-CHECK] user=n5-testing4 result=allow:allow
[2026-02-12T11:26:17.935672] [USER-CHECK] user=n5-testing result=allow:allow
[2026-02-12T11:26:18.021939] [USER-CHECK] user=n5-testing4 result=allow:allow
[2026-02-12T11:26:18.025696] [USER-CHECK] user=n5-testing4 result=allow:allow
[2026-02-12T11:26:18.026087] [USER-CHECK] user=n5-testing result=allow:allow
[2026-02-12T11:26:18.080644] [USER-CHECK] user=n5-testing4 result=allow:allow
[2026-02-12T11:26:18.090705] [USER-CHECK] user=n5-testing4 result=allow:allow
[2026-02-12T11:26:18.098822] [USER-CHECK] user=n5-testing4 result=allow:allow
[2026-02-12T11:26:18.125953] [USER-CHECK] user=n5-testing4 result=allow:allow
[2026-02-12T11:26:18.764911] [USER-CHECK] user=n5-testing4 result=allow:allow
[2026-02-12T11:26:19.346667] [USER-CHECK] user=n5-testing4 result=allow:allow
[2026-02-12T11:26:19.397656] [USER-CHECK] user=n5-testing4 result=allow:allow
[2026-02-12T11:26:19.422282] [USER-CHECK] user=n5-testing result=allow:allow
[2026-02-12T11:26:19.443059] [USER-CHECK] user=n5-testing4 result=allow:allow
[2026-02-12T11:26:19.465664] [USER-CHECK] user=n5-testing4 result=allow:allow
[2026-02-12T11:26:19.523607] [USER-CHECK] user=n5-testing4 result=allow:allow
[2026-02-12T11:26:19.599850] [USER-CHECK] user=n5-testing result=allow:allow
[2026-02-12T11:26:19.607650] [USER-CHECK] user=n5-testing4 result=allow:allow
[2026-02-12T11:26:19.643959] [USER-CHECK] user=n5-testing result=allow:allow
[2026-02-12T11:26:19.670953] [USER-CHECK] user=n5-testing4 result=allow:allow
[2026-02-12T11:26:19.794306] [USER-CHECK] user=n5-testing result=allow:allow
[2026-02-12T11:26:19.868672] [USER-CHECK] user=n5-testing4 result=allow:allow
[2026-02-12T11:26:19.877993] [USER-CHECK] user=n5-testing4 result=allow:allow
[2026-02-12T11:26:19.986864] [USER-CHECK] user=n5-testing result=allow:allow
[2026-02-12T11:26:19.987743] [USER-CHECK] user=n5-testing4 result=allow:allow
[2026-02-12T11:26:20.115792] [USER-CHECK] user=n5-testing4 result=allow:allow
[2026-02-12T11:26:20.125046] [USER-CHECK] user=n5-testing4 result=allow:allow
[2026-02-12T11:26:20.327718] [USER-CHECK] user=n5-testing result=allow:allow
[2026-02-12T11:26:20.465929] [USER-CHECK] user=n5-testing4 result=allow:allow
[2026-02-12T11:26:20.519096] [USER-CHECK] user=n5-testing4 result=allow:allow
[2026-02-12T11:26:20.592888] [USER-CHECK] user=n5-testing4 result=allow:allow
[2026-02-12T11:26:20.641493] [USER-CHECK] user=n5-testing4 result=allow:allow
[2026-02-12T11:26:20.651886] [USER-CHECK] user=n5-testing4 result=allow:allow
[2026-02-12T11:26:21.031587] [USER-CHECK] user=n5-testing4 result=allow:allow
[2026-02-12T11:26:24.225693] [USER-CHECK] user=n5-testing result=allow:allow
[2026-02-12T11:26:24.262466] [USER-CHECK] user=n5-testing4 result=allow:allow
[2026-02-12T11:26:24.313418] [USER-CHECK] user=n5-testing4 result=allow:allow
[2026-02-12T11:26:24.339386] [USER-CHECK] user=n5-testing4 result=allow:allow
[2026-02-12T11:26:24.358792] [USER-CHECK] user=n5-testing4 result=allow:allow
[2026-02-12T11:26:24.399683] [USER-CHECK] user=n5-testing4 result=allow:allow
[2026-02-12T11:26:24.521818] [USER-CHECK] user=n5-testing result=allow:allow
[2026-02-12T11:26:24.522906] [USER-CHECK] user=n5-testing4 result=allow:allow
[2026-02-12T11:26:24.573997] [USER-CHECK] user=n5-testing4 result=allow:allow
[2026-02-12T11:26:24.596992] [USER-CHECK] user=n5-testing4 result=allow:allow
[2026-02-12T11:26:26.176361] [USER-CHECK] user=n5-testing4 result=allow:allow
[2026-02-12T11:26:26.593707] [USER-CHECK] user=n5-testing4 result=allow:allow
[2026-02-12T11:26:26.888834] [USER-CHECK] user=n5-testing result=allow:allow
[2026-02-12T11:26:26.997795] [USER-CHECK] user=n5-testing4 result=allow:allow
[2026-02-12T11:26:27.083955] [USER-CHECK] user=n5-testing4 result=allow:allow
[2026-02-12T11:26:27.118492] [USER-CHECK] user=n5-testing4 result=allow:allow
[2026-02-12T11:26:30.165463] [USER-CHECK] user=n5-testing4 result=allow:allow
[2026-02-12T11:26:34.167944] [USER-CHECK] user=n5-testing4 result=allow:allow
[2026-02-12T11:26:36.008533] [USER-CHECK] user=n5-testing4 result=allow:allow
[2026-02-12T11:26:38.006642] [USER-CHECK] user=n5-testing4 result=allow:allow
[2026-02-12T11:27:10.005665] [USER-CHECK] user=n5-testing4 result=allow:allow
[2026-02-12T11:27:10.078798] [USER-CHECK] user=n5-testing4 result=allow:allow
[2026-02-12T11:27:10.111871] [USER-CHECK] user=n5-testing result=allow:allow
[2026-02-12T11:27:10.178012] [USER-CHECK] user=n5-testing4 result=allow:allow
[2026-02-12T11:27:10.347917] [USER-CHECK] user=n5-testing4 result=allow:allow
[2026-02-12T11:27:10.410627] [USER-CHECK] user=n5-testing4 result=allow:allow
[2026-02-12T11:27:10.426768] [USER-CHECK] user=n5-testing4 result=allow:allow
[2026-02-12T11:27:10.446869] [USER-CHECK] user=n5-testing4 result=allow:allow
[2026-02-12T11:27:10.471727] [USER-CHECK] user=n5-testing result=allow:allow
[2026-02-12T11:27:10.485866] [USER-CHECK] user=n5-testing4 result=allow:allow
[2026-02-12T11:27:10.497670] [USER-CHECK] user=n5-testing4 result=allow:allow
[2026-02-12T11:27:10.586845] [USER-CHECK] user=n5-testing result=allow:allow
[2026-02-12T11:27:10.650364] [USER-CHECK] user=n5-testing4 result=allow:allow
[2026-02-12T11:27:10.737794] [USER-CHECK] user=n5-testing result=allow:allow
[2026-02-12T11:27:10.764473] [USER-CHECK] user=n5-testing4 result=allow:allow
[2026-02-12T11:27:10.797818] [USER-CHECK] user=n5-testing4 result=allow:allow
[2026-02-12T11:27:10.823752] [USER-CHECK] user=n5-testing4 result=allow:allow
[2026-02-12T11:27:11.731779] [USER-CHECK] user=n5-testing4 result=allow:allow
[2026-02-12T11:27:11.771274] [USER-CHECK] user=n5-testing4 result=allow:allow
[2026-02-12T11:27:11.804368] [USER-CHECK] user=n5-testing result=allow:allow
[2026-02-12T11:27:11.812730] [USER-CHECK] user=n5-testing4 result=allow:allow
[2026-02-12T11:27:12.210806] [USER-CHECK] user=n5-testing result=allow:allow
[2026-02-12T11:27:12.250933] [USER-CHECK] user=n5-testing4 result=allow:allow
[2026-02-12T11:27:12.258802] [USER-CHECK] user=n5-testing4 result=allow:allow
[2026-02-12T11:27:12.283534] [USER-CHECK] user=n5-testing4 result=allow:allow
[2026-02-12T11:27:12.302781] [USER-CHECK] user=n5-testing4 result=allow:allow
[2026-02-12T11:27:12.321003] [USER-CHECK] user=n5-testing4 result=allow:allow
[2026-02-12T11:27:12.803655] [USER-CHECK] user=n5-testing result=allow:allow
[2026-02-12T11:27:12.981870] [USER-CHECK] user=n5-testing4 result=allow:allow
[2026-02-12T11:27:13.185919] [USER-CHECK] user=n5-testing4 result=allow:allow
[2026-02-12T11:27:13.235880] [USER-CHECK] user=n5-testing result=allow:allow
[2026-02-12T11:27:13.238991] [USER-CHECK] user=n5-testing4 result=allow:allow
[2026-02-12T11:27:13.338265] [USER-CHECK] user=n5-testing4 result=allow:allow
[2026-02-12T11:27:13.363143] [USER-CHECK] user=n5-testing4 result=allow:allow
[2026-02-12T11:27:13.439415] [USER-CHECK] user=n5-testing4 result=allow:allow
[2026-02-12T11:27:13.555758] [USER-CHECK] user=n5-testing4 result=allow:allow
[2026-02-12T11:27:14.697682] [USER-CHECK] user=n5-testing4 result=allow:allow
[2026-02-12T11:27:14.739221] [USER-CHECK] user=n5-testing4 result=allow:allow
[2026-02-12T11:27:14.763916] [USER-CHECK] user=n5-testing result=allow:allow
[2026-02-12T11:27:14.808938] [USER-CHECK] user=n5-testing4 result=allow:allow
[2026-02-12T11:27:15.115329] [USER-CHECK] user=n5-testing4 result=allow:allow
[2026-02-12T11:27:15.211258] [USER-CHECK] user=n5-testing4 result=allow:allow
[2026-02-12T11:27:16.349764] [USER-CHECK] user=n5-testing4 result=allow:allow
[2026-02-12T11:27:17.290670] [USER-CHECK] user=n5-testing4 result=allow:allow
[2026-02-12T11:27:17.385683] [USER-CHECK] user=n5-testing4 result=allow:allow
[2026-02-12T11:27:17.418721] [USER-CHECK] user=n5-testing4 result=allow:allow
[2026-02-12T11:27:17.478669] [USER-CHECK] user=n5-testing4 result=allow:allow
[2026-02-12T11:27:17.557025] [USER-CHECK] user=n5-testing4 result=allow:allow
[2026-02-12T11:27:17.566087] [USER-CHECK] user=n5-testing4 result=allow:allow
[2026-02-12T11:27:17.589157] [USER-CHECK] user=n5-testing result=allow:allow
[2026-02-12T11:27:17.601740] [USER-CHECK] user=n5-testing4 result=allow:allow
[2026-02-12T11:27:17.732819] [USER-CHECK] user=n5-testing4 result=allow:allow
[2026-02-12T11:27:17.744743] [USER-CHECK] user=n5-testing result=allow:allow
[2026-02-12T11:27:17.796667] [USER-CHECK] user=n5-testing result=allow:allow
[2026-02-12T11:27:17.804978] [USER-CHECK] user=n5-testing4 result=allow:allow
[2026-02-12T11:27:17.862632] [USER-CHECK] user=n5-testing4 result=allow:allow
[2026-02-12T11:27:17.877399] [USER-CHECK] user=n5-testing result=allow:allow
[2026-02-12T11:27:17.940801] [USER-CHECK] user=n5-testing4 result=allow:allow
[2026-02-12T11:27:18.124885] [USER-CHECK] user=n5-testing4 result=allow:allow
[2026-02-12T11:27:18.219132] [USER-CHECK] user=n5-testing4 result=allow:allow
[2026-02-12T11:27:18.416780] [USER-CHECK] user=n5-testing4 result=allow:allow
[2026-02-12T11:27:20.556718] [USER-CHECK] user=n5-testing4 result=allow:allow
[2026-02-12T11:27:20.652727] [USER-CHECK] user=n5-testing4 result=allow:allow
[2026-02-12T11:27:20.806928] [USER-CHECK] user=n5-testing result=allow:allow
[2026-02-12T11:27:20.848669] [USER-CHECK] user=n5-testing4 result=allow:allow
[2026-02-12T11:27:20.857083] [USER-CHECK] user=n5-testing4 result=allow:allow
[2026-02-12T11:27:23.084708] [USER-CHECK] user=n5-testing4 result=allow:allow
[2026-02-12T11:27:23.340436] [USER-CHECK] user=n5-testing4 result=allow:allow
[2026-02-12T11:27:23.411008] [USER-CHECK] user=n5-testing4 result=allow:allow
[2026-02-12T11:27:23.492340] [USER-CHECK] user=n5-testing4 result=allow:allow
[2026-02-12T11:27:23.607953] [USER-CHECK] user=n5-testing result=allow:allow
[2026-02-12T11:27:24.905927] [USER-CHECK] user=n5-testing result=allow:allow
[2026-02-12T11:27:25.959350] [USER-CHECK] user=n5-testing4 result=allow:allow
[2026-02-12T11:27:26.290359] [USER-CHECK] user=n5-testing4 result=allow:allow
[2026-02-12T11:27:26.384440] [USER-CHECK] user=n5-testing4 result=allow:allow
[2026-02-12T11:27:30.063378] [USER-CHECK] user=n5-testing4 result=allow:allow
[2026-02-12T11:27:34.064895] [USER-CHECK] user=n5-testing4 result=allow:allow
[2026-02-12T11:27:53.404866] [USER-CHECK] user=n5-testing4 result=allow:allow
[2026-02-12T11:27:53.487638] [USER-CHECK] user=n5-testing4 result=allow:allow
[2026-02-12T11:27:53.493766] [USER-CHECK] user=n5-testing4 result=allow:allow
[2026-02-12T11:27:53.534845] [USER-CHECK] user=n5-testing4 result=allow:allow
[2026-02-12T11:27:53.535819] [USER-CHECK] user=n5-testing result=allow:allow
[2026-02-12T11:27:53.909970] [USER-CHECK] user=n5-testing4 result=allow:allow
[2026-02-12T11:27:58.341637] [USER-CHECK] user=n5-testing result=allow:allow
[2026-02-12T11:27:58.348921] [USER-CHECK] user=n5-testing4 result=allow:allow
[2026-02-12T11:27:58.476891] [USER-CHECK] user=n5-testing4 result=allow:allow
[2026-02-12T11:27:58.616718] [USER-CHECK] user=n5-testing4 result=allow:allow
[2026-02-12T11:27:59.739725] [USER-CHECK] user=n5-testing4 result=allow:allow
[2026-02-12T11:27:59.802668] [USER-CHECK] user=n5-testing4 result=allow:allow
[2026-02-12T11:27:59.815833] [USER-CHECK] user=n5-testing4 result=allow:allow
[2026-02-12T11:27:59.833846] [USER-CHECK] user=n5-testing4 result=allow:allow
[2026-02-12T11:27:59.984078] [USER-CHECK] user=n5-testing4 result=allow:allow
[2026-02-12T11:28:00.007832] [USER-CHECK] user=n5-testing result=allow:allow
[2026-02-12T11:28:00.050836] [USER-CHECK] user=n5-testing4 result=allow:allow
[2026-02-12T11:28:00.061222] [USER-CHECK] user=n5-testing result=allow:allow
[2026-02-12T11:28:00.075655] [USER-CHECK] user=n5-testing4 result=allow:allow
[2026-02-12T11:28:00.092642] [USER-CHECK] user=n5-testing4 result=allow:allow
[2026-02-12T11:28:00.093160] [USER-CHECK] user=n5-testing4 result=allow:allow
[2026-02-12T11:28:00.125655] [USER-CHECK] user=n5-testing4 result=allow:allow
[2026-02-12T11:28:00.127763] [USER-CHECK] user=n5-testing4 result=allow:allow
[2026-02-12T11:28:00.139783] [USER-CHECK] user=n5-testing4 result=allow:allow
[2026-02-12T11:28:00.169970] [USER-CHECK] user=n5-testing result=allow:allow
[2026-02-12T11:28:00.178207] [USER-CHECK] user=n5-testing result=allow:allow
[2026-02-12T11:28:00.179005] [USER-CHECK] user=n5-testing4 result=allow:allow
[2026-02-12T11:28:00.219698] [USER-CHECK] user=n5-testing4 result=allow:allow
[2026-02-12T11:28:00.258865] [USER-CHECK] user=n5-testing4 result=allow:allow
[2026-02-12T11:28:00.267908] [USER-CHECK] user=n5-testing result=allow:allow
[2026-02-12T11:28:00.333811] [USER-CHECK] user=n5-testing4 result=allow:allow
[2026-02-12T11:28:00.407658] [USER-CHECK] user=n5-testing4 result=allow:allow
[2026-02-12T11:28:00.505440] [USER-CHECK] user=n5-testing4 result=allow:allow
[2026-02-12T11:28:00.538978] [USER-CHECK] user=n5-testing4 result=allow:allow
[2026-02-12T11:28:00.541922] [USER-CHECK] user=n5-testing4 result=allow:allow
[2026-02-12T11:28:00.610987] [USER-CHECK] user=n5-testing result=allow:allow
[2026-02-12T11:28:00.618716] [USER-CHECK] user=n5-testing4 result=allow:allow
[2026-02-12T11:28:00.679872] [USER-CHECK] user=n5-testing4 result=allow:allow
[2026-02-12T11:28:01.011939] [USER-CHECK] user=n5-testing4 result=allow:allow
[2026-02-12T11:28:01.015050] [USER-CHECK] user=n5-testing4 result=allow:allow
[2026-02-12T11:28:01.127350] [USER-CHECK] user=n5-testing4 result=allow:allow
[2026-02-12T11:28:01.334210] [USER-CHECK] user=n5-testing result=allow:allow
[2026-02-12T11:28:01.530207] [USER-CHECK] user=n5-testing result=allow:allow
[2026-02-12T11:28:02.065389] [USER-CHECK] user=n5-testing4 result=allow:allow
[2026-02-12T11:28:02.396909] [USER-CHECK] user=n5-testing4 result=allow:allow
[2026-02-12T11:28:02.527725] [USER-CHECK] user=n5-testing4 result=allow:allow
[2026-02-12T11:28:02.664691] [USER-CHECK] user=n5-testing result=allow:allow
[2026-02-12T11:28:02.835876] [USER-CHECK] user=n5-testing4 result=allow:allow
[2026-02-12T11:28:02.988436] [USER-CHECK] user=n5-testing4 result=allow:allow
[2026-02-12T11:28:03.440726] [USER-CHECK] user=n5-testing result=allow:allow
[2026-02-12T11:28:03.653728] [USER-CHECK] user=n5-testing4 result=allow:allow
[2026-02-12T11:28:03.722890] [USER-CHECK] user=n5-testing4 result=allow:allow
[2026-02-12T11:28:03.749904] [USER-CHECK] user=n5-testing4 result=allow:allow
[2026-02-12T11:28:04.035079] [USER-CHECK] user=n5-testing4 result=allow:allow
[2026-02-12T11:28:04.274466] [USER-CHECK] user=n5-testing result=allow:allow
[2026-02-12T11:28:04.447689] [USER-CHECK] user=n5-testing result=allow:allow
[2026-02-12T11:28:04.685698] [USER-CHECK] user=n5-testing4 result=allow:allow
[2026-02-12T11:28:04.811716] [USER-CHECK] user=n5-testing4 result=allow:allow
[2026-02-12T11:28:04.862176] [USER-CHECK] user=n5-testing4 result=allow:allow
[2026-02-12T11:28:04.903845] [USER-CHECK] user=n5-testing4 result=allow:allow
[2026-02-12T11:28:04.934347] [USER-CHECK] user=n5-testing4 result=allow:allow
[2026-02-12T11:28:05.487718] [USER-CHECK] user=n5-testing4 result=allow:allow
[2026-02-12T11:28:05.758713] [USER-CHECK] user=n5-testing4 result=allow:allow
[2026-02-12T11:28:05.947918] [USER-CHECK] user=n5-testing result=allow:allow
[2026-02-12T11:28:06.029851] [USER-CHECK] user=n5-testing4 result=allow:allow
[2026-02-12T11:28:06.091704] [USER-CHECK] user=n5-testing4 result=allow:allow
[2026-02-12T11:28:06.187380] [USER-CHECK] user=n5-testing4 result=allow:allow
[2026-02-12T11:28:06.386085] [USER-CHECK] user=n5-testing result=allow:allow
[2026-02-12T11:28:06.412921] [USER-CHECK] user=n5-testing4 result=allow:allow
[2026-02-12T11:28:06.425973] [USER-CHECK] user=n5-testing4 result=allow:allow
[2026-02-12T11:28:06.462133] [USER-CHECK] user=n5-testing4 result=allow:allow
[2026-02-12T11:28:07.602109] [USER-CHECK] user=n5-testing4 result=allow:allow
[2026-02-12T11:28:17.318255] [USER-CHECK] user=n5-testing4 result=allow:allow
[2026-02-12T11:28:22.291948] [USER-CHECK] user=n5-testing4 result=allow:allow
[2026-02-12T11:28:26.284674] [USER-CHECK] user=n5-testing4 result=allow:allow
[2026-02-12T11:28:28.436722] [USER-CHECK] user=n5-testing4 result=allow:allow
[2026-02-12T11:28:37.511646] [USER-CHECK] user=n5-testing4 result=allow:allow
[2026-02-12T11:29:10.419847] [USER-CHECK] user=n5-testing4 result=allow:allow
[2026-02-12T11:29:10.459886] [USER-CHECK] user=n5-testing4 result=allow:allow
[2026-02-12T11:29:10.556796] [USER-CHECK] user=n5-testing result=allow:allow
[2026-02-12T11:29:10.634335] [USER-CHECK] user=n5-testing4 result=allow:allow
[2026-02-12T11:29:10.780869] [USER-CHECK] user=n5-testing result=allow:allow
[2026-02-12T11:29:10.801903] [USER-CHECK] user=n5-testing result=allow:allow
[2026-02-12T11:29:10.881759] [USER-CHECK] user=n5-testing4 result=allow:allow
[2026-02-12T11:29:10.901812] [USER-CHECK] user=n5-testing4 result=allow:allow
[2026-02-12T11:29:11.839867] [USER-CHECK] user=n5-testing4 result=allow:allow
[2026-02-12T11:29:13.324650] [USER-CHECK] user=n5-testing4 result=allow:allow
[2026-02-12T11:29:13.513841] [USER-CHECK] user=n5-testing4 result=allow:allow
[2026-02-12T11:29:13.525746] [USER-CHECK] user=n5-testing4 result=allow:allow
[2026-02-12T11:29:13.759873] [USER-CHECK] user=n5-testing4 result=allow:allow
[2026-02-12T11:29:14.054890] [USER-CHECK] user=n5-testing result=allow:allow
[2026-02-12T11:29:14.145911] [USER-CHECK] user=n5-testing result=allow:allow
[2026-02-12T11:29:14.447573] [USER-CHECK] user=n5-testing4 result=allow:allow
[2026-02-12T11:29:14.518791] [USER-CHECK] user=n5-testing result=allow:allow
[2026-02-12T11:29:14.552666] [USER-CHECK] user=n5-testing4 result=allow:allow
[2026-02-12T11:29:14.565950] [USER-CHECK] user=n5-testing4 result=allow:allow
[2026-02-12T11:29:14.662777] [USER-CHECK] user=n5-testing result=allow:allow
[2026-02-12T11:29:14.695678] [USER-CHECK] user=n5-testing result=allow:allow
[2026-02-12T11:29:14.740764] [USER-CHECK] user=n5-testing4 result=allow:allow
[2026-02-12T11:29:14.781813] [USER-CHECK] user=n5-testing4 result=allow:allow
[2026-02-12T11:29:14.788230] [USER-CHECK] user=n5-testing4 result=allow:allow
[2026-02-12T11:29:14.899972] [USER-CHECK] user=n5-testing4 result=allow:allow
[2026-02-12T11:29:14.947268] [USER-CHECK] user=n5-testing4 result=allow:allow
[2026-02-12T11:29:14.964153] [USER-CHECK] user=n5-testing result=allow:allow
[2026-02-12T11:29:14.970649] [USER-CHECK] user=n5-testing4 result=allow:allow
[2026-02-12T11:29:15.019724] [USER-CHECK] user=n5-testing result=allow:allow
[2026-02-12T11:29:15.236084] [USER-CHECK] user=n5-testing4 result=allow:allow
[2026-02-12T11:29:15.321628] [USER-CHECK] user=n5-testing4 result=allow:allow
[2026-02-12T11:29:15.339642] [USER-CHECK] user=n5-testing4 result=allow:allow
[2026-02-12T11:29:15.400349] [USER-CHECK] user=n5-testing4 result=allow:allow
[2026-02-12T11:29:15.688099] [USER-CHECK] user=n5-testing4 result=allow:allow
[2026-02-12T11:29:16.201648] [USER-CHECK] user=n5-testing4 result=allow:allow
[2026-02-12T11:29:16.277716] [USER-CHECK] user=n5-testing4 result=allow:allow
[2026-02-12T11:29:16.612627] [USER-CHECK] user=n5-testing4 result=allow:allow
[2026-02-12T11:29:16.778122] [USER-CHECK] user=n5-testing4 result=allow:allow
[2026-02-12T11:29:16.784655] [USER-CHECK] user=n5-testing4 result=allow:allow
[2026-02-12T11:29:16.787750] [USER-CHECK] user=n5-testing result=allow:allow
[2026-02-12T11:29:16.876491] [USER-CHECK] user=n5-testing4 result=allow:allow
[2026-02-12T11:29:16.970746] [USER-CHECK] user=n5-testing4 result=allow:allow
[2026-02-12T11:29:16.994272] [USER-CHECK] user=n5-testing4 result=allow:allow
[2026-02-12T11:29:17.189253] [USER-CHECK] user=n5-testing4 result=allow:allow
[2026-02-12T11:29:17.215437] [USER-CHECK] user=n5-testing4 result=allow:allow
[2026-02-12T11:29:17.250353] [USER-CHECK] user=n5-testing4 result=allow:allow
[2026-02-12T11:29:17.851799] [USER-CHECK] user=n5-testing4 result=allow:allow
[2026-02-12T11:29:17.894659] [USER-CHECK] user=n5-testing result=allow:allow
[2026-02-12T11:29:18.109643] [USER-CHECK] user=n5-testing4 result=allow:allow
[2026-02-12T11:29:18.126779] [USER-CHECK] user=n5-testing4 result=allow:allow
[2026-02-12T11:29:18.203939] [USER-CHECK] user=n5-testing4 result=allow:allow
[2026-02-12T11:29:18.283682] [USER-CHECK] user=n5-testing4 result=allow:allow
[2026-02-12T11:29:18.307146] [USER-CHECK] user=n5-testing4 result=allow:allow
[2026-02-12T11:29:18.315693] [USER-CHECK] user=n5-testing result=allow:allow
[2026-02-12T11:29:18.709171] [USER-CHECK] user=n5-testing4 result=allow:allow
[2026-02-12T11:29:18.901087] [USER-CHECK] user=n5-testing4 result=allow:allow
[2026-02-12T11:29:19.920825] [USER-CHECK] user=n5-testing4 result=allow:allow
[2026-02-12T11:29:19.949663] [USER-CHECK] user=n5-testing4 result=allow:allow
[2026-02-12T11:29:20.035675] [USER-CHECK] user=n5-testing4 result=allow:allow
[2026-02-12T11:29:20.084876] [USER-CHECK] user=n5-testing result=allow:allow
[2026-02-12T11:29:20.698594] [USER-CHECK] user=n5-testing4 result=allow:allow
[2026-02-12T11:29:22.952676] [USER-CHECK] user=n5-testing4 result=allow:allow
[2026-02-12T11:29:23.218670] [USER-CHECK] user=n5-testing4 result=allow:allow
[2026-02-12T11:29:23.339915] [USER-CHECK] user=n5-testing result=allow:allow
[2026-02-12T11:29:23.459939] [USER-CHECK] user=n5-testing4 result=allow:allow
[2026-02-12T11:29:23.576913] [USER-CHECK] user=n5-testing4 result=allow:allow
[2026-02-12T11:29:26.771267] [USER-CHECK] user=n5-testing4 result=allow:allow
[2026-02-12T11:29:27.771888] [USER-CHECK] user=n5-testing4 result=allow:allow
[2026-02-12T11:29:29.224481] [USER-CHECK] user=n5-testing4 result=allow:allow
[2026-02-12T11:29:29.292018] [USER-CHECK] user=n5-testing result=allow:allow
[2026-02-12T11:29:29.331715] [USER-CHECK] user=n5-testing4 result=allow:allow
[2026-02-12T11:29:35.088362] [USER-CHECK] user=n5-testing4 result=allow:allow
[2026-02-12T11:29:36.791608] [USER-CHECK] user=n5-testing4 result=allow:allow
[2026-02-12T11:29:43.793982] [USER-CHECK] user=n5-testing4 result=allow:allow
[2026-02-12T11:29:51.076712] [USER-CHECK] user=n5-testing4 result=allow:allow
[2026-02-12T11:30:00.383372] [USER-CHECK] user=n5-testing4 result=allow:allow
[2026-02-12T11:30:17.550419] [USER-CHECK] user=n5-testing4 result=allow:allow
[2026-02-12T11:30:46.604204] [USER-CHECK] user=n5-testing4 result=allow:allow
[2026-02-12T11:31:05.258531] [USER-CHECK] user=n5-testing4 result=allow:allow
[2026-02-12T11:31:28.346812] [USER-CHECK] user=yl795 result=allow:allow
[2026-02-12T11:31:28.735243] [USER-CHECK] user=yl795 result=allow:allow
[2026-02-12T11:32:19.359053] [USER-CHECK] user=n5-testing4 result=allow:allow
[2026-02-12T11:55:43.650651] [USER-CHECK] user=n5-testing4 result=allow:allow
[2026-02-12T11:55:45.502896] [USER-CHECK] user=n5-testing result=allow:allow
[2026-02-12T11:55:45.594053] [USER-CHECK] user=n5-testing4 result=allow:allow
[2026-02-12T11:55:45.594795] [USER-CHECK] user=n5-testing4 result=allow:allow
[2026-02-12T11:55:48.232645] [USER-CHECK] user=n5-testing4 result=allow:allow
[2026-02-12T11:55:48.408790] [USER-CHECK] user=n5-testing result=allow:allow
[2026-02-12T11:55:48.411744] [USER-CHECK] user=n5-testing result=allow:allow
[2026-02-12T11:55:48.538777] [USER-CHECK] user=n5-testing4 result=allow:allow
[2026-02-12T11:55:48.545340] [USER-CHECK] user=n5-testing4 result=allow:allow
[2026-02-12T11:55:48.546875] [USER-CHECK] user=n5-testing4 result=allow:allow
[2026-02-12T11:55:48.624803] [USER-CHECK] user=n5-testing4 result=allow:allow
[2026-02-12T11:55:48.707304] [USER-CHECK] user=n5-testing result=allow:allow
[2026-02-12T11:55:48.726242] [USER-CHECK] user=n5-testing4 result=allow:allow
[2026-02-12T11:55:48.743817] [USER-CHECK] user=n5-testing4 result=allow:allow
[2026-02-12T11:55:48.861339] [USER-CHECK] user=n5-testing4 result=allow:allow
[2026-02-12T11:55:49.110953] [USER-CHECK] user=n5-testing4 result=allow:allow
[2026-02-12T11:55:49.619825] [USER-CHECK] user=n5-testing4 result=allow:allow
[2026-02-12T11:55:49.710788] [USER-CHECK] user=n5-testing4 result=allow:allow
[2026-02-12T11:55:49.748811] [USER-CHECK] user=n5-testing4 result=allow:allow
[2026-02-12T11:55:49.809876] [USER-CHECK] user=n5-testing4 result=allow:allow
[2026-02-12T11:55:50.128440] [USER-CHECK] user=n5-testing result=allow:allow
[2026-02-12T11:55:50.769674] [USER-CHECK] user=n5-testing4 result=allow:allow
[2026-02-12T11:55:50.790740] [USER-CHECK] user=n5-testing result=allow:allow
[2026-02-12T11:55:50.888648] [USER-CHECK] user=n5-testing4 result=allow:allow
[2026-02-12T11:55:50.906736] [USER-CHECK] user=n5-testing result=allow:allow
[2026-02-12T11:55:50.907719] [USER-CHECK] user=n5-testing4 result=allow:allow
[2026-02-12T11:55:51.042913] [USER-CHECK] user=n5-testing4 result=allow:allow
[2026-02-12T11:55:51.079224] [USER-CHECK] user=n5-testing4 result=allow:allow
[2026-02-12T11:55:51.467819] [USER-CHECK] user=n5-testing4 result=allow:allow
[2026-02-12T11:55:52.073064] [USER-CHECK] user=n5-testing4 result=allow:allow
[2026-02-12T11:55:52.483681] [USER-CHECK] user=n5-testing4 result=allow:allow
[2026-02-12T11:55:52.694813] [USER-CHECK] user=n5-testing4 result=allow:allow
[2026-02-12T11:55:52.762895] [USER-CHECK] user=n5-testing result=allow:allow
[2026-02-12T11:55:52.810830] [USER-CHECK] user=n5-testing4 result=allow:allow
[2026-02-12T11:55:52.865665] [USER-CHECK] user=n5-testing4 result=allow:allow
[2026-02-12T11:55:52.880098] [USER-CHECK] user=n5-testing4 result=allow:allow
[2026-02-12T11:55:52.928748] [USER-CHECK] user=n5-testing4 result=allow:allow
[2026-02-12T11:55:52.940862] [USER-CHECK] user=n5-testing4 result=allow:allow
[2026-02-12T11:55:52.950826] [USER-CHECK] user=n5-testing result=allow:allow
[2026-02-12T11:55:52.972727] [USER-CHECK] user=n5-testing4 result=allow:allow
[2026-02-12T11:55:53.019670] [USER-CHECK] user=n5-testing4 result=allow:allow
[2026-02-12T11:55:53.041884] [USER-CHECK] user=n5-testing4 result=allow:allow
[2026-02-12T11:55:53.100886] [USER-CHECK] user=n5-testing result=allow:allow
[2026-02-12T11:55:53.155798] [USER-CHECK] user=n5-testing4 result=allow:allow
[2026-02-12T11:55:53.804198] [USER-CHECK] user=n5-testing4 result=allow:allow
[2026-02-12T11:55:53.998459] [USER-CHECK] user=n5-testing4 result=allow:allow
[2026-02-12T11:55:55.735882] [USER-CHECK] user=n5-testing4 result=allow:allow
[2026-02-12T11:55:56.475506] [USER-CHECK] user=n5-testing4 result=allow:allow
[2026-02-12T11:55:56.525790] [USER-CHECK] user=n5-testing4 result=allow:allow
[2026-02-12T11:55:56.560786] [USER-CHECK] user=n5-testing result=allow:allow
[2026-02-12T11:55:56.593039] [USER-CHECK] user=n5-testing4 result=allow:allow
[2026-02-12T11:55:56.690429] [USER-CHECK] user=n5-testing4 result=allow:allow
[2026-02-12T11:55:56.838661] [USER-CHECK] user=n5-testing4 result=allow:allow
[2026-02-12T11:55:56.903898] [USER-CHECK] user=n5-testing4 result=allow:allow
[2026-02-12T11:55:56.973698] [USER-CHECK] user=n5-testing result=allow:allow
[2026-02-12T11:55:57.022701] [USER-CHECK] user=n5-testing4 result=allow:allow
[2026-02-12T11:55:57.437941] [USER-CHECK] user=n5-testing4 result=allow:allow
[2026-02-12T11:56:00.429360] [USER-CHECK] user=n5-testing4 result=allow:allow
[2026-02-12T11:56:00.499357] [USER-CHECK] user=n5-testing4 result=allow:allow
[2026-02-12T11:56:00.599269] [USER-CHECK] user=n5-testing4 result=allow:allow
[2026-02-12T11:56:00.666445] [USER-CHECK] user=n5-testing result=allow:allow
[2026-02-12T11:56:01.106468] [USER-CHECK] user=n5-testing result=allow:allow
[2026-02-12T11:56:02.309664] [USER-CHECK] user=n5-testing4 result=allow:allow
[2026-02-12T11:56:02.646227] [USER-CHECK] user=n5-testing4 result=allow:allow
[2026-02-12T11:56:02.747909] [USER-CHECK] user=n5-testing result=allow:allow
[2026-02-12T11:56:02.829739] [USER-CHECK] user=n5-testing4 result=allow:allow
[2026-02-12T11:56:02.839587] [USER-CHECK] user=n5-testing result=allow:allow
[2026-02-12T11:56:02.981614] [USER-CHECK] user=n5-testing4 result=allow:allow
[2026-02-12T11:56:03.420867] [USER-CHECK] user=n5-testing4 result=allow:allow
[2026-02-12T11:56:03.720996] [USER-CHECK] user=n5-testing4 result=allow:allow
[2026-02-12T11:56:03.844601] [USER-CHECK] user=n5-testing4 result=allow:allow
[2026-02-12T11:56:05.639215] [USER-CHECK] user=n5-testing4 result=allow:allow
[2026-02-12T11:56:14.567118] [USER-CHECK] user=n5-testing4 result=allow:allow
[2026-02-12T11:56:53.184851] [USER-CHECK] user=n5-testing4 result=allow:allow
[2026-02-12T11:57:01.049259] [USER-CHECK] user=n5-testing4 result=allow:allow
[2026-02-12T11:57:11.860301] [USER-CHECK] user=n5-testing4 result=allow:allow
[2026-02-12T11:57:28.716088] [USER-CHECK] user=n5-testing4 result=allow:allow
[2026-02-12T11:58:00.032576] [USER-CHECK] user=n5-testing4 result=allow:allow
[2026-02-12T11:58:33.052386] [USER-CHECK] user=n5-testing4 result=allow:allow
[2026-02-12T12:00:33.923583] [USER-CHECK] user=n5-testing4 result=allow:allow
[2026-02-12T15:12:26.259837] [USER-CHECK] user=n5-testing result=allow:allow
[2026-02-12T15:12:26.480860] [USER-CHECK] user=n5-testing result=allow:allow
[2026-02-12T15:12:27.154470] [USER-CHECK] user=n5-testing result=allow:allow
[2026-02-12T15:12:28.428035] [USER-CHECK] user=n5-testing result=allow:allow
[2026-02-12T15:12:28.798142] [USER-CHECK] user=n5-testing result=allow:allow
[2026-02-12T15:12:29.267146] [USER-CHECK] user=n5-testing4 result=allow:allow
[2026-02-12T15:12:29.642970] [USER-CHECK] user=n5-testing result=allow:allow
[2026-02-12T15:12:29.902991] [USER-CHECK] user=n5-testing result=allow:allow
[2026-02-12T15:12:30.156696] [USER-CHECK] user=n5-testing4 result=allow:allow
[2026-02-12T15:12:30.686881] [USER-CHECK] user=n5-testing result=allow:allow
[2026-02-12T15:12:30.771410] [USER-CHECK] user=n5-testing result=allow:allow
[2026-02-12T15:12:31.031390] [USER-CHECK] user=n5-testing result=allow:allow
[2026-02-12T15:12:31.100926] [USER-CHECK] user=n5-testing4 result=allow:allow
[2026-02-12T15:12:31.787788] [USER-CHECK] user=n5-testing result=allow:allow
[2026-02-12T15:12:32.297798] [USER-CHECK] user=n5-testing4 result=allow:allow
[2026-02-12T15:12:32.307391] [USER-CHECK] user=n5-testing result=allow:allow
[2026-02-12T15:12:32.386182] [USER-CHECK] user=n5-testing4 result=allow:allow
[2026-02-12T15:12:32.423481] [USER-CHECK] user=n5-testing4 result=allow:allow
[2026-02-12T15:12:33.257674] [USER-CHECK] user=n5-testing result=allow:allow
[2026-02-12T15:12:34.413643] [USER-CHECK] user=n5-testing result=allow:allow
[2026-02-12T15:12:34.758935] [USER-CHECK] user=n5-testing result=allow:allow
[2026-02-12T15:12:35.013755] [USER-CHECK] user=n5-testing4 result=allow:allow
[2026-02-12T15:12:38.003848] [USER-CHECK] user=n5-testing4 result=allow:allow
[2026-02-12T15:12:39.604111] [USER-CHECK] user=n5-testing result=allow:allow
[2026-02-12T15:12:43.927905] [USER-CHECK] user=n5-testing4 result=allow:allow
[2026-02-12T15:12:45.018516] [USER-CHECK] user=n5-testing4 result=allow:allow
[2026-02-12T15:12:54.677729] [USER-CHECK] user=n5-testing4 result=allow:allow
[2026-02-12T15:13:06.312056] [USER-CHECK] user=n5-testing4 result=allow:allow
[2026-02-12T15:13:06.383387] [USER-CHECK] user=n5-testing4 result=allow:allow
[2026-02-12T15:13:07.328330] [USER-CHECK] user=n5-testing4 result=allow:allow
[2026-02-12T15:13:07.680949] [USER-CHECK] user=n5-testing4 result=allow:allow
[2026-02-12T15:13:07.681460] [USER-CHECK] user=n5-testing4 result=allow:allow
[2026-02-12T15:13:08.495204] [USER-CHECK] user=n5-testing4 result=allow:allow
[2026-02-12T15:13:08.924784] [USER-CHECK] user=n5-testing4 result=allow:allow
[2026-02-12T15:13:09.046263] [USER-CHECK] user=n5-testing4 result=allow:allow
[2026-02-12T15:13:10.315513] [USER-CHECK] user=n5-testing4 result=allow:allow
[2026-02-12T15:13:13.300451] [USER-CHECK] user=n5-testing4 result=allow:allow
[2026-02-12T15:13:13.471807] [USER-CHECK] user=n5-testing4 result=allow:allow
[2026-02-12T15:13:15.337146] [USER-CHECK] user=n5-testing4 result=allow:allow
[2026-02-12T15:13:15.474985] [USER-CHECK] user=n5-testing4 result=allow:allow
[2026-02-12T15:13:15.784459] [USER-CHECK] user=n5-testing4 result=allow:allow
[2026-02-12T15:13:15.806788] [USER-CHECK] user=n5-testing4 result=allow:allow
[2026-02-12T15:13:15.867247] [USER-CHECK] user=n5-testing4 result=allow:allow
[2026-02-12T15:13:16.332662] [USER-CHECK] user=n5-testing4 result=allow:allow
[2026-02-12T15:13:16.412177] [USER-CHECK] user=n5-testing4 result=allow:allow
[2026-02-12T15:13:16.446165] [USER-CHECK] user=n5-testing4 result=allow:allow
[2026-02-12T15:13:16.534752] [USER-CHECK] user=n5-testing4 result=allow:allow
[2026-02-12T15:13:17.155346] [USER-CHECK] user=n5-testing4 result=allow:allow
[2026-02-12T15:13:17.438134] [USER-CHECK] user=n5-testing4 result=allow:allow
[2026-02-12T15:13:17.468255] [USER-CHECK] user=n5-testing4 result=allow:allow
[2026-02-12T15:13:17.874857] [USER-CHECK] user=n5-testing4 result=allow:allow
[2026-02-12T15:13:17.902855] [USER-CHECK] user=n5-testing4 result=allow:allow
[2026-02-12T15:13:17.912626] [USER-CHECK] user=n5-testing4 result=allow:allow
[2026-02-12T15:13:17.983117] [USER-CHECK] user=n5-testing4 result=allow:allow
[2026-02-12T15:13:18.055700] [USER-CHECK] user=n5-testing4 result=allow:allow
[2026-02-12T15:13:18.079091] [USER-CHECK] user=n5-testing4 result=allow:allow
[2026-02-12T15:13:18.159350] [USER-CHECK] user=n5-testing4 result=allow:allow
[2026-02-12T15:13:18.159878] [USER-CHECK] user=n5-testing4 result=allow:allow
[2026-02-12T15:13:18.163241] [USER-CHECK] user=n5-testing4 result=allow:allow
[2026-02-12T15:13:18.178211] [USER-CHECK] user=n5-testing4 result=allow:allow
[2026-02-12T15:13:18.688694] [USER-CHECK] user=n5-testing4 result=allow:allow
[2026-02-12T15:13:47.693001] [USER-CHECK] user=n5-testing4 result=allow:allow
[2026-02-12T15:13:58.377173] [USER-CHECK] user=n5-testing4 result=allow:allow
[2026-02-12T15:14:09.951580] [USER-CHECK] user=n5-testing4 result=allow:allow
[2026-02-12T15:16:19.314747] [USER-CHECK] user=n5-testing4 result=allow:allow
[2026-02-12T15:16:23.268849] [USER-CHECK] user=n5-testing4 result=allow:allow
[2026-02-12T15:16:23.273655] [USER-CHECK] user=n5-testing4 result=allow:allow
[2026-02-12T15:16:23.303878] [USER-CHECK] user=n5-testing result=allow:allow
[2026-02-12T15:16:23.454151] [USER-CHECK] user=n5-testing result=allow:allow
[2026-02-12T15:16:23.736894] [USER-CHECK] user=n5-testing4 result=allow:allow
[2026-02-12T15:16:23.925761] [USER-CHECK] user=n5-testing4 result=allow:allow
[2026-02-12T15:16:23.954911] [USER-CHECK] user=n5-testing result=allow:allow
[2026-02-12T15:16:23.991834] [USER-CHECK] user=n5-testing4 result=allow:allow
[2026-02-12T15:16:24.402915] [USER-CHECK] user=n5-testing4 result=allow:allow
[2026-02-12T15:16:24.468720] [USER-CHECK] user=n5-testing4 result=allow:allow
[2026-02-12T15:16:24.586793] [USER-CHECK] user=n5-testing4 result=allow:allow
[2026-02-12T15:16:24.632864] [USER-CHECK] user=n5-testing result=allow:allow
[2026-02-12T15:16:24.644741] [USER-CHECK] user=n5-testing4 result=allow:allow
[2026-02-12T15:16:24.714134] [USER-CHECK] user=n5-testing result=allow:allow
[2026-02-12T15:16:24.944778] [USER-CHECK] user=n5-testing4 result=allow:allow
[2026-02-12T15:16:25.539137] [USER-CHECK] user=n5-testing4 result=allow:allow
[2026-02-12T15:16:25.697798] [USER-CHECK] user=n5-testing result=allow:allow
[2026-02-12T15:16:25.791439] [USER-CHECK] user=n5-testing4 result=allow:allow
[2026-02-12T15:16:25.830463] [USER-CHECK] user=n5-testing4 result=allow:allow
[2026-02-12T15:16:26.090992] [USER-CHECK] user=n5-testing result=allow:allow
[2026-02-12T15:16:26.244696] [USER-CHECK] user=n5-testing4 result=allow:allow
[2026-02-12T15:16:26.381807] [USER-CHECK] user=n5-testing4 result=allow:allow
[2026-02-12T15:16:26.562735] [USER-CHECK] user=n5-testing result=allow:allow
[2026-02-12T15:16:26.676847] [USER-CHECK] user=n5-testing4 result=allow:allow
[2026-02-12T15:16:26.847732] [USER-CHECK] user=n5-testing4 result=allow:allow
[2026-02-12T15:16:26.937789] [USER-CHECK] user=n5-testing4 result=allow:allow
[2026-02-12T15:16:26.980745] [USER-CHECK] user=n5-testing4 result=allow:allow
[2026-02-12T15:16:27.008977] [USER-CHECK] user=n5-testing4 result=allow:allow
[2026-02-12T15:16:27.041781] [USER-CHECK] user=n5-testing result=allow:allow
[2026-02-12T15:16:27.053348] [USER-CHECK] user=n5-testing4 result=allow:allow
[2026-02-12T15:16:27.065615] [USER-CHECK] user=n5-testing result=allow:allow
[2026-02-12T15:16:27.085051] [USER-CHECK] user=n5-testing4 result=allow:allow
[2026-02-12T15:16:27.104506] [USER-CHECK] user=n5-testing4 result=allow:allow
[2026-02-12T15:16:27.343909] [USER-CHECK] user=n5-testing result=allow:allow
[2026-02-12T15:16:27.520537] [USER-CHECK] user=n5-testing4 result=allow:allow
[2026-02-12T15:16:27.521777] [USER-CHECK] user=n5-testing4 result=allow:allow
[2026-02-12T15:16:27.598637] [USER-CHECK] user=n5-testing result=allow:allow
[2026-02-12T15:16:27.598761] [USER-CHECK] user=n5-testing4 result=allow:allow
[2026-02-12T15:16:27.600741] [USER-CHECK] user=n5-testing4 result=allow:allow
[2026-02-12T15:16:27.638280] [USER-CHECK] user=n5-testing4 result=allow:allow
[2026-02-12T15:16:27.644916] [USER-CHECK] user=n5-testing4 result=allow:allow
[2026-02-12T15:16:27.702470] [USER-CHECK] user=n5-testing result=allow:allow
[2026-02-12T15:16:27.952895] [USER-CHECK] user=n5-testing result=allow:allow
[2026-02-12T15:16:28.128134] [USER-CHECK] user=n5-testing4 result=allow:allow
[2026-02-12T15:16:28.410872] [USER-CHECK] user=n5-testing4 result=allow:allow
[2026-02-12T15:16:28.583910] [USER-CHECK] user=n5-testing4 result=allow:allow
[2026-02-12T15:16:29.544272] [USER-CHECK] user=n5-testing result=allow:allow
[2026-02-12T15:16:33.520020] [USER-CHECK] user=n5-testing4 result=allow:allow
[2026-02-12T15:16:34.721891] [USER-CHECK] user=n5-testing4 result=allow:allow
[2026-02-12T15:16:37.536323] [USER-CHECK] user=n5-testing4 result=allow:allow
[2026-02-12T15:16:37.664047] [USER-CHECK] user=n5-testing4 result=allow:allow
[2026-02-12T15:16:37.797928] [USER-CHECK] user=n5-testing4 result=allow:allow
[2026-02-12T15:16:37.825938] [USER-CHECK] user=n5-testing result=allow:allow
[2026-02-12T15:16:38.496981] [USER-CHECK] user=n5-testing4 result=allow:allow
[2026-02-12T15:16:43.487588] [USER-CHECK] user=n5-testing4 result=allow:allow
[2026-02-12T15:16:44.911243] [USER-CHECK] user=n5-testing4 result=allow:allow
[2026-02-12T15:16:46.114856] [USER-CHECK] user=n5-testing4 result=allow:allow
[2026-02-12T15:16:50.363702] [USER-CHECK] user=n5-testing4 result=allow:allow
[2026-02-12T15:16:55.794754] [USER-CHECK] user=n5-testing4 result=allow:allow
[2026-02-12T15:17:04.128247] [USER-CHECK] user=n5-testing4 result=allow:allow
[2026-02-12T15:17:58.077164] [USER-CHECK] user=n5-testing4 result=allow:allow
[2026-02-12T15:18:57.967109] [USER-CHECK] user=n5-testing4 result=allow:allow
[2026-02-12T15:21:00.583674] [USER-CHECK] user=n5-testing result=allow:allow
[2026-02-12T15:21:00.828863] [USER-CHECK] user=n5-testing4 result=allow:allow
[2026-02-12T15:21:00.900782] [USER-CHECK] user=n5-testing4 result=allow:allow
[2026-02-12T15:21:00.967825] [USER-CHECK] user=n5-testing4 result=allow:allow
[2026-02-12T15:21:00.975835] [USER-CHECK] user=n5-testing4 result=allow:allow
[2026-02-12T15:21:01.850009] [USER-CHECK] user=n5-testing4 result=allow:allow
[2026-02-12T15:21:02.467518] [USER-CHECK] user=n5-testing4 result=allow:allow
[2026-02-12T15:21:02.504521] [USER-CHECK] user=n5-testing4 result=allow:allow
[2026-02-12T15:21:02.541724] [USER-CHECK] user=n5-testing result=allow:allow
[2026-02-12T15:21:02.756761] [USER-CHECK] user=n5-testing4 result=allow:allow
[2026-02-12T15:21:02.817342] [USER-CHECK] user=n5-testing4 result=allow:allow
[2026-02-12T15:21:02.829672] [USER-CHECK] user=n5-testing result=allow:allow
[2026-02-12T15:21:03.042201] [USER-CHECK] user=n5-testing result=allow:allow
[2026-02-12T15:21:03.185820] [USER-CHECK] user=n5-testing4 result=allow:allow
[2026-02-12T15:21:03.433905] [USER-CHECK] user=n5-testing4 result=allow:allow
[2026-02-12T15:21:03.461766] [USER-CHECK] user=n5-testing result=allow:allow
[2026-02-12T15:21:03.573819] [USER-CHECK] user=n5-testing4 result=allow:allow
[2026-02-12T15:21:03.613907] [USER-CHECK] user=n5-testing4 result=allow:allow
[2026-02-12T15:21:03.671761] [USER-CHECK] user=n5-testing4 result=allow:allow
[2026-02-12T15:21:03.736849] [USER-CHECK] user=n5-testing4 result=allow:allow
[2026-02-12T15:21:03.915835] [USER-CHECK] user=n5-testing4 result=allow:allow
[2026-02-12T15:21:03.949752] [USER-CHECK] user=n5-testing4 result=allow:allow
[2026-02-12T15:21:04.020718] [USER-CHECK] user=n5-testing result=allow:allow
[2026-02-12T15:21:04.141889] [USER-CHECK] user=n5-testing4 result=allow:allow
[2026-02-12T15:21:04.296146] [USER-CHECK] user=n5-testing result=allow:allow
[2026-02-12T15:21:04.307624] [USER-CHECK] user=n5-testing result=allow:allow
[2026-02-12T15:21:04.374868] [USER-CHECK] user=n5-testing4 result=allow:allow
[2026-02-12T15:21:04.449983] [USER-CHECK] user=n5-testing4 result=allow:allow
[2026-02-12T15:21:04.499114] [USER-CHECK] user=n5-testing4 result=allow:allow
[2026-02-12T15:21:04.568782] [USER-CHECK] user=n5-testing4 result=allow:allow
[2026-02-12T15:21:04.592849] [USER-CHECK] user=n5-testing result=allow:allow
[2026-02-12T15:21:04.656995] [USER-CHECK] user=n5-testing result=allow:allow
[2026-02-12T15:21:04.814804] [USER-CHECK] user=n5-testing4 result=allow:allow
[2026-02-12T15:21:04.957785] [USER-CHECK] user=n5-testing4 result=allow:allow
[2026-02-12T15:21:05.001157] [USER-CHECK] user=n5-testing result=allow:allow
[2026-02-12T15:21:05.007413] [USER-CHECK] user=n5-testing4 result=allow:allow
[2026-02-12T15:21:05.013583] [USER-CHECK] user=n5-testing4 result=allow:allow
[2026-02-12T15:21:05.171112] [USER-CHECK] user=n5-testing result=allow:allow
[2026-02-12T15:21:05.499312] [USER-CHECK] user=n5-testing4 result=allow:allow
[2026-02-12T15:21:05.791776] [USER-CHECK] user=n5-testing result=allow:allow
[2026-02-12T15:21:05.884057] [USER-CHECK] user=n5-testing4 result=allow:allow
[2026-02-12T15:21:05.977819] [USER-CHECK] user=n5-testing4 result=allow:allow
[2026-02-12T15:21:06.403773] [USER-CHECK] user=n5-testing result=allow:allow
[2026-02-12T15:21:06.594931] [USER-CHECK] user=n5-testing4 result=allow:allow
[2026-02-12T15:21:07.579876] [USER-CHECK] user=n5-testing4 result=allow:allow
[2026-02-12T15:21:07.905767] [USER-CHECK] user=n5-testing result=allow:allow
[2026-02-12T15:21:08.142609] [USER-CHECK] user=n5-testing4 result=allow:allow
[2026-02-12T15:21:08.517799] [USER-CHECK] user=n5-testing4 result=allow:allow
[2026-02-12T15:21:08.848981] [USER-CHECK] user=n5-testing4 result=allow:allow
[2026-02-12T15:21:08.946000] [USER-CHECK] user=n5-testing result=allow:allow
[2026-02-12T15:21:08.990462] [USER-CHECK] user=n5-testing4 result=allow:allow
[2026-02-12T15:21:12.352058] [USER-CHECK] user=n5-testing4 result=allow:allow
[2026-02-12T15:21:19.732702] [USER-CHECK] user=n5-testing4 result=allow:allow
[2026-02-12T15:21:28.432419] [USER-CHECK] user=n5-testing4 result=allow:allow
[2026-02-12T15:21:29.539475] [USER-CHECK] user=n5-testing4 result=allow:allow
[2026-02-12T15:21:35.558958] [USER-CHECK] user=n5-testing4 result=allow:allow
[2026-02-12T15:21:38.555808] [USER-CHECK] user=n5-testing4 result=allow:allow
[2026-02-12T15:21:41.104080] [USER-CHECK] user=n5-testing4 result=allow:allow
[2026-02-12T15:21:45.769320] [USER-CHECK] user=n5-testing4 result=allow:allow
[2026-02-12T15:21:55.915262] [USER-CHECK] user=n5-testing4 result=allow:allow
[2026-02-12T15:26:47.623114] [USER-CHECK] user=n5-testing4 result=allow:allow
[2026-02-12T15:27:00.917137] [USER-CHECK] user=n5-testing4 result=allow:allow
[2026-02-12T15:28:18.901897] [USER-CHECK] user=n5-testing result=allow:allow
[2026-02-12T15:28:23.608774] [USER-CHECK] user=n5-testing result=allow:allow
[2026-02-12T15:28:23.612958] [USER-CHECK] user=n5-testing4 result=allow:allow
[2026-02-12T15:28:23.642746] [USER-CHECK] user=n5-testing4 result=allow:allow
[2026-02-12T15:28:23.878885] [USER-CHECK] user=n5-testing4 result=allow:allow
[2026-02-12T15:28:23.940221] [USER-CHECK] user=n5-testing4 result=allow:allow
[2026-02-12T15:28:24.029180] [USER-CHECK] user=n5-testing result=allow:allow
[2026-02-12T15:28:24.543797] [USER-CHECK] user=n5-testing result=allow:allow
[2026-02-12T15:28:24.658025] [USER-CHECK] user=n5-testing result=allow:allow
[2026-02-12T15:28:24.679429] [USER-CHECK] user=n5-testing4 result=allow:allow
[2026-02-12T15:28:24.769721] [USER-CHECK] user=n5-testing4 result=allow:allow
[2026-02-12T15:28:24.796900] [USER-CHECK] user=n5-testing4 result=allow:allow
[2026-02-12T15:28:25.036772] [USER-CHECK] user=n5-testing4 result=allow:allow
[2026-02-12T15:28:25.199755] [USER-CHECK] user=n5-testing4 result=allow:allow
[2026-02-12T15:28:25.207737] [USER-CHECK] user=n5-testing result=allow:allow
[2026-02-12T15:28:25.209875] [USER-CHECK] user=n5-testing result=allow:allow
[2026-02-12T15:28:25.296747] [USER-CHECK] user=n5-testing4 result=allow:allow
[2026-02-12T15:28:25.329657] [USER-CHECK] user=n5-testing4 result=allow:allow
[2026-02-12T15:28:25.386161] [USER-CHECK] user=n5-testing4 result=allow:allow
[2026-02-12T15:28:25.393712] [USER-CHECK] user=n5-testing4 result=allow:allow
[2026-02-12T15:28:25.400857] [USER-CHECK] user=n5-testing result=allow:allow
[2026-02-12T15:28:25.479093] [USER-CHECK] user=n5-testing4 result=allow:allow
[2026-02-12T15:28:25.492472] [USER-CHECK] user=n5-testing4 result=allow:allow
[2026-02-12T15:28:25.528689] [USER-CHECK] user=n5-testing4 result=allow:allow
[2026-02-12T15:28:25.552887] [USER-CHECK] user=n5-testing result=allow:allow
[2026-02-12T15:28:25.596836] [USER-CHECK] user=n5-testing4 result=allow:allow
[2026-02-12T15:28:25.609762] [USER-CHECK] user=n5-testing4 result=allow:allow
[2026-02-12T15:28:25.628771] [USER-CHECK] user=n5-testing4 result=allow:allow
[2026-02-12T15:28:25.662365] [USER-CHECK] user=n5-testing4 result=allow:allow
[2026-02-12T15:28:25.745800] [USER-CHECK] user=n5-testing4 result=allow:allow
[2026-02-12T15:28:25.747945] [USER-CHECK] user=n5-testing4 result=allow:allow
[2026-02-12T15:28:25.762678] [USER-CHECK] user=n5-testing result=allow:allow
[2026-02-12T15:28:25.796907] [USER-CHECK] user=n5-testing4 result=allow:allow
[2026-02-12T15:28:25.807248] [USER-CHECK] user=n5-testing result=allow:allow
[2026-02-12T15:28:25.831871] [USER-CHECK] user=n5-testing result=allow:allow
[2026-02-12T15:28:25.842769] [USER-CHECK] user=n5-testing4 result=allow:allow
[2026-02-12T15:28:25.917871] [USER-CHECK] user=n5-testing result=allow:allow
[2026-02-12T15:28:26.035917] [USER-CHECK] user=n5-testing4 result=allow:allow
[2026-02-12T15:28:26.292321] [USER-CHECK] user=n5-testing4 result=allow:allow
[2026-02-12T15:28:26.345898] [USER-CHECK] user=n5-testing4 result=allow:allow
[2026-02-12T15:28:26.424594] [USER-CHECK] user=n5-testing4 result=allow:allow
[2026-02-12T15:28:26.494783] [USER-CHECK] user=n5-testing4 result=allow:allow
[2026-02-12T15:28:26.540763] [USER-CHECK] user=n5-testing result=allow:allow
[2026-02-12T15:28:26.557139] [USER-CHECK] user=n5-testing4 result=allow:allow
[2026-02-12T15:28:26.764448] [USER-CHECK] user=n5-testing result=allow:allow
[2026-02-12T15:28:26.807455] [USER-CHECK] user=n5-testing4 result=allow:allow
[2026-02-12T15:28:27.088314] [USER-CHECK] user=n5-testing result=allow:allow
[2026-02-12T15:28:27.157433] [USER-CHECK] user=n5-testing4 result=allow:allow
[2026-02-12T15:28:27.183727] [USER-CHECK] user=n5-testing4 result=allow:allow
[2026-02-12T15:28:27.349953] [USER-CHECK] user=n5-testing4 result=allow:allow
[2026-02-12T15:28:27.429991] [USER-CHECK] user=n5-testing4 result=allow:allow
[2026-02-12T15:28:27.599406] [USER-CHECK] user=n5-testing4 result=allow:allow
[2026-02-12T15:28:28.402000] [USER-CHECK] user=n5-testing4 result=allow:allow
[2026-02-12T15:28:34.114367] [USER-CHECK] user=n5-testing4 result=allow:allow
[2026-02-12T15:28:35.290214] [USER-CHECK] user=n5-testing4 result=allow:allow
[2026-02-12T16:09:06.888017] [USER-CHECK] user=n5-testing4 result=allow:allow
[2026-02-12T16:09:06.893642] [USER-CHECK] user=n5-testing4 result=allow:allow
[2026-02-12T16:09:06.928632] [USER-CHECK] user=n5-testing4 result=allow:allow
[2026-02-12T16:09:06.930940] [USER-CHECK] user=n5-testing4 result=allow:allow
[2026-02-12T16:09:06.940702] [USER-CHECK] user=n5-testing4 result=allow:allow
[2026-02-12T16:09:06.942992] [USER-CHECK] user=n5-testing result=allow:allow
[2026-02-12T16:09:06.949658] [USER-CHECK] user=n5-testing result=allow:allow
[2026-02-12T16:09:06.960520] [USER-CHECK] user=n5-testing result=allow:allow
[2026-02-12T16:09:06.961105] [USER-CHECK] user=n5-testing result=allow:allow
[2026-02-12T16:09:06.963916] [USER-CHECK] user=n5-testing4 result=allow:allow
[2026-02-12T16:09:06.971354] [USER-CHECK] user=n5-testing4 result=allow:allow
[2026-02-12T16:09:06.977930] [USER-CHECK] user=n5-testing4 result=allow:allow
[2026-02-12T16:09:06.980743] [USER-CHECK] user=n5-testing4 result=allow:allow
[2026-02-12T16:09:06.996500] [USER-CHECK] user=n5-testing4 result=allow:allow
[2026-02-12T16:09:07.030826] [USER-CHECK] user=n5-testing result=allow:allow
[2026-02-12T16:09:07.037777] [USER-CHECK] user=n5-testing4 result=allow:allow
[2026-02-12T16:09:07.113316] [USER-CHECK] user=n5-testing4 result=allow:allow
[2026-02-12T16:09:07.123683] [USER-CHECK] user=n5-testing4 result=allow:allow
[2026-02-12T16:09:07.149797] [USER-CHECK] user=n5-testing4 result=allow:allow
[2026-02-12T16:09:07.156537] [USER-CHECK] user=n5-testing4 result=allow:allow
[2026-02-12T16:09:07.165432] [USER-CHECK] user=n5-testing result=allow:allow
[2026-02-12T16:09:07.219801] [USER-CHECK] user=n5-testing result=allow:allow
[2026-02-12T16:09:07.222268] [USER-CHECK] user=n5-testing4 result=allow:allow
[2026-02-12T16:09:07.232856] [USER-CHECK] user=n5-testing result=allow:allow
[2026-02-12T16:09:07.253081] [USER-CHECK] user=n5-testing4 result=allow:allow
[2026-02-12T16:09:07.298681] [USER-CHECK] user=n5-testing4 result=allow:allow
[2026-02-12T16:09:07.326071] [USER-CHECK] user=n5-testing4 result=allow:allow
[2026-02-12T16:09:07.353833] [USER-CHECK] user=n5-testing result=allow:allow
[2026-02-12T16:09:07.398658] [USER-CHECK] user=n5-testing result=allow:allow
[2026-02-12T16:09:07.413903] [USER-CHECK] user=n5-testing result=allow:allow
[2026-02-12T16:09:07.441252] [USER-CHECK] user=n5-testing4 result=allow:allow
[2026-02-12T16:09:07.493575] [USER-CHECK] user=n5-testing4 result=allow:allow
[2026-02-12T16:09:07.501668] [USER-CHECK] user=n5-testing4 result=allow:allow
[2026-02-12T16:09:07.584096] [USER-CHECK] user=n5-testing result=allow:allow
[2026-02-12T16:09:07.612021] [USER-CHECK] user=n5-testing4 result=allow:allow
[2026-02-12T16:09:07.614132] [USER-CHECK] user=n5-testing result=allow:allow
[2026-02-12T16:09:07.619779] [USER-CHECK] user=n5-testing4 result=allow:allow
[2026-02-12T16:09:07.621729] [USER-CHECK] user=n5-testing result=allow:allow
[2026-02-12T16:09:07.661147] [USER-CHECK] user=n5-testing4 result=allow:allow
[2026-02-12T16:09:07.730798] [USER-CHECK] user=n5-testing4 result=allow:allow
[2026-02-12T16:09:07.761960] [USER-CHECK] user=n5-testing4 result=allow:allow
[2026-02-12T16:09:07.857023] [USER-CHECK] user=n5-testing4 result=allow:allow
[2026-02-12T16:09:07.863307] [USER-CHECK] user=n5-testing result=allow:allow
[2026-02-12T16:09:07.873855] [USER-CHECK] user=n5-testing result=allow:allow
[2026-02-12T16:09:07.879562] [USER-CHECK] user=n5-testing4 result=allow:allow
[2026-02-12T16:09:07.885426] [USER-CHECK] user=n5-testing4 result=allow:allow
[2026-02-12T16:09:08.003286] [USER-CHECK] user=n5-testing4 result=allow:allow
[2026-02-12T16:09:08.027911] [USER-CHECK] user=n5-testing4 result=allow:allow
[2026-02-12T16:20:28.622277] [USER-CHECK] user=n5-testing4 result=allow:allow
[2026-02-12T16:20:29.034509] [USER-CHECK] user=n5-testing4 result=allow:allow
[2026-02-12T16:20:29.999163] [USER-CHECK] user=n5-testing4 result=allow:allow
[2026-02-12T16:20:32.987964] [USER-CHECK] user=n5-testing4 result=allow:allow
[2026-02-12T16:20:33.300473] [USER-CHECK] user=n5-testing4 result=allow:allow
[2026-02-12T16:20:33.486341] [USER-CHECK] user=n5-testing4 result=allow:allow
[2026-02-12T16:22:58.420023] [USER-CHECK] user=n5-testing4 result=allow:allow
[2026-02-12T16:23:01.975127] [USER-CHECK] user=n5-testing4 result=allow:allow
[2026-02-12T16:23:06.361358] [USER-CHECK] user=n5-testing4 result=allow:allow
[2026-02-12T16:23:09.710898] [USER-CHECK] user=n5-testing4 result=allow:allow
[2026-02-12T16:23:16.222293] [USER-CHECK] user=n5-testing4 result=allow:allow
[2026-02-12T16:23:17.852330] [USER-CHECK] user=n5-testing4 result=allow:allow
[2026-02-12T16:23:22.088358] [USER-CHECK] user=n5-testing4 result=allow:allow
[2026-02-12T16:23:46.422076] [USER-CHECK] user=n5-testing4 result=allow:allow
[2026-02-12T16:24:30.697445] [USER-CHECK] user=n5-testing4 result=allow:allow
[2026-02-12T16:25:11.190113] [USER-CHECK] user=n5-testing4 result=allow:allow
[2026-02-12T16:25:11.210438] [USER-CHECK] user=n5-testing4 result=allow:allow
[2026-02-12T16:25:11.462833] [USER-CHECK] user=n5-testing4 result=allow:allow
[2026-02-12T16:25:11.488835] [USER-CHECK] user=n5-testing4 result=allow:allow
[2026-02-12T16:25:11.585030] [USER-CHECK] user=n5-testing4 result=allow:allow
[2026-02-12T16:25:11.630569] [USER-CHECK] user=n5-testing4 result=allow:allow
[2026-02-12T16:25:11.636740] [USER-CHECK] user=n5-testing4 result=allow:allow
[2026-02-12T16:25:11.651738] [USER-CHECK] user=n5-testing result=allow:allow
[2026-02-12T16:25:11.666771] [USER-CHECK] user=n5-testing4 result=allow:allow
[2026-02-12T16:25:11.679741] [USER-CHECK] user=n5-testing4 result=allow:allow
[2026-02-12T16:25:11.688745] [USER-CHECK] user=n5-testing4 result=allow:allow
[2026-02-12T16:25:11.698897] [USER-CHECK] user=n5-testing result=allow:allow
[2026-02-12T16:25:11.720045] [USER-CHECK] user=n5-testing result=allow:allow
[2026-02-12T16:25:11.774074] [USER-CHECK] user=n5-testing4 result=allow:allow
[2026-02-12T16:25:11.776764] [USER-CHECK] user=n5-testing4 result=allow:allow
[2026-02-12T16:25:11.778995] [USER-CHECK] user=n5-testing result=allow:allow
[2026-02-12T16:25:11.800906] [USER-CHECK] user=n5-testing result=allow:allow
[2026-02-12T16:25:11.831971] [USER-CHECK] user=n5-testing4 result=allow:allow
[2026-02-12T16:25:11.840373] [USER-CHECK] user=n5-testing4 result=allow:allow
[2026-02-12T16:25:11.862500] [USER-CHECK] user=n5-testing4 result=allow:allow
[2026-02-12T16:25:11.863002] [USER-CHECK] user=n5-testing4 result=allow:allow
[2026-02-12T16:25:11.885616] [USER-CHECK] user=n5-testing4 result=allow:allow
[2026-02-12T16:25:11.903712] [USER-CHECK] user=n5-testing4 result=allow:allow
[2026-02-12T16:25:11.936937] [USER-CHECK] user=n5-testing4 result=allow:allow
[2026-02-12T16:25:11.947733] [USER-CHECK] user=n5-testing result=allow:allow
[2026-02-12T16:25:11.956267] [USER-CHECK] user=n5-testing4 result=allow:allow
[2026-02-12T16:25:11.969976] [USER-CHECK] user=n5-testing result=allow:allow
[2026-02-12T16:25:11.986789] [USER-CHECK] user=n5-testing result=allow:allow
[2026-02-12T16:25:12.005140] [USER-CHECK] user=n5-testing4 result=allow:allow
[2026-02-12T16:25:12.007792] [USER-CHECK] user=n5-testing result=allow:allow
[2026-02-12T16:25:12.020510] [USER-CHECK] user=n5-testing result=allow:allow
[2026-02-12T16:25:12.021434] [USER-CHECK] user=n5-testing result=allow:allow
[2026-02-12T16:25:12.023825] [USER-CHECK] user=n5-testing4 result=allow:allow
[2026-02-12T16:25:12.069886] [USER-CHECK] user=n5-testing result=allow:allow
[2026-02-12T16:25:12.128679] [USER-CHECK] user=n5-testing4 result=allow:allow
[2026-02-12T16:25:12.167068] [USER-CHECK] user=n5-testing4 result=allow:allow
[2026-02-12T16:25:12.180374] [USER-CHECK] user=n5-testing4 result=allow:allow
[2026-02-12T16:25:12.183102] [USER-CHECK] user=n5-testing4 result=allow:allow
[2026-02-12T16:25:12.229883] [USER-CHECK] user=n5-testing4 result=allow:allow
[2026-02-12T16:25:12.237359] [USER-CHECK] user=n5-testing4 result=allow:allow
[2026-02-12T16:25:12.244890] [USER-CHECK] user=n5-testing result=allow:allow
[2026-02-12T16:25:12.343716] [USER-CHECK] user=n5-testing result=allow:allow
[2026-02-12T16:25:12.402889] [USER-CHECK] user=n5-testing4 result=allow:allow
[2026-02-12T16:25:12.427133] [USER-CHECK] user=n5-testing4 result=allow:allow
[2026-02-12T16:25:12.434420] [USER-CHECK] user=n5-testing4 result=allow:allow
[2026-02-12T16:25:12.467129] [USER-CHECK] user=n5-testing4 result=allow:allow
[2026-02-12T16:25:12.476715] [USER-CHECK] user=n5-testing4 result=allow:allow
[2026-02-12T16:25:12.515732] [USER-CHECK] user=n5-testing4 result=allow:allow
[2026-02-12T16:25:13.216036] [USER-CHECK] user=n5-testing4 result=allow:allow
[2026-02-12T16:25:13.297765] [USER-CHECK] user=n5-testing result=allow:allow
[2026-02-12T16:25:15.525895] [USER-CHECK] user=n5-testing4 result=allow:allow
[2026-02-12T16:25:15.537656] [USER-CHECK] user=n5-testing4 result=allow:allow
[2026-02-12T16:25:15.650277] [USER-CHECK] user=n5-testing4 result=allow:allow
[2026-02-12T16:25:15.691630] [USER-CHECK] user=n5-testing result=allow:allow
[2026-02-12T16:25:19.245290] [USER-CHECK] user=n5-testing4 result=allow:allow
[2026-02-12T16:25:25.649950] [USER-CHECK] user=n5-testing4 result=allow:allow
[2026-02-12T16:25:35.487646] [USER-CHECK] user=n5-testing4 result=allow:allow
[2026-02-12T16:25:37.585296] [USER-CHECK] user=n5-testing4 result=allow:allow
[2026-02-12T16:25:38.737689] [USER-CHECK] user=n5-testing4 result=allow:allow
[2026-02-12T16:25:40.584326] [USER-CHECK] user=n5-testing4 result=allow:allow
[2026-02-12T16:25:51.952069] [USER-CHECK] user=n5-testing4 result=allow:allow
[2026-02-12T16:26:24.314502] [USER-CHECK] user=n5-testing4 result=allow:allow
[2026-02-12T16:26:26.783453] [USER-CHECK] user=n5-testing4 result=allow:allow
[2026-02-12T16:26:51.819729] [USER-CHECK] user=n5-testing4 result=allow:allow
[2026-02-12T16:26:51.834720] [USER-CHECK] user=n5-testing result=allow:allow
[2026-02-12T16:26:52.060702] [USER-CHECK] user=n5-testing4 result=allow:allow
[2026-02-12T16:26:52.522711] [USER-CHECK] user=n5-testing result=allow:allow
[2026-02-12T16:26:52.553524] [USER-CHECK] user=n5-testing4 result=allow:allow
[2026-02-12T16:26:52.556393] [USER-CHECK] user=n5-testing4 result=allow:allow
[2026-02-12T16:26:52.580863] [USER-CHECK] user=n5-testing result=allow:allow
[2026-02-12T16:26:52.581257] [USER-CHECK] user=n5-testing4 result=allow:allow
[2026-02-12T16:26:52.582198] [USER-CHECK] user=n5-testing result=allow:allow
[2026-02-12T16:26:52.688791] [USER-CHECK] user=n5-testing4 result=allow:allow
[2026-02-12T16:26:52.696619] [USER-CHECK] user=n5-testing4 result=allow:allow
[2026-02-12T16:26:52.767079] [USER-CHECK] user=n5-testing4 result=allow:allow
[2026-02-12T16:26:52.767839] [USER-CHECK] user=n5-testing4 result=allow:allow
[2026-02-12T16:26:52.791198] [USER-CHECK] user=n5-testing4 result=allow:allow
[2026-02-12T16:26:52.837854] [USER-CHECK] user=n5-testing4 result=allow:allow
[2026-02-12T16:26:52.898741] [USER-CHECK] user=n5-testing4 result=allow:allow
[2026-02-12T16:26:52.946992] [USER-CHECK] user=n5-testing4 result=allow:allow
[2026-02-12T16:26:52.965710] [USER-CHECK] user=n5-testing4 result=allow:allow
[2026-02-12T16:26:52.974505] [USER-CHECK] user=n5-testing result=allow:allow
[2026-02-12T16:26:52.981625] [USER-CHECK] user=n5-testing4 result=allow:allow
[2026-02-12T16:26:52.995334] [USER-CHECK] user=n5-testing4 result=allow:allow
[2026-02-12T16:26:53.028405] [USER-CHECK] user=n5-testing result=allow:allow
[2026-02-12T16:26:53.036462] [USER-CHECK] user=n5-testing result=allow:allow
[2026-02-12T16:26:53.038044] [USER-CHECK] user=n5-testing result=allow:allow
[2026-02-12T16:26:53.049128] [USER-CHECK] user=n5-testing4 result=allow:allow
[2026-02-12T16:26:53.065814] [USER-CHECK] user=n5-testing4 result=allow:allow
[2026-02-12T16:26:53.077194] [USER-CHECK] user=n5-testing4 result=allow:allow
[2026-02-12T16:26:53.087761] [USER-CHECK] user=n5-testing result=allow:allow
[2026-02-12T16:26:53.093832] [USER-CHECK] user=n5-testing result=allow:allow
[2026-02-12T16:26:53.103252] [USER-CHECK] user=n5-testing4 result=allow:allow
[2026-02-12T16:26:53.110293] [USER-CHECK] user=n5-testing result=allow:allow
[2026-02-12T16:26:53.110713] [USER-CHECK] user=n5-testing4 result=allow:allow
[2026-02-12T16:26:53.113227] [USER-CHECK] user=n5-testing result=allow:allow
[2026-02-12T16:26:53.117604] [USER-CHECK] user=n5-testing4 result=allow:allow
[2026-02-12T16:26:53.124679] [USER-CHECK] user=n5-testing4 result=allow:allow
[2026-02-12T16:26:53.194906] [USER-CHECK] user=n5-testing result=allow:allow
[2026-02-12T16:26:53.200653] [USER-CHECK] user=n5-testing4 result=allow:allow
[2026-02-12T16:26:53.242669] [USER-CHECK] user=n5-testing4 result=allow:allow
[2026-02-12T16:26:53.242906] [USER-CHECK] user=n5-testing4 result=allow:allow
[2026-02-12T16:26:53.266937] [USER-CHECK] user=n5-testing result=allow:allow
[2026-02-12T16:26:53.267888] [USER-CHECK] user=n5-testing4 result=allow:allow
[2026-02-12T16:26:53.282738] [USER-CHECK] user=n5-testing4 result=allow:allow
[2026-02-12T16:26:53.286932] [USER-CHECK] user=n5-testing4 result=allow:allow
[2026-02-12T16:26:53.288687] [USER-CHECK] user=n5-testing4 result=allow:allow
[2026-02-12T16:26:53.310867] [USER-CHECK] user=n5-testing4 result=allow:allow
[2026-02-12T16:26:53.341903] [USER-CHECK] user=n5-testing4 result=allow:allow
[2026-02-12T16:26:53.382799] [USER-CHECK] user=n5-testing4 result=allow:allow
[2026-02-12T16:26:53.396406] [USER-CHECK] user=n5-testing4 result=allow:allow
[2026-02-12T16:26:53.424804] [USER-CHECK] user=n5-testing4 result=allow:allow
[2026-02-12T16:26:53.509432] [USER-CHECK] user=n5-testing4 result=allow:allow
[2026-02-12T16:26:53.535770] [USER-CHECK] user=n5-testing result=allow:allow
[2026-02-12T16:26:53.537198] [USER-CHECK] user=n5-testing4 result=allow:allow
[2026-02-12T16:26:53.579956] [USER-CHECK] user=n5-testing result=allow:allow
[2026-02-12T16:26:53.589057] [USER-CHECK] user=n5-testing4 result=allow:allow
[2026-02-12T16:26:54.130156] [USER-CHECK] user=n5-testing4 result=allow:allow
[2026-02-12T16:26:58.134740] [USER-CHECK] user=n5-testing4 result=allow:allow
[2026-02-12T16:27:02.131551] [USER-CHECK] user=n5-testing4 result=allow:allow
[2026-02-12T16:27:07.002079] [USER-CHECK] user=n5-testing4 result=allow:allow
[2026-02-12T16:27:13.706581] [USER-CHECK] user=n5-testing4 result=allow:allow
[2026-02-12T16:27:17.672919] [USER-CHECK] user=n5-testing4 result=allow:allow
[2026-02-12T16:27:28.545149] [USER-CHECK] user=n5-testing4 result=allow:allow
[2026-02-12T16:27:29.762527] [USER-CHECK] user=n5-testing4 result=allow:allow
[2026-02-12T16:28:27.781925] [USER-CHECK] user=n5-testing4 result=allow:allow
[2026-02-12T16:28:27.782826] [USER-CHECK] user=n5-testing4 result=allow:allow
[2026-02-12T16:28:27.939479] [USER-CHECK] user=n5-testing result=allow:allow
[2026-02-12T16:28:28.008964] [USER-CHECK] user=n5-testing result=allow:allow
[2026-02-12T16:28:28.031981] [USER-CHECK] user=n5-testing4 result=allow:allow
[2026-02-12T16:28:28.340653] [USER-CHECK] user=n5-testing result=allow:allow
[2026-02-12T16:28:28.348721] [USER-CHECK] user=n5-testing4 result=allow:allow
[2026-02-12T16:28:28.480677] [USER-CHECK] user=n5-testing result=allow:allow
[2026-02-12T16:28:28.511444] [USER-CHECK] user=n5-testing4 result=allow:allow
[2026-02-12T16:28:28.511873] [USER-CHECK] user=n5-testing4 result=allow:allow
[2026-02-12T16:28:28.521606] [USER-CHECK] user=n5-testing result=allow:allow
[2026-02-12T16:28:28.554758] [USER-CHECK] user=n5-testing result=allow:allow
[2026-02-12T16:28:28.559813] [USER-CHECK] user=n5-testing4 result=allow:allow
[2026-02-12T16:28:28.588588] [USER-CHECK] user=n5-testing4 result=allow:allow
[2026-02-12T16:28:28.613657] [USER-CHECK] user=n5-testing4 result=allow:allow
[2026-02-12T16:28:28.619287] [USER-CHECK] user=n5-testing4 result=allow:allow
[2026-02-12T16:28:28.621178] [USER-CHECK] user=n5-testing4 result=allow:allow
[2026-02-12T16:28:28.641876] [USER-CHECK] user=n5-testing4 result=allow:allow
[2026-02-12T16:28:28.644831] [USER-CHECK] user=n5-testing result=allow:allow
[2026-02-12T16:28:28.658162] [USER-CHECK] user=n5-testing result=allow:allow
[2026-02-12T16:28:28.678964] [USER-CHECK] user=n5-testing4 result=allow:allow
[2026-02-12T16:28:28.681200] [USER-CHECK] user=n5-testing4 result=allow:allow
[2026-02-12T16:28:28.687076] [USER-CHECK] user=n5-testing4 result=allow:allow
[2026-02-12T16:28:28.697674] [USER-CHECK] user=n5-testing result=allow:allow
[2026-02-12T16:28:28.728360] [USER-CHECK] user=n5-testing result=allow:allow
[2026-02-12T16:28:28.744621] [USER-CHECK] user=n5-testing4 result=allow:allow
[2026-02-12T16:28:28.743684] [USER-CHECK] user=n5-testing4 result=allow:allow
[2026-02-12T16:28:28.752452] [USER-CHECK] user=n5-testing4 result=allow:allow
[2026-02-12T16:28:28.755543] [USER-CHECK] user=n5-testing4 result=allow:allow
[2026-02-12T16:28:28.778851] [USER-CHECK] user=n5-testing result=allow:allow
[2026-02-12T16:28:28.841784] [USER-CHECK] user=n5-testing result=allow:allow
[2026-02-12T16:28:28.843658] [USER-CHECK] user=n5-testing4 result=allow:allow
[2026-02-12T16:28:28.866679] [USER-CHECK] user=n5-testing4 result=allow:allow
[2026-02-12T16:28:28.877226] [USER-CHECK] user=n5-testing4 result=allow:allow
[2026-02-12T16:28:28.899578] [USER-CHECK] user=n5-testing result=allow:allow
[2026-02-12T16:28:28.900382] [USER-CHECK] user=n5-testing4 result=allow:allow
[2026-02-12T16:28:28.910604] [USER-CHECK] user=n5-testing result=allow:allow
[2026-02-12T16:28:28.914612] [USER-CHECK] user=n5-testing4 result=allow:allow
[2026-02-12T16:28:28.924958] [USER-CHECK] user=n5-testing4 result=allow:allow
[2026-02-12T16:28:28.985999] [USER-CHECK] user=n5-testing4 result=allow:allow
[2026-02-12T16:28:29.009866] [USER-CHECK] user=n5-testing4 result=allow:allow
[2026-02-12T16:28:29.020343] [USER-CHECK] user=n5-testing4 result=allow:allow
[2026-02-12T16:28:29.037723] [USER-CHECK] user=n5-testing4 result=allow:allow
[2026-02-12T16:28:29.049221] [USER-CHECK] user=n5-testing4 result=allow:allow
[2026-02-12T16:28:29.052810] [USER-CHECK] user=n5-testing4 result=allow:allow
[2026-02-12T16:28:29.054663] [USER-CHECK] user=n5-testing4 result=allow:allow
[2026-02-12T16:28:29.074262] [USER-CHECK] user=n5-testing result=allow:allow
[2026-02-12T16:28:29.179343] [USER-CHECK] user=n5-testing4 result=allow:allow
[2026-02-12T16:28:29.253551] [USER-CHECK] user=n5-testing4 result=allow:allow
[2026-02-12T16:28:29.262231] [USER-CHECK] user=n5-testing4 result=allow:allow
[2026-02-12T16:28:29.285507] [USER-CHECK] user=n5-testing result=allow:allow
[2026-02-12T16:28:29.481641] [USER-CHECK] user=n5-testing4 result=allow:allow
[2026-02-12T16:28:29.870370] [USER-CHECK] user=n5-testing4 result=allow:allow
[2026-02-12T16:28:33.175435] [USER-CHECK] user=n5-testing4 result=allow:allow
[2026-02-12T16:28:37.180096] [USER-CHECK] user=n5-testing4 result=allow:allow
[2026-02-12T16:28:39.558808] [USER-CHECK] user=n5-testing4 result=allow:allow
[2026-02-12T16:28:47.436860] [USER-CHECK] user=n5-testing4 result=allow:allow
[2026-02-12T16:28:48.903745] [USER-CHECK] user=n5-testing4 result=allow:allow
[2026-02-12T16:28:54.818239] [USER-CHECK] user=n5-testing4 result=allow:allow
[2026-02-12T16:29:09.637858] [USER-CHECK] user=n5-testing4 result=allow:allow
[2026-02-12T16:29:31.222944] [USER-CHECK] user=n5-testing4 result=allow:allow
[2026-02-12T16:29:40.734585] [USER-CHECK] user=n5-testing4 result=allow:allow
[2026-02-12T16:29:49.469565] [USER-CHECK] user=n5-testing4 result=allow:allow
[2026-02-12T16:30:39.340259] [USER-CHECK] user=n5-testing4 result=allow:allow
[2026-02-12T16:31:04.493027] [USER-CHECK] user=n5-testing result=allow:allow
[2026-02-12T16:31:04.549143] [USER-CHECK] user=n5-testing4 result=allow:allow
[2026-02-12T16:31:04.649072] [USER-CHECK] user=n5-testing4 result=allow:allow
[2026-02-12T16:31:04.664710] [USER-CHECK] user=n5-testing result=allow:allow
[2026-02-12T16:31:04.748871] [USER-CHECK] user=n5-testing4 result=allow:allow
[2026-02-12T16:31:04.749580] [USER-CHECK] user=n5-testing result=allow:allow
[2026-02-12T16:31:04.755465] [USER-CHECK] user=n5-testing4 result=allow:allow
[2026-02-12T16:31:04.769788] [USER-CHECK] user=n5-testing result=allow:allow
[2026-02-12T16:31:04.787318] [USER-CHECK] user=n5-testing4 result=allow:allow
[2026-02-12T16:31:04.792949] [USER-CHECK] user=n5-testing4 result=allow:allow
[2026-02-12T16:31:04.934568] [USER-CHECK] user=n5-testing4 result=allow:allow
[2026-02-12T16:31:04.938606] [USER-CHECK] user=n5-testing4 result=allow:allow
[2026-02-12T16:31:04.939027] [USER-CHECK] user=n5-testing4 result=allow:allow
[2026-02-12T16:31:04.954978] [USER-CHECK] user=n5-testing4 result=allow:allow
[2026-02-12T16:31:04.971489] [USER-CHECK] user=n5-testing result=allow:allow
[2026-02-12T16:31:04.971919] [USER-CHECK] user=n5-testing4 result=allow:allow
[2026-02-12T16:31:04.972556] [USER-CHECK] user=n5-testing4 result=allow:allow
[2026-02-12T16:31:04.976053] [USER-CHECK] user=n5-testing4 result=allow:allow
[2026-02-12T16:31:05.047775] [USER-CHECK] user=n5-testing result=allow:allow
[2026-02-12T16:31:05.047788] [USER-CHECK] user=n5-testing4 result=allow:allow
[2026-02-12T16:31:05.060051] [USER-CHECK] user=n5-testing result=allow:allow
[2026-02-12T16:31:05.068596] [USER-CHECK] user=n5-testing4 result=allow:allow
[2026-02-12T16:31:05.073939] [USER-CHECK] user=n5-testing4 result=allow:allow
[2026-02-12T16:31:05.090108] [USER-CHECK] user=n5-testing result=allow:allow
[2026-02-12T16:31:05.094837] [USER-CHECK] user=n5-testing4 result=allow:allow
[2026-02-12T16:31:05.095844] [USER-CHECK] user=n5-testing4 result=allow:allow
[2026-02-12T16:31:05.100012] [USER-CHECK] user=n5-testing4 result=allow:allow
[2026-02-12T16:31:05.110232] [USER-CHECK] user=n5-testing4 result=allow:allow
[2026-02-12T16:31:05.112328] [USER-CHECK] user=n5-testing result=allow:allow
[2026-02-12T16:31:05.115281] [USER-CHECK] user=n5-testing result=allow:allow
[2026-02-12T16:31:05.125285] [USER-CHECK] user=n5-testing4 result=allow:allow
[2026-02-12T16:31:05.137842] [USER-CHECK] user=n5-testing4 result=allow:allow
[2026-02-12T16:31:05.154240] [USER-CHECK] user=n5-testing4 result=allow:allow
[2026-02-12T16:31:05.157902] [USER-CHECK] user=n5-testing4 result=allow:allow
[2026-02-12T16:31:05.165283] [USER-CHECK] user=n5-testing4 result=allow:allow
[2026-02-12T16:31:05.178271] [USER-CHECK] user=n5-testing4 result=allow:allow
[2026-02-12T16:31:05.205269] [USER-CHECK] user=n5-testing result=allow:allow
[2026-02-12T16:31:05.212024] [USER-CHECK] user=n5-testing4 result=allow:allow
[2026-02-12T16:31:05.216415] [USER-CHECK] user=n5-testing4 result=allow:allow
[2026-02-12T16:31:05.250721] [USER-CHECK] user=n5-testing result=allow:allow
[2026-02-12T16:31:05.283767] [USER-CHECK] user=n5-testing4 result=allow:allow
[2026-02-12T16:31:05.288184] [USER-CHECK] user=n5-testing result=allow:allow
[2026-02-12T16:31:05.310145] [USER-CHECK] user=n5-testing4 result=allow:allow
[2026-02-12T16:31:05.373221] [USER-CHECK] user=n5-testing result=allow:allow
[2026-02-12T16:31:05.416975] [USER-CHECK] user=n5-testing4 result=allow:allow
[2026-02-12T16:31:05.436956] [USER-CHECK] user=n5-testing4 result=allow:allow
[2026-02-12T16:31:05.438534] [USER-CHECK] user=n5-testing4 result=allow:allow
[2026-02-12T16:31:05.485662] [USER-CHECK] user=n5-testing result=allow:allow
[2026-02-12T16:31:05.549377] [USER-CHECK] user=n5-testing4 result=allow:allow
[2026-02-12T16:31:05.573664] [USER-CHECK] user=n5-testing result=allow:allow
[2026-02-12T16:31:05.575879] [USER-CHECK] user=n5-testing4 result=allow:allow
[2026-02-12T16:31:05.577683] [USER-CHECK] user=n5-testing4 result=allow:allow
[2026-02-12T16:31:05.866257] [USER-CHECK] user=n5-testing4 result=allow:allow
[2026-02-12T16:31:05.921824] [USER-CHECK] user=n5-testing4 result=allow:allow
[2026-02-12T16:31:07.378584] [USER-CHECK] user=n5-testing4 result=allow:allow
[2026-02-12T16:31:08.528374] [USER-CHECK] user=n5-testing4 result=allow:allow
[2026-02-12T16:31:10.656551] [USER-CHECK] user=n5-testing4 result=allow:allow
[2026-02-12T16:31:17.721871] [USER-CHECK] user=n5-testing4 result=allow:allow
[2026-02-12T16:31:25.061903] [USER-CHECK] user=n5-testing4 result=allow:allow
[2026-02-12T16:32:54.687163] [USER-CHECK] user=n5-testing4 result=allow:allow
[2026-02-12T16:33:04.649526] [USER-CHECK] user=n5-testing4 result=allow:allow
[2026-02-12T16:33:08.755005] [USER-CHECK] user=n5-testing4 result=allow:allow
[2026-02-12T16:33:13.060493] [USER-CHECK] user=n5-testing4 result=allow:allow
[2026-02-12T16:34:16.195997] [USER-CHECK] user=n5-testing4 result=allow:allow
[2026-02-12T16:35:22.232425] [USER-CHECK] user=n5-testing result=allow:allow
[2026-02-12T16:35:22.242497] [USER-CHECK] user=n5-testing4 result=allow:allow
[2026-02-12T16:35:22.249230] [USER-CHECK] user=n5-testing result=allow:allow
[2026-02-12T16:35:22.255609] [USER-CHECK] user=n5-testing4 result=allow:allow
[2026-02-12T16:35:22.294862] [USER-CHECK] user=n5-testing4 result=allow:allow
[2026-02-12T16:35:22.371835] [USER-CHECK] user=n5-testing4 result=allow:allow
[2026-02-12T16:35:22.445809] [USER-CHECK] user=n5-testing4 result=allow:allow
[2026-02-12T16:35:22.475845] [USER-CHECK] user=n5-testing4 result=allow:allow
[2026-02-12T16:35:22.478575] [USER-CHECK] user=n5-testing result=allow:allow
[2026-02-12T16:35:22.478652] [USER-CHECK] user=n5-testing4 result=allow:allow
[2026-02-12T16:35:22.479410] [USER-CHECK] user=n5-testing result=allow:allow
[2026-02-12T16:35:22.505257] [USER-CHECK] user=n5-testing result=allow:allow
[2026-02-12T16:35:22.510534] [USER-CHECK] user=n5-testing result=allow:allow
[2026-02-12T16:35:22.513325] [USER-CHECK] user=n5-testing4 result=allow:allow
[2026-02-12T16:35:22.518681] [USER-CHECK] user=n5-testing result=allow:allow
[2026-02-12T16:35:22.541165] [USER-CHECK] user=n5-testing result=allow:allow
[2026-02-12T16:35:22.547553] [USER-CHECK] user=n5-testing4 result=allow:allow
[2026-02-12T16:35:22.547849] [USER-CHECK] user=n5-testing4 result=allow:allow
[2026-02-12T16:35:22.554654] [USER-CHECK] user=n5-testing4 result=allow:allow
[2026-02-12T16:35:22.567730] [USER-CHECK] user=n5-testing4 result=allow:allow
[2026-02-12T16:35:22.584711] [USER-CHECK] user=n5-testing4 result=allow:allow
[2026-02-12T16:35:22.603145] [USER-CHECK] user=n5-testing4 result=allow:allow
[2026-02-12T16:35:22.627606] [USER-CHECK] user=n5-testing4 result=allow:allow
[2026-02-12T16:35:22.644587] [USER-CHECK] user=n5-testing4 result=allow:allow
[2026-02-12T16:35:22.656043] [USER-CHECK] user=n5-testing4 result=allow:allow
[2026-02-12T16:35:22.659663] [USER-CHECK] user=n5-testing4 result=allow:allow
[2026-02-12T16:35:22.671783] [USER-CHECK] user=n5-testing result=allow:allow
[2026-02-12T16:35:22.684787] [USER-CHECK] user=n5-testing4 result=allow:allow
[2026-02-12T16:35:22.696829] [USER-CHECK] user=n5-testing4 result=allow:allow
[2026-02-12T16:35:22.701812] [USER-CHECK] user=n5-testing4 result=allow:allow
[2026-02-12T16:35:22.704577] [USER-CHECK] user=n5-testing4 result=allow:allow
[2026-02-12T16:35:22.751979] [USER-CHECK] user=n5-testing4 result=allow:allow
[2026-02-12T16:35:22.821590] [USER-CHECK] user=n5-testing4 result=allow:allow
[2026-02-12T16:35:22.823092] [USER-CHECK] user=n5-testing4 result=allow:allow
[2026-02-12T16:35:22.837688] [USER-CHECK] user=n5-testing4 result=allow:allow
[2026-02-12T16:35:22.855833] [USER-CHECK] user=n5-testing4 result=allow:allow
[2026-02-12T16:35:22.862043] [USER-CHECK] user=n5-testing4 result=allow:allow
[2026-02-12T16:35:22.863523] [USER-CHECK] user=n5-testing4 result=allow:allow
[2026-02-12T16:35:22.890854] [USER-CHECK] user=n5-testing result=allow:allow
[2026-02-12T16:35:22.909152] [USER-CHECK] user=n5-testing4 result=allow:allow
[2026-02-12T16:35:22.925088] [USER-CHECK] user=n5-testing4 result=allow:allow
[2026-02-12T16:35:22.929647] [USER-CHECK] user=n5-testing4 result=allow:allow
[2026-02-12T16:35:22.970010] [USER-CHECK] user=n5-testing result=allow:allow
[2026-02-12T16:35:22.971998] [USER-CHECK] user=n5-testing4 result=allow:allow
[2026-02-12T16:35:22.993822] [USER-CHECK] user=n5-testing result=allow:allow
[2026-02-12T16:35:23.049838] [USER-CHECK] user=n5-testing4 result=allow:allow
[2026-02-12T16:35:23.098294] [USER-CHECK] user=n5-testing result=allow:allow
[2026-02-12T16:35:23.100886] [USER-CHECK] user=n5-testing result=allow:allow
[2026-02-12T16:35:23.140771] [USER-CHECK] user=n5-testing result=allow:allow
[2026-02-12T16:35:23.163331] [USER-CHECK] user=n5-testing4 result=allow:allow
[2026-02-12T16:35:23.363859] [USER-CHECK] user=n5-testing result=allow:allow
[2026-02-12T16:35:23.385763] [USER-CHECK] user=n5-testing4 result=allow:allow
[2026-02-12T16:35:23.443446] [USER-CHECK] user=n5-testing4 result=allow:allow
[2026-02-12T16:35:25.386372] [USER-CHECK] user=n5-testing4 result=allow:allow
[2026-02-12T16:37:26.623483] [USER-CHECK] user=n5-testing4 result=allow:allow
[2026-02-12T16:37:37.381555] [USER-CHECK] user=n5-testing4 result=allow:allow
[2026-02-12T16:37:40.075483] [USER-CHECK] user=n5-testing4 result=allow:allow
[2026-02-12T16:37:41.272857] [USER-CHECK] user=n5-testing4 result=allow:allow
[2026-02-12T16:38:02.488667] [USER-CHECK] user=n5-testing4 result=allow:allow
[2026-02-12T16:38:03.632620] [USER-CHECK] user=n5-testing4 result=allow:allow
[2026-02-12T16:38:31.448140] [USER-CHECK] user=n5-testing4 result=allow:allow
[2026-02-12T16:38:31.489669] [USER-CHECK] user=n5-testing4 result=allow:allow
[2026-02-12T16:38:31.490701] [USER-CHECK] user=n5-testing result=allow:allow
[2026-02-12T16:38:31.762654] [USER-CHECK] user=n5-testing result=allow:allow
[2026-02-12T16:38:31.763374] [USER-CHECK] user=n5-testing result=allow:allow
[2026-02-12T16:38:31.773689] [USER-CHECK] user=n5-testing4 result=allow:allow
[2026-02-12T16:38:31.819733] [USER-CHECK] user=n5-testing4 result=allow:allow
[2026-02-12T16:38:31.855805] [USER-CHECK] user=n5-testing4 result=allow:allow
[2026-02-12T16:38:31.877153] [USER-CHECK] user=n5-testing4 result=allow:allow
[2026-02-12T16:38:31.910325] [USER-CHECK] user=n5-testing4 result=allow:allow
[2026-02-12T16:38:31.911243] [USER-CHECK] user=n5-testing4 result=allow:allow
[2026-02-12T16:38:31.919500] [USER-CHECK] user=n5-testing4 result=allow:allow
[2026-02-12T16:38:31.959230] [USER-CHECK] user=n5-testing4 result=allow:allow
[2026-02-12T16:38:31.982785] [USER-CHECK] user=n5-testing result=allow:allow
[2026-02-12T16:38:31.994286] [USER-CHECK] user=n5-testing4 result=allow:allow
[2026-02-12T16:38:32.004504] [USER-CHECK] user=n5-testing4 result=allow:allow
[2026-02-12T16:38:32.018367] [USER-CHECK] user=n5-testing4 result=allow:allow
[2026-02-12T16:38:32.019122] [USER-CHECK] user=n5-testing4 result=allow:allow
[2026-02-12T16:38:32.031606] [USER-CHECK] user=n5-testing4 result=allow:allow
[2026-02-12T16:38:32.032646] [USER-CHECK] user=n5-testing result=allow:allow
[2026-02-12T16:38:32.034749] [USER-CHECK] user=n5-testing result=allow:allow
[2026-02-12T16:38:32.038447] [USER-CHECK] user=n5-testing result=allow:allow
[2026-02-12T16:38:32.044451] [USER-CHECK] user=n5-testing4 result=allow:allow
[2026-02-12T16:38:32.054655] [USER-CHECK] user=n5-testing4 result=allow:allow
[2026-02-12T16:38:32.058976] [USER-CHECK] user=n5-testing result=allow:allow
[2026-02-12T16:38:32.104442] [USER-CHECK] user=n5-testing4 result=allow:allow
[2026-02-12T16:38:32.141578] [USER-CHECK] user=n5-testing4 result=allow:allow
[2026-02-12T16:38:32.149898] [USER-CHECK] user=n5-testing result=allow:allow
[2026-02-12T16:38:32.177897] [USER-CHECK] user=n5-testing4 result=allow:allow
[2026-02-12T16:38:32.190907] [USER-CHECK] user=n5-testing4 result=allow:allow
[2026-02-12T16:38:32.199753] [USER-CHECK] user=n5-testing result=allow:allow
[2026-02-12T16:38:32.200331] [USER-CHECK] user=n5-testing4 result=allow:allow
[2026-02-12T16:38:32.207855] [USER-CHECK] user=n5-testing4 result=allow:allow
[2026-02-12T16:38:32.216900] [USER-CHECK] user=n5-testing4 result=allow:allow
[2026-02-12T16:38:32.218988] [USER-CHECK] user=n5-testing4 result=allow:allow
[2026-02-12T16:38:32.241397] [USER-CHECK] user=n5-testing4 result=allow:allow
[2026-02-12T16:38:32.249101] [USER-CHECK] user=n5-testing result=allow:allow
[2026-02-12T16:38:32.253678] [USER-CHECK] user=n5-testing result=allow:allow
[2026-02-12T16:38:32.271866] [USER-CHECK] user=n5-testing result=allow:allow
[2026-02-12T16:38:32.311480] [USER-CHECK] user=n5-testing4 result=allow:allow
[2026-02-12T16:38:32.323442] [USER-CHECK] user=n5-testing4 result=allow:allow
[2026-02-12T16:38:32.365892] [USER-CHECK] user=n5-testing4 result=allow:allow
[2026-02-12T16:38:32.384765] [USER-CHECK] user=n5-testing4 result=allow:allow
[2026-02-12T16:38:32.398092] [USER-CHECK] user=n5-testing result=allow:allow
[2026-02-12T16:38:32.400531] [USER-CHECK] user=n5-testing4 result=allow:allow
[2026-02-12T16:38:32.437428] [USER-CHECK] user=n5-testing4 result=allow:allow
[2026-02-12T16:38:32.545171] [USER-CHECK] user=n5-testing4 result=allow:allow
[2026-02-12T16:38:32.549081] [USER-CHECK] user=n5-testing result=allow:allow
[2026-02-12T16:38:32.711098] [USER-CHECK] user=n5-testing4 result=allow:allow
[2026-02-12T16:38:32.837591] [USER-CHECK] user=n5-testing result=allow:allow
[2026-02-12T16:38:32.965208] [USER-CHECK] user=n5-testing4 result=allow:allow
[2026-02-12T16:38:33.710998] [USER-CHECK] user=n5-testing4 result=allow:allow
[2026-02-12T16:38:33.878687] [USER-CHECK] user=n5-testing4 result=allow:allow
[2026-02-12T16:38:34.554485] [USER-CHECK] user=n5-testing4 result=allow:allow
[2026-02-12T16:38:35.245820] [USER-CHECK] user=n5-testing4 result=allow:allow
[2026-02-12T16:38:38.594096] [USER-CHECK] user=n5-testing4 result=allow:allow
[2026-02-12T16:38:41.214452] [USER-CHECK] user=n5-testing4 result=allow:allow
[2026-02-12T16:38:43.904624] [USER-CHECK] user=n5-testing4 result=allow:allow
[2026-02-12T16:38:54.504751] [USER-CHECK] user=n5-testing4 result=allow:allow
[2026-02-12T16:39:13.187456] [USER-CHECK] user=n5-testing4 result=allow:allow
[2026-02-12T16:43:19.395723] [USER-CHECK] user=n5-testing4 result=allow:allow
[2026-02-12T16:43:30.487966] [USER-CHECK] user=n5-testing4 result=allow:allow
[2026-02-12T16:43:43.517701] [USER-CHECK] user=n5-testing4 result=allow:allow
[2026-02-12T16:44:36.567120] [USER-CHECK] user=n5-testing4 result=allow:allow
[2026-02-12T16:44:36.859032] [USER-CHECK] user=n5-testing4 result=allow:allow
[2026-02-12T16:44:36.864677] [USER-CHECK] user=n5-testing result=allow:allow
[2026-02-12T16:44:36.868399] [USER-CHECK] user=n5-testing4 result=allow:allow
[2026-02-12T16:44:36.873095] [USER-CHECK] user=n5-testing result=allow:allow
[2026-02-12T16:44:36.900869] [USER-CHECK] user=n5-testing4 result=allow:allow
[2026-02-12T16:44:36.922761] [USER-CHECK] user=n5-testing4 result=allow:allow
[2026-02-12T16:44:36.931116] [USER-CHECK] user=n5-testing4 result=allow:allow
[2026-02-12T16:44:36.960832] [USER-CHECK] user=n5-testing4 result=allow:allow
[2026-02-12T16:44:37.026105] [USER-CHECK] user=n5-testing4 result=allow:allow
[2026-02-12T16:44:37.037803] [USER-CHECK] user=n5-testing4 result=allow:allow
[2026-02-12T16:44:37.047697] [USER-CHECK] user=n5-testing result=allow:allow
[2026-02-12T16:44:37.051733] [USER-CHECK] user=n5-testing4 result=allow:allow
[2026-02-12T16:44:37.057419] [USER-CHECK] user=n5-testing result=allow:allow
[2026-02-12T16:44:37.086914] [USER-CHECK] user=n5-testing4 result=allow:allow
[2026-02-12T16:44:37.094436] [USER-CHECK] user=n5-testing result=allow:allow
[2026-02-12T16:44:37.102374] [USER-CHECK] user=n5-testing result=allow:allow
[2026-02-12T16:44:37.108590] [USER-CHECK] user=n5-testing4 result=allow:allow
[2026-02-12T16:44:37.122441] [USER-CHECK] user=n5-testing4 result=allow:allow
[2026-02-12T16:44:37.124861] [USER-CHECK] user=n5-testing4 result=allow:allow
[2026-02-12T16:44:37.141987] [USER-CHECK] user=n5-testing4 result=allow:allow
[2026-02-12T16:44:37.172086] [USER-CHECK] user=n5-testing4 result=allow:allow
[2026-02-12T16:44:37.190351] [USER-CHECK] user=n5-testing4 result=allow:allow
[2026-02-12T16:44:37.206734] [USER-CHECK] user=n5-testing result=allow:allow
[2026-02-12T16:44:37.227789] [USER-CHECK] user=n5-testing result=allow:allow
[2026-02-12T16:44:37.265264] [USER-CHECK] user=n5-testing result=allow:allow
[2026-02-12T16:44:37.289202] [USER-CHECK] user=n5-testing4 result=allow:allow
[2026-02-12T16:44:37.293424] [USER-CHECK] user=n5-testing4 result=allow:allow
[2026-02-12T16:44:37.330782] [USER-CHECK] user=n5-testing result=allow:allow
[2026-02-12T16:44:37.404156] [USER-CHECK] user=n5-testing4 result=allow:allow
[2026-02-12T16:44:37.534959] [USER-CHECK] user=n5-testing result=allow:allow
[2026-02-12T16:44:37.577889] [USER-CHECK] user=n5-testing4 result=allow:allow
[2026-02-12T16:44:37.596658] [USER-CHECK] user=n5-testing result=allow:allow
[2026-02-12T16:44:37.628659] [USER-CHECK] user=n5-testing result=allow:allow
[2026-02-12T16:44:37.662796] [USER-CHECK] user=n5-testing4 result=allow:allow
[2026-02-12T16:44:37.699119] [USER-CHECK] user=n5-testing4 result=allow:allow
[2026-02-12T16:44:37.710808] [USER-CHECK] user=n5-testing4 result=allow:allow
[2026-02-12T16:44:37.713709] [USER-CHECK] user=n5-testing4 result=allow:allow
[2026-02-12T16:44:37.733214] [USER-CHECK] user=n5-testing4 result=allow:allow
[2026-02-12T16:44:37.820801] [USER-CHECK] user=n5-testing4 result=allow:allow
[2026-02-12T16:44:37.902356] [USER-CHECK] user=n5-testing result=allow:allow
[2026-02-12T16:44:37.910602] [USER-CHECK] user=n5-testing4 result=allow:allow
[2026-02-12T16:44:37.976737] [USER-CHECK] user=n5-testing4 result=allow:allow
[2026-02-12T16:44:38.005660] [USER-CHECK] user=n5-testing4 result=allow:allow
[2026-02-12T16:44:38.005916] [USER-CHECK] user=n5-testing result=allow:allow
[2026-02-12T16:44:38.049035] [USER-CHECK] user=n5-testing result=allow:allow
[2026-02-12T16:44:38.085088] [USER-CHECK] user=n5-testing4 result=allow:allow
[2026-02-12T16:44:38.098030] [USER-CHECK] user=n5-testing4 result=allow:allow
[2026-02-12T16:44:38.129967] [USER-CHECK] user=n5-testing4 result=allow:allow
[2026-02-12T16:44:38.187426] [USER-CHECK] user=n5-testing4 result=allow:allow
[2026-02-12T16:44:38.187939] [USER-CHECK] user=n5-testing4 result=allow:allow
[2026-02-12T16:44:38.216246] [USER-CHECK] user=n5-testing4 result=allow:allow
[2026-02-12T16:44:38.354674] [USER-CHECK] user=n5-testing4 result=allow:allow
[2026-02-12T16:44:38.407197] [USER-CHECK] user=n5-testing4 result=allow:allow
[2026-02-12T16:44:40.085703] [USER-CHECK] user=n5-testing4 result=allow:allow
[2026-02-12T16:44:41.791850] [USER-CHECK] user=n5-testing4 result=allow:allow
[2026-02-12T16:45:16.336751] [USER-CHECK] user=n5-testing4 result=allow:allow
[2026-02-12T16:45:17.583485] [USER-CHECK] user=n5-testing4 result=allow:allow
[2026-02-12T16:45:22.946920] [USER-CHECK] user=n5-testing4 result=allow:allow
[2026-02-12T16:45:25.788423] [USER-CHECK] user=n5-testing4 result=allow:allow
[2026-02-12T16:45:40.290444] [USER-CHECK] user=n5-testing4 result=allow:allow
[2026-02-12T16:45:53.219520] [USER-CHECK] user=n5-testing4 result=allow:allow
[2026-02-12T16:46:34.181132] [USER-CHECK] user=n5-testing4 result=allow:allow
[2026-02-12T16:47:32.630846] [USER-CHECK] user=n5-testing4 result=allow:allow
[2026-02-12T16:47:53.822572] [USER-CHECK] user=n5-testing result=allow:allow
[2026-02-12T16:47:53.833524] [USER-CHECK] user=n5-testing result=allow:allow
[2026-02-12T16:47:53.996851] [USER-CHECK] user=n5-testing4 result=allow:allow
[2026-02-12T16:47:54.000507] [USER-CHECK] user=n5-testing result=allow:allow
[2026-02-12T16:47:54.045417] [USER-CHECK] user=n5-testing4 result=allow:allow
[2026-02-12T16:47:54.045094] [USER-CHECK] user=n5-testing result=allow:allow
[2026-02-12T16:47:54.082676] [USER-CHECK] user=n5-testing4 result=allow:allow
[2026-02-12T16:47:54.166439] [USER-CHECK] user=n5-testing4 result=allow:allow
[2026-02-12T16:47:54.178622] [USER-CHECK] user=n5-testing4 result=allow:allow
[2026-02-12T16:47:54.205502] [USER-CHECK] user=n5-testing4 result=allow:allow
[2026-02-12T16:47:54.210457] [USER-CHECK] user=n5-testing4 result=allow:allow
[2026-02-12T16:47:54.233960] [USER-CHECK] user=n5-testing4 result=allow:allow
[2026-02-12T16:47:54.237947] [USER-CHECK] user=n5-testing4 result=allow:allow
[2026-02-12T16:47:54.347642] [USER-CHECK] user=n5-testing4 result=allow:allow
[2026-02-12T16:47:54.358981] [USER-CHECK] user=n5-testing4 result=allow:allow
[2026-02-12T16:47:54.361996] [USER-CHECK] user=n5-testing result=allow:allow
[2026-02-12T16:47:54.364569] [USER-CHECK] user=n5-testing4 result=allow:allow
[2026-02-12T16:47:54.376732] [USER-CHECK] user=n5-testing result=allow:allow
[2026-02-12T16:47:54.430232] [USER-CHECK] user=n5-testing4 result=allow:allow
[2026-02-12T16:47:54.480115] [USER-CHECK] user=n5-testing result=allow:allow
[2026-02-12T16:47:54.481076] [USER-CHECK] user=n5-testing result=allow:allow
[2026-02-12T16:47:54.493760] [USER-CHECK] user=n5-testing4 result=allow:allow
[2026-02-12T16:47:54.494202] [USER-CHECK] user=n5-testing4 result=allow:allow
[2026-02-12T16:47:54.513888] [USER-CHECK] user=n5-testing4 result=allow:allow
[2026-02-12T16:47:54.527059] [USER-CHECK] user=n5-testing4 result=allow:allow
[2026-02-12T16:47:54.537125] [USER-CHECK] user=n5-testing4 result=allow:allow
[2026-02-12T16:47:54.537754] [USER-CHECK] user=n5-testing result=allow:allow
[2026-02-12T16:47:54.633165] [USER-CHECK] user=n5-testing4 result=allow:allow
[2026-02-12T16:47:54.684496] [USER-CHECK] user=n5-testing4 result=allow:allow
[2026-02-12T16:47:54.693307] [USER-CHECK] user=n5-testing4 result=allow:allow
[2026-02-12T16:47:54.721919] [USER-CHECK] user=n5-testing result=allow:allow
[2026-02-12T16:47:54.733892] [USER-CHECK] user=n5-testing result=allow:allow
[2026-02-12T16:47:54.761509] [USER-CHECK] user=n5-testing result=allow:allow
[2026-02-12T16:47:54.767374] [USER-CHECK] user=n5-testing result=allow:allow
[2026-02-12T16:47:54.831995] [USER-CHECK] user=n5-testing4 result=allow:allow
[2026-02-12T16:47:54.833095] [USER-CHECK] user=n5-testing4 result=allow:allow
[2026-02-12T16:47:54.881236] [USER-CHECK] user=n5-testing4 result=allow:allow
[2026-02-12T16:47:54.890455] [USER-CHECK] user=n5-testing4 result=allow:allow
[2026-02-12T16:47:54.943331] [USER-CHECK] user=n5-testing4 result=allow:allow
[2026-02-12T16:47:54.946680] [USER-CHECK] user=n5-testing4 result=allow:allow
[2026-02-12T16:47:54.997737] [USER-CHECK] user=n5-testing4 result=allow:allow
[2026-02-12T16:47:55.032596] [USER-CHECK] user=n5-testing4 result=allow:allow
[2026-02-12T16:47:55.040603] [USER-CHECK] user=n5-testing4 result=allow:allow
[2026-02-12T16:47:55.056188] [USER-CHECK] user=n5-testing result=allow:allow
[2026-02-12T16:47:55.285296] [USER-CHECK] user=n5-testing4 result=allow:allow
[2026-02-12T16:47:55.502454] [USER-CHECK] user=n5-testing4 result=allow:allow
[2026-02-12T16:47:55.562128] [USER-CHECK] user=n5-testing result=allow:allow
[2026-02-12T16:47:55.647647] [USER-CHECK] user=n5-testing4 result=allow:allow
[2026-02-12T16:47:55.701184] [USER-CHECK] user=n5-testing4 result=allow:allow
[2026-02-12T16:47:55.792005] [USER-CHECK] user=n5-testing result=allow:allow
[2026-02-12T16:47:56.006199] [USER-CHECK] user=n5-testing4 result=allow:allow
[2026-02-12T16:47:56.094322] [USER-CHECK] user=n5-testing4 result=allow:allow
[2026-02-12T16:47:56.142334] [USER-CHECK] user=n5-testing4 result=allow:allow
[2026-02-12T16:47:59.945954] [USER-CHECK] user=n5-testing4 result=allow:allow
[2026-02-12T16:49:20.148976] [USER-CHECK] user=n5-testing4 result=allow:allow
[2026-02-12T16:49:20.310323] [USER-CHECK] user=n5-testing result=allow:allow
[2026-02-12T16:49:20.339081] [USER-CHECK] user=n5-testing4 result=allow:allow
[2026-02-12T16:49:20.408469] [USER-CHECK] user=n5-testing4 result=allow:allow
[2026-02-12T16:49:20.502931] [USER-CHECK] user=n5-testing4 result=allow:allow
[2026-02-12T16:49:20.526288] [USER-CHECK] user=n5-testing4 result=allow:allow
[2026-02-12T16:49:20.545024] [USER-CHECK] user=n5-testing4 result=allow:allow
[2026-02-12T16:49:20.588667] [USER-CHECK] user=n5-testing4 result=allow:allow
[2026-02-12T16:49:20.590588] [USER-CHECK] user=n5-testing4 result=allow:allow
[2026-02-12T16:49:20.603898] [USER-CHECK] user=n5-testing result=allow:allow
[2026-02-12T16:49:20.606067] [USER-CHECK] user=n5-testing result=allow:allow
[2026-02-12T16:49:20.621386] [USER-CHECK] user=n5-testing4 result=allow:allow
[2026-02-12T16:49:20.692736] [USER-CHECK] user=n5-testing result=allow:allow
[2026-02-12T16:49:20.723962] [USER-CHECK] user=n5-testing result=allow:allow
[2026-02-12T16:49:20.746190] [USER-CHECK] user=n5-testing result=allow:allow
[2026-02-12T16:49:20.765962] [USER-CHECK] user=n5-testing4 result=allow:allow
[2026-02-12T16:49:20.813311] [USER-CHECK] user=n5-testing4 result=allow:allow
[2026-02-12T16:49:20.827607] [USER-CHECK] user=n5-testing4 result=allow:allow
[2026-02-12T16:49:20.831901] [USER-CHECK] user=n5-testing4 result=allow:allow
[2026-02-12T16:49:20.843234] [USER-CHECK] user=n5-testing4 result=allow:allow
[2026-02-12T16:49:20.847581] [USER-CHECK] user=n5-testing result=allow:allow
[2026-02-12T16:49:20.852141] [USER-CHECK] user=n5-testing result=allow:allow
[2026-02-12T16:49:20.856202] [USER-CHECK] user=n5-testing4 result=allow:allow
[2026-02-12T16:49:20.859026] [USER-CHECK] user=n5-testing4 result=allow:allow
[2026-02-12T16:49:20.871266] [USER-CHECK] user=n5-testing result=allow:allow
[2026-02-12T16:49:20.871349] [USER-CHECK] user=n5-testing4 result=allow:allow
[2026-02-12T16:49:20.894837] [USER-CHECK] user=n5-testing4 result=allow:allow
[2026-02-12T16:49:20.898734] [USER-CHECK] user=n5-testing4 result=allow:allow
[2026-02-12T16:49:20.902211] [USER-CHECK] user=n5-testing result=allow:allow
[2026-02-12T16:49:20.913526] [USER-CHECK] user=n5-testing4 result=allow:allow
[2026-02-12T16:49:20.926883] [USER-CHECK] user=n5-testing result=allow:allow
[2026-02-12T16:49:20.934351] [USER-CHECK] user=n5-testing4 result=allow:allow
[2026-02-12T16:49:20.952081] [USER-CHECK] user=n5-testing4 result=allow:allow
[2026-02-12T16:49:20.966452] [USER-CHECK] user=n5-testing4 result=allow:allow
[2026-02-12T16:49:20.997720] [USER-CHECK] user=n5-testing4 result=allow:allow
[2026-02-12T16:49:21.006777] [USER-CHECK] user=n5-testing result=allow:allow
[2026-02-12T16:49:21.093842] [USER-CHECK] user=n5-testing4 result=allow:allow
[2026-02-12T16:49:21.098251] [USER-CHECK] user=n5-testing4 result=allow:allow
[2026-02-12T16:49:21.131590] [USER-CHECK] user=n5-testing4 result=allow:allow
[2026-02-12T16:49:21.135856] [USER-CHECK] user=n5-testing result=allow:allow
[2026-02-12T16:49:21.208030] [USER-CHECK] user=n5-testing4 result=allow:allow
[2026-02-12T16:49:21.209299] [USER-CHECK] user=n5-testing4 result=allow:allow
[2026-02-12T16:49:21.224496] [USER-CHECK] user=n5-testing4 result=allow:allow
[2026-02-12T16:49:21.227216] [USER-CHECK] user=n5-testing result=allow:allow
[2026-02-12T16:49:21.291604] [USER-CHECK] user=n5-testing4 result=allow:allow
[2026-02-12T16:49:21.535476] [USER-CHECK] user=n5-testing4 result=allow:allow
[2026-02-12T16:49:21.632253] [USER-CHECK] user=n5-testing4 result=allow:allow
[2026-02-12T16:49:22.106050] [USER-CHECK] user=n5-testing result=allow:allow
[2026-02-12T16:49:22.237501] [USER-CHECK] user=n5-testing4 result=allow:allow
[2026-02-12T16:49:22.247795] [USER-CHECK] user=n5-testing4 result=allow:allow
[2026-02-12T16:49:22.338041] [USER-CHECK] user=n5-testing result=allow:allow
[2026-02-12T16:49:22.435043] [USER-CHECK] user=n5-testing4 result=allow:allow
[2026-02-12T16:49:23.995226] [USER-CHECK] user=n5-testing4 result=allow:allow
[2026-02-12T16:49:30.125046] [USER-CHECK] user=n5-testing4 result=allow:allow
[2026-02-12T16:49:49.860448] [USER-CHECK] user=n5-testing4 result=allow:allow
[2026-02-12T16:49:52.917354] [USER-CHECK] user=n5-testing4 result=allow:allow
[2026-02-12T16:50:12.363177] [USER-CHECK] user=n5-testing4 result=allow:allow
[2026-02-12T16:50:12.692053] [USER-CHECK] user=n5-testing4 result=allow:allow
[2026-02-12T16:50:12.802503] [USER-CHECK] user=n5-testing4 result=allow:allow
[2026-02-12T16:50:12.874030] [USER-CHECK] user=n5-testing result=allow:allow
[2026-02-12T16:50:13.105699] [USER-CHECK] user=n5-testing result=allow:allow
[2026-02-12T16:50:13.160844] [USER-CHECK] user=n5-testing4 result=allow:allow
[2026-02-12T16:50:13.230365] [USER-CHECK] user=n5-testing4 result=allow:allow
[2026-02-12T16:50:13.230627] [USER-CHECK] user=n5-testing4 result=allow:allow
[2026-02-12T16:50:13.240988] [USER-CHECK] user=n5-testing result=allow:allow
[2026-02-12T16:50:13.291627] [USER-CHECK] user=n5-testing4 result=allow:allow
[2026-02-12T16:50:13.335085] [USER-CHECK] user=n5-testing4 result=allow:allow
[2026-02-12T16:50:13.446749] [USER-CHECK] user=n5-testing4 result=allow:allow
[2026-02-12T16:50:13.461426] [USER-CHECK] user=n5-testing result=allow:allow
[2026-02-12T16:50:13.499146] [USER-CHECK] user=n5-testing result=allow:allow
[2026-02-12T16:50:13.500436] [USER-CHECK] user=n5-testing result=allow:allow
[2026-02-12T16:50:13.506199] [USER-CHECK] user=n5-testing4 result=allow:allow
[2026-02-12T16:50:13.618989] [USER-CHECK] user=n5-testing4 result=allow:allow
[2026-02-12T16:50:13.638639] [USER-CHECK] user=n5-testing4 result=allow:allow
[2026-02-12T16:50:13.646999] [USER-CHECK] user=n5-testing4 result=allow:allow
[2026-02-12T16:50:13.647656] [USER-CHECK] user=n5-testing4 result=allow:allow
[2026-02-12T16:50:13.657870] [USER-CHECK] user=n5-testing4 result=allow:allow
[2026-02-12T16:50:13.659045] [USER-CHECK] user=n5-testing result=allow:allow
[2026-02-12T16:50:13.701444] [USER-CHECK] user=n5-testing4 result=allow:allow
[2026-02-12T16:50:13.706133] [USER-CHECK] user=n5-testing4 result=allow:allow
[2026-02-12T16:50:13.721397] [USER-CHECK] user=n5-testing4 result=allow:allow
[2026-02-12T16:50:13.749127] [USER-CHECK] user=n5-testing result=allow:allow
[2026-02-12T16:50:13.761869] [USER-CHECK] user=n5-testing result=allow:allow
[2026-02-12T16:50:13.762214] [USER-CHECK] user=n5-testing4 result=allow:allow
[2026-02-12T16:50:13.762552] [USER-CHECK] user=n5-testing result=allow:allow
[2026-02-12T16:50:13.783165] [USER-CHECK] user=n5-testing4 result=allow:allow
[2026-02-12T16:50:13.810506] [USER-CHECK] user=n5-testing4 result=allow:allow
[2026-02-12T16:50:13.827238] [USER-CHECK] user=n5-testing4 result=allow:allow
[2026-02-12T16:50:13.828872] [USER-CHECK] user=n5-testing result=allow:allow
[2026-02-12T16:50:13.847776] [USER-CHECK] user=n5-testing4 result=allow:allow
[2026-02-12T16:50:13.887727] [USER-CHECK] user=n5-testing4 result=allow:allow
[2026-02-12T16:50:13.915763] [USER-CHECK] user=n5-testing result=allow:allow
[2026-02-12T16:50:13.916795] [USER-CHECK] user=n5-testing result=allow:allow
[2026-02-12T16:50:13.938579] [USER-CHECK] user=n5-testing4 result=allow:allow
[2026-02-12T16:50:13.938877] [USER-CHECK] user=n5-testing result=allow:allow
[2026-02-12T16:50:13.958896] [USER-CHECK] user=n5-testing result=allow:allow
[2026-02-12T16:50:13.979672] [USER-CHECK] user=n5-testing4 result=allow:allow
[2026-02-12T16:50:13.999964] [USER-CHECK] user=n5-testing4 result=allow:allow
[2026-02-12T16:50:14.025448] [USER-CHECK] user=n5-testing4 result=allow:allow
[2026-02-12T16:50:14.044094] [USER-CHECK] user=n5-testing4 result=allow:allow
[2026-02-12T16:50:14.083151] [USER-CHECK] user=n5-testing4 result=allow:allow
[2026-02-12T16:50:14.085996] [USER-CHECK] user=n5-testing4 result=allow:allow
[2026-02-12T16:50:14.086396] [USER-CHECK] user=n5-testing4 result=allow:allow
[2026-02-12T16:50:14.091715] [USER-CHECK] user=n5-testing result=allow:allow
[2026-02-12T16:50:14.139900] [USER-CHECK] user=n5-testing4 result=allow:allow
[2026-02-12T16:50:14.226057] [USER-CHECK] user=n5-testing4 result=allow:allow
[2026-02-12T16:50:14.402059] [USER-CHECK] user=n5-testing4 result=allow:allow
[2026-02-12T16:50:15.673350] [USER-CHECK] user=n5-testing4 result=allow:allow
[2026-02-12T16:50:16.166469] [USER-CHECK] user=n5-testing4 result=allow:allow
[2026-02-12T16:50:18.585057] [USER-CHECK] user=n5-testing4 result=allow:allow
[2026-02-12T16:50:20.437617] [USER-CHECK] user=n5-testing4 result=allow:allow
[2026-02-12T16:53:08.176192] [USER-CHECK] user=n5-testing4 result=allow:allow
[2026-02-12T16:53:11.016215] [USER-CHECK] user=n5-testing4 result=allow:allow
[2026-02-12T16:53:14.224633] [USER-CHECK] user=n5-testing4 result=allow:allow
[2026-02-12T16:53:20.551263] [USER-CHECK] user=n5-testing4 result=allow:allow
[2026-02-12T16:53:21.723054] [USER-CHECK] user=n5-testing4 result=allow:allow
[2026-02-12T16:53:35.538007] [USER-CHECK] user=n5-testing result=allow:allow
[2026-02-12T16:53:35.808010] [USER-CHECK] user=n5-testing4 result=allow:allow
[2026-02-12T16:53:35.980724] [USER-CHECK] user=n5-testing4 result=allow:allow
[2026-02-12T16:53:36.072378] [USER-CHECK] user=n5-testing result=allow:allow
[2026-02-12T16:53:36.105841] [USER-CHECK] user=n5-testing4 result=allow:allow
[2026-02-12T16:53:36.167645] [USER-CHECK] user=n5-testing4 result=allow:allow
[2026-02-12T16:53:36.184062] [USER-CHECK] user=n5-testing result=allow:allow
[2026-02-12T16:53:36.187321] [USER-CHECK] user=n5-testing4 result=allow:allow
[2026-02-12T16:53:36.252059] [USER-CHECK] user=n5-testing result=allow:allow
[2026-02-12T16:53:36.282007] [USER-CHECK] user=n5-testing4 result=allow:allow
[2026-02-12T16:53:36.302040] [USER-CHECK] user=n5-testing4 result=allow:allow
[2026-02-12T16:53:36.316596] [USER-CHECK] user=n5-testing result=allow:allow
[2026-02-12T16:53:36.323010] [USER-CHECK] user=n5-testing4 result=allow:allow
[2026-02-12T16:53:36.325409] [USER-CHECK] user=n5-testing4 result=allow:allow
[2026-02-12T16:53:36.345352] [USER-CHECK] user=n5-testing result=allow:allow
[2026-02-12T16:53:36.379237] [USER-CHECK] user=n5-testing4 result=allow:allow
[2026-02-12T16:53:36.420172] [USER-CHECK] user=n5-testing4 result=allow:allow
[2026-02-12T16:53:36.428502] [USER-CHECK] user=n5-testing result=allow:allow
[2026-02-12T16:53:36.439795] [USER-CHECK] user=n5-testing4 result=allow:allow
[2026-02-12T16:53:36.478223] [USER-CHECK] user=n5-testing4 result=allow:allow
[2026-02-12T16:53:36.497745] [USER-CHECK] user=n5-testing4 result=allow:allow
[2026-02-12T16:53:36.526513] [USER-CHECK] user=n5-testing4 result=allow:allow
[2026-02-12T16:53:36.535200] [USER-CHECK] user=n5-testing result=allow:allow
[2026-02-12T16:53:36.566481] [USER-CHECK] user=n5-testing4 result=allow:allow
[2026-02-12T16:53:36.581153] [USER-CHECK] user=n5-testing4 result=allow:allow
[2026-02-12T16:53:36.585641] [USER-CHECK] user=n5-testing4 result=allow:allow
[2026-02-12T16:53:36.654413] [USER-CHECK] user=n5-testing4 result=allow:allow
[2026-02-12T16:53:36.689826] [USER-CHECK] user=n5-testing result=allow:allow
[2026-02-12T16:53:36.707151] [USER-CHECK] user=n5-testing4 result=allow:allow
[2026-02-12T16:53:36.712941] [USER-CHECK] user=n5-testing result=allow:allow
[2026-02-12T16:53:36.718729] [USER-CHECK] user=n5-testing result=allow:allow
[2026-02-12T16:53:36.727706] [USER-CHECK] user=n5-testing4 result=allow:allow
[2026-02-12T16:53:36.769885] [USER-CHECK] user=n5-testing result=allow:allow
[2026-02-12T16:53:36.778446] [USER-CHECK] user=n5-testing4 result=allow:allow
[2026-02-12T16:53:36.826697] [USER-CHECK] user=n5-testing4 result=allow:allow
[2026-02-12T16:53:36.875036] [USER-CHECK] user=n5-testing4 result=allow:allow
[2026-02-12T16:53:36.918144] [USER-CHECK] user=n5-testing4 result=allow:allow
[2026-02-12T16:53:36.941718] [USER-CHECK] user=n5-testing4 result=allow:allow
[2026-02-12T16:53:37.003760] [USER-CHECK] user=n5-testing4 result=allow:allow
[2026-02-12T16:53:37.008564] [USER-CHECK] user=n5-testing4 result=allow:allow
[2026-02-12T16:53:37.036855] [USER-CHECK] user=n5-testing4 result=allow:allow
[2026-02-12T16:53:37.062317] [USER-CHECK] user=n5-testing4 result=allow:allow
[2026-02-12T16:53:37.073332] [USER-CHECK] user=n5-testing result=allow:allow
[2026-02-12T16:53:37.103031] [USER-CHECK] user=n5-testing result=allow:allow
[2026-02-12T16:53:37.108010] [USER-CHECK] user=n5-testing result=allow:allow
[2026-02-12T16:53:37.117557] [USER-CHECK] user=n5-testing4 result=allow:allow
[2026-02-12T16:53:37.316747] [USER-CHECK] user=n5-testing result=allow:allow
[2026-02-12T16:53:37.386172] [USER-CHECK] user=n5-testing4 result=allow:allow
[2026-02-12T16:53:37.531337] [USER-CHECK] user=n5-testing4 result=allow:allow
[2026-02-12T16:53:37.719954] [USER-CHECK] user=n5-testing4 result=allow:allow
[2026-02-12T16:53:37.738566] [USER-CHECK] user=n5-testing4 result=allow:allow
[2026-02-12T16:53:37.801067] [USER-CHECK] user=n5-testing4 result=allow:allow
[2026-02-12T16:53:38.912332] [USER-CHECK] user=n5-testing4 result=allow:allow
[2026-02-12T16:53:42.401049] [USER-CHECK] user=n5-testing4 result=allow:allow
[2026-02-12T16:53:46.201457] [USER-CHECK] user=n5-testing4 result=allow:allow
[2026-02-12T16:53:47.957252] [USER-CHECK] user=n5-testing4 result=allow:allow
[2026-02-12T16:53:53.688013] [USER-CHECK] user=n5-testing4 result=allow:allow
[2026-02-12T16:53:55.651436] [USER-CHECK] user=n5-testing4 result=allow:allow
[2026-02-12T16:53:58.052837] [USER-CHECK] user=n5-testing4 result=allow:allow
[2026-02-12T16:54:01.221049] [USER-CHECK] user=n5-testing4 result=allow:allow
[2026-02-12T17:10:33.719324] [USER-CHECK] user=n5-testing4 result=allow:allow
[2026-02-12T17:10:33.809156] [USER-CHECK] user=n5-testing result=allow:allow
[2026-02-12T17:10:33.947843] [USER-CHECK] user=n5-testing4 result=allow:allow
[2026-02-12T17:10:34.085382] [USER-CHECK] user=n5-testing result=allow:allow
[2026-02-12T17:10:34.101255] [USER-CHECK] user=n5-testing4 result=allow:allow
[2026-02-12T17:10:34.105520] [USER-CHECK] user=n5-testing4 result=allow:allow
[2026-02-12T17:10:34.154643] [USER-CHECK] user=n5-testing4 result=allow:allow
[2026-02-12T17:10:34.216118] [USER-CHECK] user=n5-testing result=allow:allow
[2026-02-12T17:10:34.241791] [USER-CHECK] user=n5-testing4 result=allow:allow
[2026-02-12T17:10:34.252059] [USER-CHECK] user=n5-testing4 result=allow:allow
[2026-02-12T17:10:34.280141] [USER-CHECK] user=n5-testing4 result=allow:allow
[2026-02-12T17:10:34.290420] [USER-CHECK] user=n5-testing result=allow:allow
[2026-02-12T17:10:34.320179] [USER-CHECK] user=n5-testing result=allow:allow
[2026-02-12T17:10:34.338662] [USER-CHECK] user=n5-testing4 result=allow:allow
[2026-02-12T17:10:34.356667] [USER-CHECK] user=n5-testing4 result=allow:allow
[2026-02-12T17:10:34.362128] [USER-CHECK] user=n5-testing4 result=allow:allow
[2026-02-12T17:10:34.372667] [USER-CHECK] user=n5-testing4 result=allow:allow
[2026-02-12T17:10:34.384124] [USER-CHECK] user=n5-testing result=allow:allow
[2026-02-12T17:10:34.388549] [USER-CHECK] user=n5-testing result=allow:allow
[2026-02-12T17:10:34.394067] [USER-CHECK] user=n5-testing4 result=allow:allow
[2026-02-12T17:10:34.397480] [USER-CHECK] user=n5-testing4 result=allow:allow
[2026-02-12T17:10:34.423594] [USER-CHECK] user=n5-testing4 result=allow:allow
[2026-02-12T17:10:34.424880] [USER-CHECK] user=n5-testing4 result=allow:allow
[2026-02-12T17:10:34.431522] [USER-CHECK] user=n5-testing4 result=allow:allow
[2026-02-12T17:10:34.432528] [USER-CHECK] user=n5-testing result=allow:allow
[2026-02-12T17:10:34.438181] [USER-CHECK] user=n5-testing result=allow:allow
[2026-02-12T17:10:34.474893] [USER-CHECK] user=n5-testing4 result=allow:allow
[2026-02-12T17:10:34.479824] [USER-CHECK] user=n5-testing4 result=allow:allow
[2026-02-12T17:10:34.511277] [USER-CHECK] user=n5-testing4 result=allow:allow
[2026-02-12T17:10:34.541107] [USER-CHECK] user=n5-testing result=allow:allow
[2026-02-12T17:10:34.616523] [USER-CHECK] user=n5-testing result=allow:allow
[2026-02-12T17:10:34.640174] [USER-CHECK] user=n5-testing4 result=allow:allow
[2026-02-12T17:10:34.660959] [USER-CHECK] user=n5-testing result=allow:allow
[2026-02-12T17:10:34.661472] [USER-CHECK] user=n5-testing result=allow:allow
[2026-02-12T17:10:34.670343] [USER-CHECK] user=n5-testing4 result=allow:allow
[2026-02-12T17:10:34.707506] [USER-CHECK] user=n5-testing4 result=allow:allow
[2026-02-12T17:10:34.717126] [USER-CHECK] user=n5-testing4 result=allow:allow
[2026-02-12T17:10:34.746963] [USER-CHECK] user=n5-testing result=allow:allow
[2026-02-12T17:10:34.754197] [USER-CHECK] user=n5-testing4 result=allow:allow
[2026-02-12T17:10:34.889407] [USER-CHECK] user=n5-testing4 result=allow:allow
[2026-02-12T17:10:35.602320] [USER-CHECK] user=n5-testing result=allow:allow
[2026-02-12T17:10:35.756934] [USER-CHECK] user=n5-testing result=allow:allow
[2026-02-12T17:10:35.787392] [USER-CHECK] user=n5-testing4 result=allow:allow
[2026-02-12T17:10:35.806452] [USER-CHECK] user=n5-testing4 result=allow:allow
[2026-02-12T17:10:35.831710] [USER-CHECK] user=n5-testing4 result=allow:allow
[2026-02-12T17:10:35.839309] [USER-CHECK] user=n5-testing4 result=allow:allow
[2026-02-12T17:10:35.844295] [USER-CHECK] user=n5-testing4 result=allow:allow
[2026-02-12T17:10:36.083084] [USER-CHECK] user=n5-testing4 result=allow:allow
[2026-02-12T17:43:10.833450] [USER-CHECK] user=LH511 result=allow:allow
[2026-02-12T17:43:11.344979] [USER-CHECK] user=LH511 result=allow:allow
[2026-02-13T00:00:19.123137] [USER-CHECK] user=n5-testing4 result=allow:allow
[2026-02-13T00:00:19.617173] [USER-CHECK] user=n5-testing result=allow:allow
[2026-02-13T00:00:19.672031] [USER-CHECK] user=n5-testing result=allow:allow
[2026-02-13T00:00:19.672848] [USER-CHECK] user=n5-testing4 result=allow:allow
[2026-02-13T00:00:19.740755] [USER-CHECK] user=n5-testing result=allow:allow
[2026-02-13T00:00:19.809898] [USER-CHECK] user=n5-testing4 result=allow:allow
[2026-02-13T00:00:19.836489] [USER-CHECK] user=n5-testing result=allow:allow
[2026-02-13T00:00:19.844218] [USER-CHECK] user=n5-testing4 result=allow:allow
[2026-02-13T00:00:19.847779] [USER-CHECK] user=n5-testing4 result=allow:allow
[2026-02-13T00:00:19.855972] [USER-CHECK] user=n5-testing4 result=allow:allow
[2026-02-13T00:00:19.862914] [USER-CHECK] user=n5-testing4 result=allow:allow
[2026-02-13T00:00:19.882145] [USER-CHECK] user=n5-testing4 result=allow:allow
[2026-02-13T00:00:19.889739] [USER-CHECK] user=n5-testing4 result=allow:allow
[2026-02-13T00:00:19.900832] [USER-CHECK] user=n5-testing4 result=allow:allow
[2026-02-13T00:00:19.909460] [USER-CHECK] user=n5-testing4 result=allow:allow
[2026-02-13T00:00:19.933985] [USER-CHECK] user=n5-testing4 result=allow:allow
[2026-02-13T00:00:19.958447] [USER-CHECK] user=n5-testing4 result=allow:allow
[2026-02-13T00:00:19.967196] [USER-CHECK] user=n5-testing result=allow:allow
[2026-02-13T00:00:19.972730] [USER-CHECK] user=n5-testing result=allow:allow
[2026-02-13T00:00:19.974236] [USER-CHECK] user=n5-testing4 result=allow:allow
[2026-02-13T00:00:19.981661] [USER-CHECK] user=n5-testing result=allow:allow
[2026-02-13T00:00:19.991963] [USER-CHECK] user=n5-testing result=allow:allow
[2026-02-13T00:00:20.014723] [USER-CHECK] user=n5-testing4 result=allow:allow
[2026-02-13T00:00:20.030777] [USER-CHECK] user=n5-testing4 result=allow:allow
[2026-02-13T00:00:20.043525] [USER-CHECK] user=n5-testing4 result=allow:allow
[2026-02-13T00:00:20.051805] [USER-CHECK] user=n5-testing4 result=allow:allow
[2026-02-13T00:00:20.072986] [USER-CHECK] user=n5-testing4 result=allow:allow
[2026-02-13T00:00:20.121120] [USER-CHECK] user=n5-testing4 result=allow:allow
[2026-02-13T00:00:20.130984] [USER-CHECK] user=n5-testing result=allow:allow
[2026-02-13T00:00:20.131765] [USER-CHECK] user=n5-testing result=allow:allow
[2026-02-13T00:00:20.271627] [USER-CHECK] user=n5-testing4 result=allow:allow
[2026-02-13T00:00:20.297991] [USER-CHECK] user=n5-testing4 result=allow:allow
[2026-02-13T00:00:20.307022] [USER-CHECK] user=n5-testing result=allow:allow
[2026-02-13T00:00:20.317922] [USER-CHECK] user=n5-testing result=allow:allow
[2026-02-13T00:00:20.321525] [USER-CHECK] user=n5-testing4 result=allow:allow
[2026-02-13T00:00:20.328568] [USER-CHECK] user=n5-testing4 result=allow:allow
[2026-02-13T00:00:20.373244] [USER-CHECK] user=n5-testing4 result=allow:allow
[2026-02-13T00:00:20.387476] [USER-CHECK] user=n5-testing4 result=allow:allow
[2026-02-13T00:00:20.448580] [USER-CHECK] user=n5-testing result=allow:allow
[2026-02-13T00:00:20.480439] [USER-CHECK] user=n5-testing4 result=allow:allow
[2026-02-13T00:00:20.543433] [USER-CHECK] user=n5-testing result=allow:allow
[2026-02-13T00:00:20.568838] [USER-CHECK] user=n5-testing result=allow:allow
[2026-02-13T00:00:20.590562] [USER-CHECK] user=n5-testing4 result=allow:allow
[2026-02-13T00:00:20.683824] [USER-CHECK] user=n5-testing4 result=allow:allow
[2026-02-13T00:00:20.750724] [USER-CHECK] user=n5-testing4 result=allow:allow
[2026-02-13T00:00:20.801445] [USER-CHECK] user=n5-testing result=allow:allow
[2026-02-13T00:00:20.827955] [USER-CHECK] user=n5-testing4 result=allow:allow
[2026-02-13T00:00:20.878764] [USER-CHECK] user=n5-testing4 result=allow:allow
[2026-02-13T08:36:38.325235] [USER-CHECK] user=lkh639 result=allow:allow
[2026-02-13T09:21:43.086074] [USER-CHECK] user=lkh639 result=allow:allow
[2026-02-13T09:21:43.128421] [USER-CHECK] user=lkh639 result=allow:allow
[2026-02-13T09:21:43.166715] [USER-CHECK] user=lkh639 result=allow:allow
[2026-02-13T09:21:43.380601] [USER-CHECK] user=lkh639 result=allow:allow
[2026-02-13T09:21:43.401320] [USER-CHECK] user=lkh639 result=allow:allow
[2026-02-13T09:21:43.403163] [USER-CHECK] user=lkh639 result=allow:allow
[2026-02-13T09:21:43.430877] [USER-CHECK] user=lkh639 result=allow:allow
[2026-02-13T09:21:43.461254] [USER-CHECK] user=lkh639 result=allow:allow
[2026-02-13T09:21:43.605131] [USER-CHECK] user=lkh639 result=allow:allow
[2026-02-13T09:21:43.788878] [USER-CHECK] user=lkh639 result=allow:allow
[2026-02-13T09:21:43.872607] [USER-CHECK] user=lkh639 result=allow:allow
[2026-02-13T09:21:43.943214] [USER-CHECK] user=lkh639 result=allow:allow
[2026-02-13T09:21:44.357327] [USER-CHECK] user=lkh639 result=allow:allow
[2026-02-13T09:21:45.376375] [USER-CHECK] user=lkh639 result=allow:allow
[2026-02-13T09:21:54.372327] [USER-CHECK] user=lkh639 result=allow:allow
[2026-02-13T09:21:54.384311] [USER-CHECK] user=lkh639 result=allow:allow
[2026-02-13T09:21:54.689832] [USER-CHECK] user=lkh639 result=allow:allow
[2026-02-13T09:21:54.806896] [USER-CHECK] user=lkh639 result=allow:allow
[2026-02-13T09:21:55.167651] [USER-CHECK] user=lkh639 result=allow:allow
[2026-02-13T09:21:55.834634] [USER-CHECK] user=lkh639 result=allow:allow
[2026-02-13T09:21:55.841984] [USER-CHECK] user=lkh639 result=allow:allow
[2026-02-13T09:21:55.996534] [USER-CHECK] user=lkh639 result=allow:allow
[2026-02-13T09:21:56.047175] [USER-CHECK] user=lkh639 result=allow:allow
[2026-02-13T09:21:56.088762] [USER-CHECK] user=lkh639 result=allow:allow
[2026-02-13T09:21:56.167784] [USER-CHECK] user=lkh639 result=allow:allow
[2026-02-13T09:21:56.169653] [USER-CHECK] user=lkh639 result=allow:allow
[2026-02-13T09:21:56.184359] [USER-CHECK] user=lkh639 result=allow:allow
[2026-02-13T09:21:57.118866] [USER-CHECK] user=lkh639 result=allow:allow
[2026-02-13T09:22:04.969331] [USER-CHECK] user=lkh639 result=allow:allow
[2026-02-13T09:22:05.137619] [USER-CHECK] user=lkh639 result=allow:allow
[2026-02-13T09:22:05.389648] [USER-CHECK] user=lkh639 result=allow:allow
[2026-02-13T09:22:05.508950] [USER-CHECK] user=lkh639 result=allow:allow
[2026-02-13T09:22:05.591936] [USER-CHECK] user=lkh639 result=allow:allow
[2026-02-13T09:22:06.277002] [USER-CHECK] user=lkh639 result=allow:allow
[2026-02-13T09:22:06.695030] [USER-CHECK] user=lkh639 result=allow:allow
[2026-02-13T09:22:11.720917] [USER-CHECK] user=lkh639 result=allow:allow
[2026-02-13T09:22:11.928452] [USER-CHECK] user=lkh639 result=allow:allow
[2026-02-13T09:22:11.946600] [USER-CHECK] user=lkh639 result=allow:allow
[2026-02-13T09:22:12.059314] [USER-CHECK] user=lkh639 result=allow:allow
[2026-02-13T09:22:12.070137] [USER-CHECK] user=lkh639 result=allow:allow
[2026-02-13T09:22:12.072406] [USER-CHECK] user=lkh639 result=allow:allow
[2026-02-13T09:22:12.077662] [USER-CHECK] user=lkh639 result=allow:allow
[2026-02-13T09:22:12.203136] [USER-CHECK] user=lkh639 result=allow:allow
[2026-02-13T09:22:12.273900] [USER-CHECK] user=lkh639 result=allow:allow
[2026-02-13T09:22:12.292774] [USER-CHECK] user=lkh639 result=allow:allow
[2026-02-13T09:22:12.382030] [USER-CHECK] user=lkh639 result=allow:allow
[2026-02-13T09:22:12.484973] [USER-CHECK] user=lkh639 result=allow:allow
[2026-02-13T09:22:12.491419] [USER-CHECK] user=lkh639 result=allow:allow
[2026-02-13T09:22:12.497472] [USER-CHECK] user=lkh639 result=allow:allow
[2026-02-13T09:22:12.513840] [USER-CHECK] user=lkh639 result=allow:allow
[2026-02-13T09:22:12.516418] [USER-CHECK] user=lkh639 result=allow:allow
[2026-02-13T09:22:12.526534] [USER-CHECK] user=lkh639 result=allow:allow
[2026-02-13T09:22:12.532859] [USER-CHECK] user=lkh639 result=allow:allow
[2026-02-13T09:22:12.537553] [USER-CHECK] user=lkh639 result=allow:allow
[2026-02-13T09:22:12.543471] [USER-CHECK] user=lkh639 result=allow:allow
[2026-02-13T09:22:12.553100] [USER-CHECK] user=lkh639 result=allow:allow
[2026-02-13T09:22:12.562374] [USER-CHECK] user=lkh639 result=allow:allow
[2026-02-13T09:22:12.563170] [USER-CHECK] user=lkh639 result=allow:allow
[2026-02-13T09:22:18.199645] [USER-CHECK] user=lkh639 result=allow:allow
[2026-02-13T09:42:45.847818] [USER-CHECK] user=yl795 result=allow:allow
[2026-02-13T09:51:43.343277] [USER-CHECK] user=lkh639 result=allow:allow
[2026-02-13T09:51:43.500171] [USER-CHECK] user=lkh639 result=allow:allow
[2026-02-13T09:51:43.604558] [USER-CHECK] user=lkh639 result=allow:allow
[2026-02-13T10:54:37.944075] [USER-CHECK] user=lkh639 result=allow:allow
[2026-02-13T10:54:37.992871] [USER-CHECK] user=lkh639 result=allow:allow
[2026-02-13T10:54:38.108808] [USER-CHECK] user=lkh639 result=allow:allow
[2026-02-13T10:54:38.145589] [USER-CHECK] user=lkh639 result=allow:allow
[2026-02-13T10:54:38.954480] [USER-CHECK] user=lkh639 result=allow:allow
[2026-02-13T10:54:38.959277] [USER-CHECK] user=lkh639 result=allow:allow
[2026-02-13T10:54:39.111114] [USER-CHECK] user=lkh639 result=allow:allow
[2026-02-13T10:54:47.966380] [USER-CHECK] user=lkh639 result=allow:allow
[2026-02-13T10:54:48.255218] [USER-CHECK] user=lkh639 result=allow:allow
[2026-02-13T10:54:48.281618] [USER-CHECK] user=lkh639 result=allow:allow
[2026-02-13T11:28:24.716725] [USER-CHECK] user=yl795 result=allow:allow
[2026-02-13T15:18:48.822465] [USER-CHECK] user=lkh639 result=allow:allow
[2026-02-13T15:18:48.831923] [USER-CHECK] user=lkh639 result=allow:allow
[2026-02-13T15:18:48.904153] [USER-CHECK] user=lkh639 result=allow:allow
[2026-02-13T15:18:49.141316] [USER-CHECK] user=lkh639 result=allow:allow
[2026-02-13T15:18:59.821418] [USER-CHECK] user=lkh639 result=allow:allow
[2026-02-13T15:18:59.847846] [USER-CHECK] user=lkh639 result=allow:allow
[2026-02-13T15:19:00.189632] [USER-CHECK] user=lkh639 result=allow:allow
[2026-02-13T15:19:00.735577] [USER-CHECK] user=lkh639 result=allow:allow
[2026-02-13T15:19:00.921173] [USER-CHECK] user=lkh639 result=allow:allow
[2026-02-13T15:19:30.754450] [USER-CHECK] user=lkh639 result=allow:allow
[2026-02-13T15:19:30.755297] [USER-CHECK] user=lkh639 result=allow:allow
[2026-02-13T15:19:30.756683] [USER-CHECK] user=lkh639 result=allow:allow
[2026-02-13T15:19:30.766037] [USER-CHECK] user=lkh639 result=allow:allow
[2026-02-13T15:19:30.777189] [USER-CHECK] user=lkh639 result=allow:allow
[2026-02-13T15:19:31.058442] [USER-CHECK] user=lkh639 result=allow:allow
[2026-02-13T15:19:49.254701] [USER-CHECK] user=lkh639 result=allow:allow
[2026-02-13T15:19:49.276018] [USER-CHECK] user=lkh639 result=allow:allow
[2026-02-13T15:19:49.378132] [USER-CHECK] user=lkh639 result=allow:allow
[2026-02-13T15:19:50.358000] [USER-CHECK] user=lkh639 result=allow:allow
[2026-02-13T15:20:07.936833] [USER-CHECK] user=lkh639 result=allow:allow
[2026-02-13T15:20:07.980063] [USER-CHECK] user=lkh639 result=allow:allow
[2026-02-13T15:20:35.307947] [USER-CHECK] user=lkh639 result=allow:allow
[2026-02-13T15:20:35.655886] [USER-CHECK] user=lkh639 result=allow:allow
[2026-02-13T15:20:35.668795] [USER-CHECK] user=lkh639 result=allow:allow
[2026-02-13T15:30:42.992587] [USER-CHECK] user=lkh639 result=allow:allow
[2026-02-13T15:30:43.678854] [USER-CHECK] user=lkh639 result=allow:allow
[2026-02-13T15:30:43.683250] [USER-CHECK] user=lkh639 result=allow:allow
[2026-02-13T15:30:43.686135] [USER-CHECK] user=lkh639 result=allow:allow
[2026-02-13T15:30:43.687007] [USER-CHECK] user=lkh639 result=allow:allow
[2026-02-13T15:30:43.693875] [USER-CHECK] user=lkh639 result=allow:allow
[2026-02-13T15:30:43.698149] [USER-CHECK] user=lkh639 result=allow:allow
[2026-02-13T15:30:43.705129] [USER-CHECK] user=lkh639 result=allow:allow
[2026-02-13T15:30:44.058792] [USER-CHECK] user=lkh639 result=allow:allow
[2026-02-13T15:30:44.060652] [USER-CHECK] user=lkh639 result=allow:allow
[2026-02-13T15:30:44.067491] [USER-CHECK] user=lkh639 result=allow:allow
[2026-02-13T15:30:44.068336] [USER-CHECK] user=lkh639 result=allow:allow
[2026-02-13T15:30:44.071443] [USER-CHECK] user=lkh639 result=allow:allow
[2026-02-13T15:30:44.075397] [USER-CHECK] user=lkh639 result=allow:allow
[2026-02-13T15:30:44.075866] [USER-CHECK] user=lkh639 result=allow:allow
[2026-02-13T15:30:44.081231] [USER-CHECK] user=lkh639 result=allow:allow
[2026-02-13T15:30:44.121251] [USER-CHECK] user=lkh639 result=allow:allow
[2026-02-13T15:30:44.138576] [USER-CHECK] user=lkh639 result=allow:allow
[2026-02-13T15:30:48.336983] [USER-CHECK] user=lkh639 result=allow:allow
[2026-02-13T15:30:48.363385] [USER-CHECK] user=lkh639 result=allow:allow
[2026-02-13T15:30:48.415643] [USER-CHECK] user=lkh639 result=allow:allow
[2026-02-13T15:30:48.761387] [USER-CHECK] user=lkh639 result=allow:allow
[2026-02-13T15:30:48.768645] [USER-CHECK] user=lkh639 result=allow:allow
[2026-02-13T15:30:48.769381] [USER-CHECK] user=lkh639 result=allow:allow
[2026-02-13T15:30:48.771596] [USER-CHECK] user=lkh639 result=allow:allow
[2026-02-13T15:30:48.771989] [USER-CHECK] user=lkh639 result=allow:allow
[2026-02-13T15:30:48.872341] [USER-CHECK] user=lkh639 result=allow:allow
[2026-02-13T15:30:48.891955] [USER-CHECK] user=lkh639 result=allow:allow
[2026-02-13T15:30:48.892912] [USER-CHECK] user=lkh639 result=allow:allow
[2026-02-13T15:30:48.936328] [USER-CHECK] user=lkh639 result=allow:allow
[2026-02-13T15:30:49.034347] [USER-CHECK] user=lkh639 result=allow:allow
[2026-02-13T15:30:49.035553] [USER-CHECK] user=lkh639 result=allow:allow
[2026-02-13T15:30:49.096905] [USER-CHECK] user=lkh639 result=allow:allow
[2026-02-13T15:30:49.112525] [USER-CHECK] user=lkh639 result=allow:allow
[2026-02-13T15:30:49.124011] [USER-CHECK] user=lkh639 result=allow:allow
[2026-02-13T15:30:49.163062] [USER-CHECK] user=lkh639 result=allow:allow
[2026-02-13T15:30:49.163323] [USER-CHECK] user=lkh639 result=allow:allow
[2026-02-13T15:30:49.165678] [USER-CHECK] user=lkh639 result=allow:allow
[2026-02-13T15:30:49.189589] [USER-CHECK] user=lkh639 result=allow:allow
[2026-02-13T15:30:49.193455] [USER-CHECK] user=lkh639 result=allow:allow
[2026-02-13T15:30:49.197833] [USER-CHECK] user=lkh639 result=allow:allow
[2026-02-13T15:30:49.208859] [USER-CHECK] user=lkh639 result=allow:allow
[2026-02-13T15:30:49.216949] [USER-CHECK] user=lkh639 result=allow:allow
[2026-02-13T15:30:49.250442] [USER-CHECK] user=lkh639 result=allow:allow
[2026-02-13T15:30:49.302118] [USER-CHECK] user=lkh639 result=allow:allow
[2026-02-13T15:30:49.302409] [USER-CHECK] user=lkh639 result=allow:allow
[2026-02-13T15:30:49.327025] [USER-CHECK] user=lkh639 result=allow:allow
[2026-02-13T15:30:49.354085] [USER-CHECK] user=lkh639 result=allow:allow
[2026-02-13T15:30:49.396215] [USER-CHECK] user=lkh639 result=allow:allow
[2026-02-13T15:30:49.442646] [USER-CHECK] user=lkh639 result=allow:allow
[2026-02-13T15:30:49.446660] [USER-CHECK] user=lkh639 result=allow:allow
[2026-02-13T15:30:49.579548] [USER-CHECK] user=lkh639 result=allow:allow
[2026-02-13T15:30:49.613023] [USER-CHECK] user=lkh639 result=allow:allow
[2026-02-13T15:30:49.665300] [USER-CHECK] user=lkh639 result=allow:allow
[2026-02-13T15:30:49.669930] [USER-CHECK] user=lkh639 result=allow:allow
[2026-02-13T15:30:49.670231] [USER-CHECK] user=lkh639 result=allow:allow
[2026-02-13T15:30:49.881277] [USER-CHECK] user=lkh639 result=allow:allow
[2026-02-13T15:30:49.935754] [USER-CHECK] user=lkh639 result=allow:allow
[2026-02-13T15:30:49.947758] [USER-CHECK] user=lkh639 result=allow:allow
[2026-02-13T15:30:49.980217] [USER-CHECK] user=lkh639 result=allow:allow
[2026-02-13T15:30:49.980329] [USER-CHECK] user=lkh639 result=allow:allow
[2026-02-13T15:30:49.987882] [USER-CHECK] user=lkh639 result=allow:allow
[2026-02-13T15:30:50.083475] [USER-CHECK] user=lkh639 result=allow:allow
[2026-02-13T15:30:50.162608] [USER-CHECK] user=lkh639 result=allow:allow
[2026-02-13T15:30:50.188262] [USER-CHECK] user=lkh639 result=allow:allow
[2026-02-13T15:30:50.188396] [USER-CHECK] user=lkh639 result=allow:allow
[2026-02-13T15:30:50.400031] [USER-CHECK] user=lkh639 result=allow:allow
[2026-02-13T15:30:50.435122] [USER-CHECK] user=lkh639 result=allow:allow
[2026-02-13T15:30:50.438877] [USER-CHECK] user=lkh639 result=allow:allow
[2026-02-13T15:30:50.560974] [USER-CHECK] user=lkh639 result=allow:allow
[2026-02-13T15:30:50.589701] [USER-CHECK] user=lkh639 result=allow:allow
[2026-02-13T15:30:50.590808] [USER-CHECK] user=lkh639 result=allow:allow
[2026-02-13T15:30:50.754994] [USER-CHECK] user=lkh639 result=allow:allow
[2026-02-13T15:30:50.824693] [USER-CHECK] user=lkh639 result=allow:allow
[2026-02-13T15:30:50.836290] [USER-CHECK] user=lkh639 result=allow:allow
[2026-02-13T15:30:50.902211] [USER-CHECK] user=lkh639 result=allow:allow
[2026-02-13T15:30:50.936895] [USER-CHECK] user=lkh639 result=allow:allow
[2026-02-13T15:30:51.152842] [USER-CHECK] user=lkh639 result=allow:allow
[2026-02-13T15:30:51.275609] [USER-CHECK] user=lkh639 result=allow:allow
[2026-02-13T15:30:52.204344] [USER-CHECK] user=lkh639 result=allow:allow
[2026-02-13T15:30:55.363701] [USER-CHECK] user=lkh639 result=allow:allow
[2026-02-13T15:33:35.062759] [USER-CHECK] user=lkh639 result=allow:allow
[2026-02-13T15:33:38.964511] [USER-CHECK] user=lkh639 result=allow:allow
[2026-02-13T15:33:38.968837] [USER-CHECK] user=lkh639 result=allow:allow
[2026-02-13T15:33:39.418978] [USER-CHECK] user=lkh639 result=allow:allow
[2026-02-13T15:33:59.827494] [USER-CHECK] user=lkh639 result=allow:allow
[2026-02-13T15:34:03.043691] [USER-CHECK] user=lkh639 result=allow:allow
[2026-02-13T15:34:17.580547] [USER-CHECK] user=lkh639 result=allow:allow
[2026-02-13T15:34:17.660252] [USER-CHECK] user=lkh639 result=allow:allow
[2026-02-13T15:34:17.808583] [USER-CHECK] user=lkh639 result=allow:allow
[2026-02-13T15:34:17.808603] [USER-CHECK] user=lkh639 result=allow:allow
[2026-02-13T15:34:17.812228] [USER-CHECK] user=lkh639 result=allow:allow
[2026-02-13T15:34:18.501456] [USER-CHECK] user=lkh639 result=allow:allow
[2026-02-13T15:34:18.573435] [USER-CHECK] user=lkh639 result=allow:allow
[2026-02-13T15:34:18.643944] [USER-CHECK] user=lkh639 result=allow:allow
[2026-02-13T15:34:18.846695] [USER-CHECK] user=lkh639 result=allow:allow
[2026-02-13T15:34:18.963830] [USER-CHECK] user=lkh639 result=allow:allow
[2026-02-13T15:34:20.064373] [USER-CHECK] user=lkh639 result=allow:allow
[2026-02-13T15:34:20.172023] [USER-CHECK] user=lkh639 result=allow:allow
[2026-02-13T15:34:20.348050] [USER-CHECK] user=lkh639 result=allow:allow
[2026-02-13T15:34:20.436208] [USER-CHECK] user=lkh639 result=allow:allow
[2026-02-13T15:34:20.505727] [USER-CHECK] user=lkh639 result=allow:allow
[2026-02-13T15:34:20.847692] [USER-CHECK] user=lkh639 result=allow:allow
[2026-02-13T15:34:22.453753] [USER-CHECK] user=lkh639 result=allow:allow
[2026-02-13T15:34:22.459938] [USER-CHECK] user=lkh639 result=allow:allow
[2026-02-13T15:34:23.367642] [USER-CHECK] user=lkh639 result=allow:allow
[2026-02-13T15:34:23.567277] [USER-CHECK] user=lkh639 result=allow:allow
[2026-02-13T15:34:23.671635] [USER-CHECK] user=lkh639 result=allow:allow
[2026-02-13T15:34:23.779432] [USER-CHECK] user=lkh639 result=allow:allow
[2026-02-13T15:34:24.145685] [USER-CHECK] user=lkh639 result=allow:allow
[2026-02-13T15:34:24.224881] [USER-CHECK] user=lkh639 result=allow:allow
[2026-02-13T15:34:24.363205] [USER-CHECK] user=lkh639 result=allow:allow
[2026-02-13T15:34:25.359378] [USER-CHECK] user=lkh639 result=allow:allow
[2026-02-13T15:34:25.475881] [USER-CHECK] user=lkh639 result=allow:allow
[2026-02-13T15:34:27.984901] [USER-CHECK] user=lkh639 result=allow:allow
[2026-02-13T15:55:57.627457] [USER-CHECK] user=lkh639 result=allow:allow
[2026-02-13T15:55:58.633836] [USER-CHECK] user=lkh639 result=allow:allow
[2026-02-13T15:56:13.033036] [USER-CHECK] user=lkh639 result=allow:allow
[2026-02-13T16:14:53.902150] [USER-CHECK] user=lkh639 result=allow:allow
[2026-02-13T16:15:06.646835] [USER-CHECK] user=lkh639 result=allow:allow
[2026-02-13T16:15:07.106680] [USER-CHECK] user=lkh639 result=allow:allow
[2026-02-13T16:15:07.559685] [USER-CHECK] user=lkh639 result=allow:allow
[2026-02-13T16:15:07.568915] [USER-CHECK] user=lkh639 result=allow:allow
[2026-02-13T16:15:07.848928] [USER-CHECK] user=lkh639 result=allow:allow
[2026-02-13T16:15:07.849118] [USER-CHECK] user=lkh639 result=allow:allow
[2026-02-13T16:15:08.367936] [USER-CHECK] user=lkh639 result=allow:allow
[2026-02-13T17:11:24.582913] [USER-CHECK] user=yl795 result=allow:allow
[2026-02-13T17:11:24.678059] [USER-CHECK] user=yl795 result=allow:allow
[2026-02-13T17:11:24.758208] [USER-CHECK] user=yl795 result=allow:allow
[2026-02-13T17:40:05.309509] [USER-CHECK] user=LH511 result=allow:allow
[2026-02-13T18:01:39.912675] [USER-CHECK] user=yl795 result=allow:allow
[2026-02-14T02:01:41.434947] [USER-CHECK] user=yl795 result=allow:allow
[2026-02-14T08:33:39.890804] [USER-CHECK] user=lkh639 result=allow:allow
[2026-02-14T08:42:39.270579] [USER-CHECK] user=lkh639 result=allow:allow
[2026-02-14T08:42:39.603344] [USER-CHECK] user=lkh639 result=allow:allow
[2026-02-14T08:42:39.617023] [USER-CHECK] user=lkh639 result=allow:allow
[2026-02-14T08:43:08.877938] [USER-CHECK] user=lkh639 result=allow:allow
[2026-02-14T08:43:08.904630] [USER-CHECK] user=lkh639 result=allow:allow
[2026-02-14T08:43:08.943021] [USER-CHECK] user=lkh639 result=allow:allow
[2026-02-14T08:43:09.147698] [USER-CHECK] user=lkh639 result=allow:allow
[2026-02-14T08:43:09.327201] [USER-CHECK] user=lkh639 result=allow:allow
[2026-02-14T08:43:09.333796] [USER-CHECK] user=lkh639 result=allow:allow
[2026-02-14T08:43:09.547500] [USER-CHECK] user=lkh639 result=allow:allow
[2026-02-14T08:43:09.620641] [USER-CHECK] user=lkh639 result=allow:allow
[2026-02-14T08:43:09.693178] [USER-CHECK] user=lkh639 result=allow:allow
[2026-02-14T08:43:10.071959] [USER-CHECK] user=lkh639 result=allow:allow
[2026-02-14T08:43:10.336530] [USER-CHECK] user=lkh639 result=allow:allow
[2026-02-14T08:43:10.349269] [USER-CHECK] user=lkh639 result=allow:allow
[2026-02-14T08:43:10.364256] [USER-CHECK] user=lkh639 result=allow:allow
[2026-02-14T08:43:10.481920] [USER-CHECK] user=lkh639 result=allow:allow
[2026-02-14T08:43:10.489445] [USER-CHECK] user=lkh639 result=allow:allow
[2026-02-14T08:43:10.502857] [USER-CHECK] user=lkh639 result=allow:allow
[2026-02-14T08:43:10.621020] [USER-CHECK] user=lkh639 result=allow:allow
[2026-02-14T08:43:11.374357] [USER-CHECK] user=lkh639 result=allow:allow
[2026-02-14T08:43:20.131512] [USER-CHECK] user=lkh639 result=allow:allow
[2026-02-14T08:43:20.777043] [USER-CHECK] user=lkh639 result=allow:allow
[2026-02-14T08:43:20.782197] [USER-CHECK] user=lkh639 result=allow:allow
[2026-02-14T08:43:21.191504] [USER-CHECK] user=lkh639 result=allow:allow
[2026-02-14T08:43:21.268522] [USER-CHECK] user=lkh639 result=allow:allow
[2026-02-14T08:43:21.387000] [USER-CHECK] user=lkh639 result=allow:allow
[2026-02-14T08:43:21.442803] [USER-CHECK] user=lkh639 result=allow:allow
[2026-02-14T08:43:21.457443] [USER-CHECK] user=lkh639 result=allow:allow
[2026-02-14T08:43:21.469799] [USER-CHECK] user=lkh639 result=allow:allow
[2026-02-14T08:43:21.514339] [USER-CHECK] user=lkh639 result=allow:allow
[2026-02-14T08:43:21.649741] [USER-CHECK] user=lkh639 result=allow:allow
[2026-02-14T08:43:21.663465] [USER-CHECK] user=lkh639 result=allow:allow
[2026-02-14T08:43:22.053915] [USER-CHECK] user=lkh639 result=allow:allow
[2026-02-14T08:43:48.655412] [USER-CHECK] user=lkh639 result=allow:allow
[2026-02-14T08:43:49.031131] [USER-CHECK] user=lkh639 result=allow:allow
[2026-02-14T08:43:49.534452] [USER-CHECK] user=lkh639 result=allow:allow
[2026-02-14T08:43:49.538448] [USER-CHECK] user=lkh639 result=allow:allow
[2026-02-14T08:43:49.545716] [USER-CHECK] user=lkh639 result=allow:allow
[2026-02-14T08:43:49.589734] [USER-CHECK] user=lkh639 result=allow:allow
[2026-02-14T08:43:49.898241] [USER-CHECK] user=lkh639 result=allow:allow
[2026-02-14T08:43:49.929775] [USER-CHECK] user=lkh639 result=allow:allow
[2026-02-14T08:43:50.087103] [USER-CHECK] user=lkh639 result=allow:allow
[2026-02-14T08:43:50.261497] [USER-CHECK] user=lkh639 result=allow:allow
[2026-02-14T08:58:46.028242] [USER-CHECK] user=lkh639 result=allow:allow
[2026-02-14T08:58:47.278364] [USER-CHECK] user=lkh639 result=allow:allow
[2026-02-14T08:58:48.084840] [USER-CHECK] user=lkh639 result=allow:allow
[2026-02-14T11:25:26.914909] [USER-CHECK] user=yl795 result=allow:allow
[2026-02-14T12:33:31.363202] [USER-CHECK] user=lkh639 result=allow:allow
[2026-02-14T12:33:31.394243] [USER-CHECK] user=lkh639 result=allow:allow
[2026-02-14T12:33:32.378526] [USER-CHECK] user=lkh639 result=allow:allow
[2026-02-14T12:33:32.662839] [USER-CHECK] user=lkh639 result=allow:allow
[2026-02-14T12:33:32.749849] [USER-CHECK] user=lkh639 result=allow:allow
[2026-02-14T12:33:33.472222] [USER-CHECK] user=lkh639 result=allow:allow
[2026-02-14T12:33:33.647041] [USER-CHECK] user=lkh639 result=allow:allow
[2026-02-14T12:33:33.809461] [USER-CHECK] user=lkh639 result=allow:allow
[2026-02-14T12:33:33.885958] [USER-CHECK] user=lkh639 result=allow:allow
[2026-02-14T12:33:34.018717] [USER-CHECK] user=lkh639 result=allow:allow
[2026-02-14T12:33:34.212326] [USER-CHECK] user=lkh639 result=allow:allow
[2026-02-14T12:33:34.423966] [USER-CHECK] user=lkh639 result=allow:allow
[2026-02-14T12:33:35.308078] [USER-CHECK] user=lkh639 result=allow:allow
[2026-02-14T12:33:39.670823] [USER-CHECK] user=lkh639 result=allow:allow
[2026-02-14T12:33:40.176763] [USER-CHECK] user=lkh639 result=allow:allow
[2026-02-14T12:33:40.199321] [USER-CHECK] user=lkh639 result=allow:allow
[2026-02-14T12:33:40.527811] [USER-CHECK] user=lkh639 result=allow:allow
[2026-02-14T12:33:40.794947] [USER-CHECK] user=lkh639 result=allow:allow
[2026-02-14T12:33:40.964161] [USER-CHECK] user=lkh639 result=allow:allow
[2026-02-14T12:33:41.173946] [USER-CHECK] user=lkh639 result=allow:allow
[2026-02-14T12:33:41.237769] [USER-CHECK] user=lkh639 result=allow:allow
[2026-02-14T12:33:41.238868] [USER-CHECK] user=lkh639 result=allow:allow
[2026-02-14T12:33:41.250857] [USER-CHECK] user=lkh639 result=allow:allow
[2026-02-14T12:33:41.251207] [USER-CHECK] user=lkh639 result=allow:allow
[2026-02-14T12:34:51.848139] [USER-CHECK] user=lkh639 result=allow:allow
[2026-02-14T12:34:52.486879] [USER-CHECK] user=lkh639 result=allow:allow
[2026-02-14T12:34:53.030196] [USER-CHECK] user=lkh639 result=allow:allow
[2026-02-14T12:34:53.030434] [USER-CHECK] user=lkh639 result=allow:allow
[2026-02-14T12:34:53.035244] [USER-CHECK] user=lkh639 result=allow:allow
[2026-02-14T12:34:53.064331] [USER-CHECK] user=lkh639 result=allow:allow
[2026-02-14T12:34:53.095838] [USER-CHECK] user=lkh639 result=allow:allow
[2026-02-14T12:34:53.108647] [USER-CHECK] user=lkh639 result=allow:allow
[2026-02-14T12:34:53.503514] [USER-CHECK] user=lkh639 result=allow:allow
[2026-02-14T12:34:54.283096] [USER-CHECK] user=lkh639 result=allow:allow
[2026-02-14T12:34:54.283606] [USER-CHECK] user=lkh639 result=allow:allow
[2026-02-14T12:34:54.290355] [USER-CHECK] user=lkh639 result=allow:allow
[2026-02-14T12:34:54.291130] [USER-CHECK] user=lkh639 result=allow:allow
[2026-02-14T12:34:54.303907] [USER-CHECK] user=lkh639 result=allow:allow
[2026-02-14T12:34:54.342550] [USER-CHECK] user=lkh639 result=allow:allow
[2026-02-14T12:40:22.364999] [USER-CHECK] user=lkh639 result=allow:allow
[2026-02-14T12:40:23.225662] [USER-CHECK] user=lkh639 result=allow:allow
[2026-02-14T12:41:02.021772] [USER-CHECK] user=lkh639 result=allow:allow
[2026-02-14T12:41:06.001998] [USER-CHECK] user=lkh639 result=allow:allow
[2026-02-14T12:41:06.441436] [USER-CHECK] user=lkh639 result=allow:allow
[2026-02-14T12:41:07.320214] [USER-CHECK] user=lkh639 result=allow:allow
[2026-02-14T12:41:07.511832] [USER-CHECK] user=lkh639 result=allow:allow
[2026-02-14T12:41:07.654683] [USER-CHECK] user=lkh639 result=allow:allow
[2026-02-14T14:58:46.825267] [USER-CHECK] user=lkh639 result=allow:allow
[2026-02-14T14:58:47.623836] [USER-CHECK] user=lkh639 result=allow:allow
[2026-02-14T14:58:48.463129] [USER-CHECK] user=lkh639 result=allow:allow
[2026-02-14T14:59:18.764206] [USER-CHECK] user=lkh639 result=allow:allow
[2026-02-14T14:59:18.945696] [USER-CHECK] user=lkh639 result=allow:allow
[2026-02-14T14:59:19.293313] [USER-CHECK] user=lkh639 result=allow:allow
[2026-02-14T14:59:25.712108] [USER-CHECK] user=lkh639 result=allow:allow
[2026-02-14T14:59:25.812892] [USER-CHECK] user=lkh639 result=allow:allow
[2026-02-14T14:59:25.815120] [USER-CHECK] user=lkh639 result=allow:allow
[2026-02-14T14:59:25.818638] [USER-CHECK] user=lkh639 result=allow:allow
[2026-02-14T14:59:26.764250] [USER-CHECK] user=lkh639 result=allow:allow
[2026-02-14T14:59:26.791996] [USER-CHECK] user=lkh639 result=allow:allow
[2026-02-14T14:59:26.795580] [USER-CHECK] user=lkh639 result=allow:allow
[2026-02-14T14:59:26.796145] [USER-CHECK] user=lkh639 result=allow:allow
[2026-02-14T14:59:26.796311] [USER-CHECK] user=lkh639 result=allow:allow
[2026-02-14T14:59:26.797971] [USER-CHECK] user=lkh639 result=allow:allow
[2026-02-14T14:59:26.865821] [USER-CHECK] user=lkh639 result=allow:allow
[2026-02-14T14:59:26.903208] [USER-CHECK] user=lkh639 result=allow:allow
[2026-02-14T14:59:26.965065] [USER-CHECK] user=lkh639 result=allow:allow
[2026-02-14T14:59:26.966137] [USER-CHECK] user=lkh639 result=allow:allow
[2026-02-14T14:59:26.971927] [USER-CHECK] user=lkh639 result=allow:allow
[2026-02-14T14:59:27.247465] [USER-CHECK] user=lkh639 result=allow:allow
[2026-02-14T14:59:27.425299] [USER-CHECK] user=lkh639 result=allow:allow
[2026-02-14T14:59:27.519145] [USER-CHECK] user=lkh639 result=allow:allow
[2026-02-14T14:59:27.523027] [USER-CHECK] user=lkh639 result=allow:allow
[2026-02-14T14:59:27.557681] [USER-CHECK] user=lkh639 result=allow:allow
[2026-02-14T14:59:27.641783] [USER-CHECK] user=lkh639 result=allow:allow
[2026-02-14T14:59:27.648724] [USER-CHECK] user=lkh639 result=allow:allow
[2026-02-14T14:59:27.653513] [USER-CHECK] user=lkh639 result=allow:allow
[2026-02-14T14:59:27.659456] [USER-CHECK] user=lkh639 result=allow:allow
[2026-02-14T14:59:27.719818] [USER-CHECK] user=lkh639 result=allow:allow
[2026-02-14T14:59:27.725946] [USER-CHECK] user=lkh639 result=allow:allow
[2026-02-14T14:59:27.920833] [USER-CHECK] user=lkh639 result=allow:allow
[2026-02-14T14:59:27.971068] [USER-CHECK] user=lkh639 result=allow:allow
[2026-02-14T14:59:28.142474] [USER-CHECK] user=lkh639 result=allow:allow
[2026-02-14T14:59:28.143501] [USER-CHECK] user=lkh639 result=allow:allow
[2026-02-14T14:59:28.287565] [USER-CHECK] user=lkh639 result=allow:allow
[2026-02-14T14:59:28.290121] [USER-CHECK] user=lkh639 result=allow:allow
[2026-02-14T14:59:28.299322] [USER-CHECK] user=lkh639 result=allow:allow
[2026-02-14T14:59:28.301989] [USER-CHECK] user=lkh639 result=allow:allow
[2026-02-14T14:59:28.335902] [USER-CHECK] user=lkh639 result=allow:allow
[2026-02-14T14:59:28.336251] [USER-CHECK] user=lkh639 result=allow:allow
[2026-02-14T14:59:28.336347] [USER-CHECK] user=lkh639 result=allow:allow
[2026-02-14T14:59:28.336512] [USER-CHECK] user=lkh639 result=allow:allow
[2026-02-14T14:59:28.358802] [USER-CHECK] user=lkh639 result=allow:allow
[2026-02-14T14:59:28.421224] [USER-CHECK] user=lkh639 result=allow:allow
[2026-02-14T14:59:28.428010] [USER-CHECK] user=lkh639 result=allow:allow
[2026-02-14T14:59:28.471416] [USER-CHECK] user=lkh639 result=allow:allow
[2026-02-14T14:59:28.587718] [USER-CHECK] user=lkh639 result=allow:allow
[2026-02-14T14:59:28.589218] [USER-CHECK] user=lkh639 result=allow:allow
[2026-02-14T14:59:28.640198] [USER-CHECK] user=lkh639 result=allow:allow
[2026-02-14T14:59:28.684619] [USER-CHECK] user=lkh639 result=allow:allow
[2026-02-14T14:59:28.690024] [USER-CHECK] user=lkh639 result=allow:allow
[2026-02-14T14:59:28.915684] [USER-CHECK] user=lkh639 result=allow:allow
[2026-02-14T14:59:28.956185] [USER-CHECK] user=lkh639 result=allow:allow
[2026-02-14T14:59:29.073903] [USER-CHECK] user=lkh639 result=allow:allow
[2026-02-14T14:59:29.093499] [USER-CHECK] user=lkh639 result=allow:allow
[2026-02-14T14:59:29.097014] [USER-CHECK] user=lkh639 result=allow:allow
[2026-02-14T14:59:29.184273] [USER-CHECK] user=lkh639 result=allow:allow
[2026-02-14T14:59:29.292807] [USER-CHECK] user=lkh639 result=allow:allow
[2026-02-14T14:59:29.347223] [USER-CHECK] user=lkh639 result=allow:allow
[2026-02-14T14:59:29.373846] [USER-CHECK] user=lkh639 result=allow:allow
[2026-02-14T14:59:29.382717] [USER-CHECK] user=lkh639 result=allow:allow
[2026-02-14T14:59:29.383298] [USER-CHECK] user=lkh639 result=allow:allow
[2026-02-14T14:59:29.387793] [USER-CHECK] user=lkh639 result=allow:allow
[2026-02-14T14:59:29.389349] [USER-CHECK] user=lkh639 result=allow:allow
[2026-02-14T14:59:29.390385] [USER-CHECK] user=lkh639 result=allow:allow
[2026-02-14T14:59:29.394040] [USER-CHECK] user=lkh639 result=allow:allow
[2026-02-14T14:59:29.436622] [USER-CHECK] user=lkh639 result=allow:allow
[2026-02-14T14:59:29.450782] [USER-CHECK] user=lkh639 result=allow:allow
[2026-02-14T14:59:29.479890] [USER-CHECK] user=lkh639 result=allow:allow
[2026-02-14T14:59:29.483208] [USER-CHECK] user=lkh639 result=allow:allow
[2026-02-14T14:59:29.505734] [USER-CHECK] user=lkh639 result=allow:allow
[2026-02-14T14:59:29.506632] [USER-CHECK] user=lkh639 result=allow:allow
[2026-02-14T14:59:29.508026] [USER-CHECK] user=lkh639 result=allow:allow
[2026-02-14T14:59:29.540653] [USER-CHECK] user=lkh639 result=allow:allow
[2026-02-14T14:59:29.644969] [USER-CHECK] user=lkh639 result=allow:allow
[2026-02-14T14:59:29.795135] [USER-CHECK] user=lkh639 result=allow:allow
[2026-02-14T14:59:29.801964] [USER-CHECK] user=lkh639 result=allow:allow
[2026-02-14T14:59:29.804117] [USER-CHECK] user=lkh639 result=allow:allow
[2026-02-14T14:59:30.854455] [USER-CHECK] user=lkh639 result=allow:allow
[2026-02-14T14:59:31.188993] [USER-CHECK] user=lkh639 result=allow:allow
[2026-02-14T14:59:31.286586] [USER-CHECK] user=lkh639 result=allow:allow
[2026-02-14T14:59:31.304910] [USER-CHECK] user=lkh639 result=allow:allow
[2026-02-14T14:59:31.596789] [USER-CHECK] user=lkh639 result=allow:allow
[2026-02-14T14:59:31.759869] [USER-CHECK] user=lkh639 result=allow:allow
[2026-02-14T14:59:31.771359] [USER-CHECK] user=lkh639 result=allow:allow
[2026-02-14T14:59:31.772691] [USER-CHECK] user=lkh639 result=allow:allow
[2026-02-14T14:59:31.774353] [USER-CHECK] user=lkh639 result=allow:allow
[2026-02-14T14:59:31.777588] [USER-CHECK] user=lkh639 result=allow:allow
[2026-02-14T14:59:31.782483] [USER-CHECK] user=lkh639 result=allow:allow
[2026-02-14T14:59:31.783792] [USER-CHECK] user=lkh639 result=allow:allow
[2026-02-14T14:59:31.900951] [USER-CHECK] user=lkh639 result=allow:allow
[2026-02-14T14:59:31.908505] [USER-CHECK] user=lkh639 result=allow:allow
[2026-02-14T14:59:31.914318] [USER-CHECK] user=lkh639 result=allow:allow
[2026-02-14T14:59:31.970451] [USER-CHECK] user=lkh639 result=allow:allow
[2026-02-14T14:59:32.195021] [USER-CHECK] user=lkh639 result=allow:allow
[2026-02-14T14:59:32.202563] [USER-CHECK] user=lkh639 result=allow:allow
[2026-02-14T14:59:32.586241] [USER-CHECK] user=lkh639 result=allow:allow
[2026-02-14T14:59:33.221016] [USER-CHECK] user=lkh639 result=allow:allow
[2026-02-14T14:59:37.857940] [USER-CHECK] user=lkh639 result=allow:allow
[2026-02-14T14:59:38.039311] [USER-CHECK] user=lkh639 result=allow:allow
[2026-02-14T14:59:49.826374] [USER-CHECK] user=lkh639 result=allow:allow
[2026-02-14T14:59:52.483195] [USER-CHECK] user=lkh639 result=allow:allow
[2026-02-14T14:59:52.561524] [USER-CHECK] user=lkh639 result=allow:allow
[2026-02-14T14:59:53.272858] [USER-CHECK] user=lkh639 result=allow:allow
[2026-02-14T14:59:53.653658] [USER-CHECK] user=lkh639 result=allow:allow
[2026-02-14T14:59:53.874322] [USER-CHECK] user=lkh639 result=allow:allow
[2026-02-14T14:59:54.902141] [USER-CHECK] user=lkh639 result=allow:allow
[2026-02-14T15:00:05.576373] [USER-CHECK] user=lkh639 result=allow:allow
[2026-02-14T15:00:15.603833] [USER-CHECK] user=lkh639 result=allow:allow
[2026-02-14T15:00:16.125400] [USER-CHECK] user=lkh639 result=allow:allow
[2026-02-14T15:01:00.806977] [USER-CHECK] user=lkh639 result=allow:allow
[2026-02-14T15:01:00.818238] [USER-CHECK] user=lkh639 result=allow:allow
[2026-02-14T15:01:00.919374] [USER-CHECK] user=lkh639 result=allow:allow
[2026-02-14T15:01:26.991002] [USER-CHECK] user=lkh639 result=allow:allow
[2026-02-14T15:01:28.587785] [USER-CHECK] user=lkh639 result=allow:allow
[2026-02-14T15:01:28.614301] [USER-CHECK] user=lkh639 result=allow:allow
[2026-02-14T15:01:28.790568] [USER-CHECK] user=lkh639 result=allow:allow
[2026-02-14T15:01:28.884831] [USER-CHECK] user=lkh639 result=allow:allow
[2026-02-14T15:01:29.400422] [USER-CHECK] user=lkh639 result=allow:allow
[2026-02-14T15:01:29.408940] [USER-CHECK] user=lkh639 result=allow:allow
[2026-02-14T15:01:29.557033] [USER-CHECK] user=lkh639 result=allow:allow
[2026-02-14T15:01:29.557889] [USER-CHECK] user=lkh639 result=allow:allow
[2026-02-14T15:01:29.558005] [USER-CHECK] user=lkh639 result=allow:allow
[2026-02-14T15:01:29.875355] [USER-CHECK] user=lkh639 result=allow:allow
[2026-02-14T15:01:29.876073] [USER-CHECK] user=lkh639 result=allow:allow
[2026-02-14T15:01:30.009210] [USER-CHECK] user=lkh639 result=allow:allow
[2026-02-14T15:01:30.136036] [USER-CHECK] user=lkh639 result=allow:allow
[2026-02-14T15:01:30.224318] [USER-CHECK] user=lkh639 result=allow:allow
[2026-02-14T15:01:30.225115] [USER-CHECK] user=lkh639 result=allow:allow
[2026-02-14T15:01:30.230495] [USER-CHECK] user=lkh639 result=allow:allow
[2026-02-14T15:01:30.272205] [USER-CHECK] user=lkh639 result=allow:allow
[2026-02-14T15:02:03.198666] [USER-CHECK] user=lkh639 result=allow:allow
[2026-02-14T15:25:36.385774] [USER-CHECK] user=lkh639 result=allow:allow
[2026-02-14T15:25:36.509125] [USER-CHECK] user=lkh639 result=allow:allow
[2026-02-14T15:25:47.520773] [USER-CHECK] user=lkh639 result=allow:allow
[2026-02-14T15:28:38.579998] [USER-CHECK] user=lkh639 result=allow:allow
[2026-02-14T15:36:48.477160] [USER-CHECK] user=lkh639 result=allow:allow
[2026-02-14T15:36:48.491617] [USER-CHECK] user=lkh639 result=allow:allow
[2026-02-14T15:36:48.553557] [USER-CHECK] user=lkh639 result=allow:allow
[2026-02-14T15:36:48.830122] [USER-CHECK] user=lkh639 result=allow:allow
[2026-02-14T15:36:48.920200] [USER-CHECK] user=lkh639 result=allow:allow
[2026-02-14T15:36:49.053820] [USER-CHECK] user=lkh639 result=allow:allow
[2026-02-14T15:36:49.689606] [USER-CHECK] user=lkh639 result=allow:allow
[2026-02-14T15:36:53.409834] [USER-CHECK] user=lkh639 result=allow:allow
[2026-02-14T15:37:21.411182] [USER-CHECK] user=lkh639 result=allow:allow
[2026-02-14T15:37:23.157044] [USER-CHECK] user=lkh639 result=allow:allow
[2026-02-14T15:37:23.160287] [USER-CHECK] user=lkh639 result=allow:allow
[2026-02-14T15:37:23.173518] [USER-CHECK] user=lkh639 result=allow:allow
[2026-02-14T15:37:23.283306] [USER-CHECK] user=lkh639 result=allow:allow
[2026-02-14T15:37:23.324064] [USER-CHECK] user=lkh639 result=allow:allow
[2026-02-14T15:43:44.819413] [USER-CHECK] user=lkh639 result=allow:allow
[2026-02-14T15:43:44.907708] [USER-CHECK] user=lkh639 result=allow:allow
[2026-02-14T15:43:44.912169] [USER-CHECK] user=lkh639 result=allow:allow
[2026-02-14T15:43:45.048334] [USER-CHECK] user=lkh639 result=allow:allow
[2026-02-14T15:58:30.014457] [USER-CHECK] user=lkh639 result=allow:allow
[2026-02-14T15:58:30.330961] [USER-CHECK] user=lkh639 result=allow:allow
[2026-02-14T15:59:16.953615] [USER-CHECK] user=lkh639 result=allow:allow
[2026-02-14T15:59:17.152382] [USER-CHECK] user=lkh639 result=allow:allow
[2026-02-14T17:37:06.265162] [USER-CHECK] user=LH511 result=allow:allow
[2026-02-15T02:01:45.874293] [USER-CHECK] user=yl795 result=allow:allow
[2026-02-15T08:30:44.092728] [USER-CHECK] user=lkh639 result=allow:allow
[2026-02-15T11:22:29.070284] [USER-CHECK] user=yl795 result=allow:allow
[2026-02-15T17:34:06.921785] [USER-CHECK] user=LH511 result=allow:allow
[2026-02-16T02:01:50.297927] [USER-CHECK] user=yl795 result=allow:allow
[2026-02-16T08:27:48.677053] [USER-CHECK] user=lkh639 result=allow:allow
[2026-02-16T08:31:18.628266] [USER-CHECK] user=lkh639 result=allow:allow
[2026-02-16T08:31:18.642163] [USER-CHECK] user=lkh639 result=allow:allow
[2026-02-16T08:31:18.777509] [USER-CHECK] user=lkh639 result=allow:allow
[2026-02-16T08:31:18.797223] [USER-CHECK] user=lkh639 result=allow:allow
[2026-02-16T08:31:19.049894] [USER-CHECK] user=lkh639 result=allow:allow
[2026-02-16T08:31:19.062781] [USER-CHECK] user=lkh639 result=allow:allow
[2026-02-16T08:31:26.796902] [USER-CHECK] user=lkh639 result=allow:allow
[2026-02-16T08:31:26.838656] [USER-CHECK] user=lkh639 result=allow:allow
[2026-02-16T08:31:26.884488] [USER-CHECK] user=lkh639 result=allow:allow
[2026-02-16T08:31:27.249355] [USER-CHECK] user=lkh639 result=allow:allow
[2026-02-16T08:31:27.419004] [USER-CHECK] user=lkh639 result=allow:allow
[2026-02-16T08:31:27.735859] [USER-CHECK] user=lkh639 result=allow:allow
[2026-02-16T08:31:27.790036] [USER-CHECK] user=lkh639 result=allow:allow
[2026-02-16T08:31:27.868478] [USER-CHECK] user=lkh639 result=allow:allow
[2026-02-16T08:31:27.936276] [USER-CHECK] user=lkh639 result=allow:allow
[2026-02-16T08:31:28.169818] [USER-CHECK] user=lkh639 result=allow:allow
[2026-02-16T08:31:28.197418] [USER-CHECK] user=lkh639 result=allow:allow
[2026-02-16T08:31:28.304445] [USER-CHECK] user=lkh639 result=allow:allow
[2026-02-16T08:31:28.462421] [USER-CHECK] user=lkh639 result=allow:allow
[2026-02-16T08:31:28.473295] [USER-CHECK] user=lkh639 result=allow:allow
[2026-02-16T08:31:28.556136] [USER-CHECK] user=lkh639 result=allow:allow
[2026-02-16T08:31:29.407295] [USER-CHECK] user=lkh639 result=allow:allow
[2026-02-16T08:31:39.849712] [USER-CHECK] user=lkh639 result=allow:allow
[2026-02-16T08:31:40.171113] [USER-CHECK] user=lkh639 result=allow:allow
[2026-02-16T08:31:40.476714] [USER-CHECK] user=lkh639 result=allow:allow
[2026-02-16T08:31:40.523218] [USER-CHECK] user=lkh639 result=allow:allow
[2026-02-16T08:31:40.793916] [USER-CHECK] user=lkh639 result=allow:allow
[2026-02-16T08:31:40.826399] [USER-CHECK] user=lkh639 result=allow:allow
[2026-02-16T08:31:40.974058] [USER-CHECK] user=lkh639 result=allow:allow
[2026-02-16T08:31:41.042020] [USER-CHECK] user=lkh639 result=allow:allow
[2026-02-16T08:31:41.390181] [USER-CHECK] user=lkh639 result=allow:allow
[2026-02-16T08:31:41.414720] [USER-CHECK] user=lkh639 result=allow:allow
[2026-02-16T08:31:41.460257] [USER-CHECK] user=lkh639 result=allow:allow
[2026-02-16T08:31:41.466376] [USER-CHECK] user=lkh639 result=allow:allow
[2026-02-16T08:31:42.276055] [USER-CHECK] user=lkh639 result=allow:allow
[2026-02-16T08:31:43.408724] [USER-CHECK] user=lkh639 result=allow:allow
[2026-02-16T08:32:07.563966] [USER-CHECK] user=lkh639 result=allow:allow
[2026-02-16T08:32:07.747063] [USER-CHECK] user=lkh639 result=allow:allow
[2026-02-16T08:32:07.819989] [USER-CHECK] user=lkh639 result=allow:allow
[2026-02-16T08:32:08.860040] [USER-CHECK] user=lkh639 result=allow:allow
[2026-02-16T08:40:42.717466] [USER-CHECK] user=lkh639 result=allow:allow
[2026-02-16T08:43:23.190226] [USER-CHECK] user=lkh639 result=allow:allow
[2026-02-16T08:43:23.191028] [USER-CHECK] user=lkh639 result=allow:allow
[2026-02-16T08:43:23.342830] [USER-CHECK] user=lkh639 result=allow:allow
[2026-02-16T08:43:23.709328] [USER-CHECK] user=lkh639 result=allow:allow
[2026-02-16T09:56:33.915432] [USER-CHECK] user=lkh639 result=allow:allow
[2026-02-16T09:56:33.985078] [USER-CHECK] user=lkh639 result=allow:allow
[2026-02-16T09:56:34.411490] [USER-CHECK] user=lkh639 result=allow:allow
[2026-02-16T09:56:34.837308] [USER-CHECK] user=lkh639 result=allow:allow
[2026-02-16T09:56:34.838564] [USER-CHECK] user=lkh639 result=allow:allow
[2026-02-16T09:56:34.971361] [USER-CHECK] user=lkh639 result=allow:allow
[2026-02-16T09:56:34.972886] [USER-CHECK] user=lkh639 result=allow:allow
[2026-02-16T09:56:35.145743] [USER-CHECK] user=lkh639 result=allow:allow
[2026-02-16T09:56:35.160502] [USER-CHECK] user=lkh639 result=allow:allow
[2026-02-16T09:56:35.176737] [USER-CHECK] user=lkh639 result=allow:allow
[2026-02-16T09:56:35.220240] [USER-CHECK] user=lkh639 result=allow:allow
[2026-02-16T09:56:35.220592] [USER-CHECK] user=lkh639 result=allow:allow
[2026-02-16T09:56:35.326270] [USER-CHECK] user=lkh639 result=allow:allow
[2026-02-16T09:56:35.448044] [USER-CHECK] user=lkh639 result=allow:allow
[2026-02-16T09:56:36.651309] [USER-CHECK] user=lkh639 result=allow:allow
[2026-02-16T09:56:36.662630] [USER-CHECK] user=lkh639 result=allow:allow
[2026-02-16T09:56:53.434233] [USER-CHECK] user=lkh639 result=allow:allow
[2026-02-16T09:56:53.608228] [USER-CHECK] user=lkh639 result=allow:allow
[2026-02-16T09:56:53.623077] [USER-CHECK] user=lkh639 result=allow:allow
[2026-02-16T09:56:53.624904] [USER-CHECK] user=lkh639 result=allow:allow
[2026-02-16T09:56:53.643180] [USER-CHECK] user=lkh639 result=allow:allow
[2026-02-16T09:56:53.721245] [USER-CHECK] user=lkh639 result=allow:allow
[2026-02-16T09:56:53.994782] [USER-CHECK] user=lkh639 result=allow:allow
[2026-02-16T09:56:54.010773] [USER-CHECK] user=lkh639 result=allow:allow
[2026-02-16T09:56:54.120616] [USER-CHECK] user=lkh639 result=allow:allow
[2026-02-16T09:56:55.677764] [USER-CHECK] user=lkh639 result=allow:allow
[2026-02-16T10:01:51.670031] [USER-CHECK] user=yl795 result=allow:allow
[2026-02-16T11:19:33.869392] [USER-CHECK] user=yl795 result=allow:allow
[2026-02-16T11:30:08.029836] [USER-CHECK] user=lkh639 result=allow:allow
[2026-02-16T11:30:09.533518] [USER-CHECK] user=lkh639 result=allow:allow
[2026-02-16T11:30:09.570716] [USER-CHECK] user=lkh639 result=allow:allow
[2026-02-16T11:30:09.594801] [USER-CHECK] user=lkh639 result=allow:allow
[2026-02-16T11:30:09.650693] [USER-CHECK] user=lkh639 result=allow:allow
[2026-02-16T11:30:09.652234] [USER-CHECK] user=lkh639 result=allow:allow
[2026-02-16T11:30:09.652742] [USER-CHECK] user=lkh639 result=allow:allow
[2026-02-16T11:30:09.713694] [USER-CHECK] user=lkh639 result=allow:allow
[2026-02-16T11:30:10.529245] [USER-CHECK] user=lkh639 result=allow:allow
[2026-02-16T11:30:10.541963] [USER-CHECK] user=lkh639 result=allow:allow
[2026-02-16T11:30:10.681963] [USER-CHECK] user=lkh639 result=allow:allow
[2026-02-16T11:30:10.734826] [USER-CHECK] user=lkh639 result=allow:allow
[2026-02-16T11:30:10.752068] [USER-CHECK] user=lkh639 result=allow:allow
[2026-02-16T11:30:11.292827] [USER-CHECK] user=lkh639 result=allow:allow
[2026-02-16T11:30:11.515175] [USER-CHECK] user=lkh639 result=allow:allow
[2026-02-16T11:30:11.933519] [USER-CHECK] user=lkh639 result=allow:allow
[2026-02-16T11:30:11.935856] [USER-CHECK] user=lkh639 result=allow:allow
[2026-02-16T11:30:12.042700] [USER-CHECK] user=lkh639 result=allow:allow
[2026-02-16T11:30:12.197056] [USER-CHECK] user=lkh639 result=allow:allow
[2026-02-16T11:30:12.463870] [USER-CHECK] user=lkh639 result=allow:allow
[2026-02-16T11:30:12.606496] [USER-CHECK] user=lkh639 result=allow:allow
[2026-02-16T11:30:12.739444] [USER-CHECK] user=lkh639 result=allow:allow
[2026-02-16T11:30:12.819514] [USER-CHECK] user=lkh639 result=allow:allow
[2026-02-16T11:30:20.625232] [USER-CHECK] user=lkh639 result=allow:allow
[2026-02-16T11:30:20.657177] [USER-CHECK] user=lkh639 result=allow:allow
[2026-02-16T11:30:21.994342] [USER-CHECK] user=lkh639 result=allow:allow
[2026-02-16T11:30:21.996144] [USER-CHECK] user=lkh639 result=allow:allow
[2026-02-16T11:30:22.309227] [USER-CHECK] user=lkh639 result=allow:allow
[2026-02-16T11:30:37.985721] [USER-CHECK] user=lkh639 result=allow:allow
[2026-02-16T11:30:38.339351] [USER-CHECK] user=lkh639 result=allow:allow
[2026-02-16T11:30:38.595936] [USER-CHECK] user=lkh639 result=allow:allow
[2026-02-16T11:30:38.720049] [USER-CHECK] user=lkh639 result=allow:allow
[2026-02-16T11:30:38.742290] [USER-CHECK] user=lkh639 result=allow:allow
[2026-02-16T11:30:38.864469] [USER-CHECK] user=lkh639 result=allow:allow
[2026-02-16T11:30:38.959964] [USER-CHECK] user=lkh639 result=allow:allow
[2026-02-16T11:30:38.964278] [USER-CHECK] user=lkh639 result=allow:allow
[2026-02-16T11:30:39.023124] [USER-CHECK] user=lkh639 result=allow:allow
[2026-02-16T11:30:39.175488] [USER-CHECK] user=lkh639 result=allow:allow
[2026-02-16T11:30:39.322130] [USER-CHECK] user=lkh639 result=allow:allow
[2026-02-16T11:32:22.595757] [USER-CHECK] user=lkh639 result=allow:allow
[2026-02-16T11:32:32.947338] [USER-CHECK] user=lkh639 result=allow:allow
[2026-02-16T11:32:33.330534] [USER-CHECK] user=lkh639 result=allow:allow
[2026-02-16T11:32:33.401268] [USER-CHECK] user=lkh639 result=allow:allow
[2026-02-16T11:32:34.013456] [USER-CHECK] user=lkh639 result=allow:allow
[2026-02-16T12:38:47.059967] [USER-CHECK] user=lkh639 result=allow:allow
[2026-02-16T12:39:24.414506] [USER-CHECK] user=lkh639 result=allow:allow
[2026-02-16T12:39:24.540103] [USER-CHECK] user=lkh639 result=allow:allow
[2026-02-16T12:40:24.028594] [USER-CHECK] user=lkh639 result=allow:allow
[2026-02-16T12:40:24.040226] [USER-CHECK] user=lkh639 result=allow:allow
[2026-02-16T14:25:46.048738] [USER-CHECK] user=lkh639 result=allow:allow
[2026-02-16T14:25:46.590910] [USER-CHECK] user=lkh639 result=allow:allow
[2026-02-16T14:25:46.767044] [USER-CHECK] user=lkh639 result=allow:allow
[2026-02-16T14:25:46.775277] [USER-CHECK] user=lkh639 result=allow:allow
[2026-02-16T14:25:46.990864] [USER-CHECK] user=lkh639 result=allow:allow
[2026-02-16T14:25:47.077293] [USER-CHECK] user=lkh639 result=allow:allow
[2026-02-16T14:25:48.095915] [USER-CHECK] user=lkh639 result=allow:allow
[2026-02-16T14:26:12.551288] [USER-CHECK] user=lkh639 result=allow:allow
[2026-02-16T14:26:46.651006] [USER-CHECK] user=lkh639 result=allow:allow
[2026-02-16T14:26:48.000649] [USER-CHECK] user=lkh639 result=allow:allow
[2026-02-16T14:27:21.824934] [USER-CHECK] user=lkh639 result=allow:allow
[2026-02-16T14:27:27.663163] [USER-CHECK] user=lkh639 result=allow:allow
[2026-02-16T14:40:49.491518] [USER-CHECK] user=lkh639 result=allow:allow
[2026-02-16T14:40:51.701196] [USER-CHECK] user=lkh639 result=allow:allow
[2026-02-16T14:40:52.013058] [USER-CHECK] user=lkh639 result=allow:allow
[2026-02-16T14:40:52.714979] [USER-CHECK] user=lkh639 result=allow:allow
[2026-02-16T14:41:05.585935] [USER-CHECK] user=lkh639 result=allow:allow
[2026-02-16T14:41:07.553600] [USER-CHECK] user=lkh639 result=allow:allow
[2026-02-16T14:41:07.718455] [USER-CHECK] user=lkh639 result=allow:allow
[2026-02-16T14:41:08.339143] [USER-CHECK] user=lkh639 result=allow:allow
[2026-02-16T14:41:09.079455] [USER-CHECK] user=lkh639 result=allow:allow
[2026-02-16T14:41:09.218643] [USER-CHECK] user=lkh639 result=allow:allow
[2026-02-16T14:41:09.299406] [USER-CHECK] user=lkh639 result=allow:allow
[2026-02-16T14:41:09.323050] [USER-CHECK] user=lkh639 result=allow:allow
[2026-02-16T14:41:09.422291] [USER-CHECK] user=lkh639 result=allow:allow
[2026-02-16T14:41:09.451298] [USER-CHECK] user=lkh639 result=allow:allow
[2026-02-16T14:41:09.679837] [USER-CHECK] user=lkh639 result=allow:allow
[2026-02-16T14:41:25.041881] [USER-CHECK] user=lkh639 result=allow:allow
[2026-02-16T14:41:47.553599] [USER-CHECK] user=lkh639 result=allow:allow
[2026-02-16T14:52:06.575634] [USER-CHECK] user=lkh639 result=allow:allow
[2026-02-16T14:52:09.399719] [USER-CHECK] user=lkh639 result=allow:allow
[2026-02-16T14:52:09.930313] [USER-CHECK] user=lkh639 result=allow:allow
[2026-02-16T14:54:02.249460] [USER-CHECK] user=lkh639 result=allow:allow
[2026-02-16T14:54:21.120544] [USER-CHECK] user=lkh639 result=allow:allow
[2026-02-16T14:54:23.119377] [USER-CHECK] user=lkh639 result=allow:allow
[2026-02-16T14:54:23.119712] [USER-CHECK] user=lkh639 result=allow:allow
[2026-02-16T14:54:23.119926] [USER-CHECK] user=lkh639 result=allow:allow
[2026-02-16T14:54:23.151674] [USER-CHECK] user=lkh639 result=allow:allow
[2026-02-16T14:54:23.324593] [USER-CHECK] user=lkh639 result=allow:allow
[2026-02-16T14:54:23.644187] [USER-CHECK] user=lkh639 result=allow:allow
[2026-02-16T14:54:23.646300] [USER-CHECK] user=lkh639 result=allow:allow
[2026-02-16T14:54:23.652155] [USER-CHECK] user=lkh639 result=allow:allow
[2026-02-16T14:54:23.655736] [USER-CHECK] user=lkh639 result=allow:allow
[2026-02-16T14:54:23.656473] [USER-CHECK] user=lkh639 result=allow:allow
[2026-02-16T14:54:23.697017] [USER-CHECK] user=lkh639 result=allow:allow
[2026-02-16T14:54:23.713520] [USER-CHECK] user=lkh639 result=allow:allow
[2026-02-16T14:54:23.714116] [USER-CHECK] user=lkh639 result=allow:allow
[2026-02-16T14:54:23.714239] [USER-CHECK] user=lkh639 result=allow:allow
[2026-02-16T14:54:23.714384] [USER-CHECK] user=lkh639 result=allow:allow
[2026-02-16T14:54:23.716907] [USER-CHECK] user=lkh639 result=allow:allow
[2026-02-16T14:54:23.723329] [USER-CHECK] user=lkh639 result=allow:allow
[2026-02-16T14:54:23.739942] [USER-CHECK] user=lkh639 result=allow:allow
[2026-02-16T14:54:23.741902] [USER-CHECK] user=lkh639 result=allow:allow
[2026-02-16T14:54:23.807645] [USER-CHECK] user=lkh639 result=allow:allow
[2026-02-16T14:54:23.873297] [USER-CHECK] user=lkh639 result=allow:allow
[2026-02-16T14:54:24.047678] [USER-CHECK] user=lkh639 result=allow:allow
[2026-02-16T14:54:24.072945] [USER-CHECK] user=lkh639 result=allow:allow
[2026-02-16T14:54:24.075639] [USER-CHECK] user=lkh639 result=allow:allow
[2026-02-16T14:54:24.093740] [USER-CHECK] user=lkh639 result=allow:allow
[2026-02-16T14:54:24.352531] [USER-CHECK] user=lkh639 result=allow:allow
[2026-02-16T14:54:24.512909] [USER-CHECK] user=lkh639 result=allow:allow
[2026-02-16T14:54:24.545972] [USER-CHECK] user=lkh639 result=allow:allow
[2026-02-16T14:54:25.217455] [USER-CHECK] user=lkh639 result=allow:allow
[2026-02-16T14:54:25.242534] [USER-CHECK] user=lkh639 result=allow:allow
[2026-02-16T14:54:25.299896] [USER-CHECK] user=lkh639 result=allow:allow
[2026-02-16T14:54:25.311481] [USER-CHECK] user=lkh639 result=allow:allow
[2026-02-16T14:54:25.326615] [USER-CHECK] user=lkh639 result=allow:allow
[2026-02-16T14:54:25.502647] [USER-CHECK] user=lkh639 result=allow:allow
[2026-02-16T14:54:25.554389] [USER-CHECK] user=lkh639 result=allow:allow
[2026-02-16T14:54:25.593717] [USER-CHECK] user=lkh639 result=allow:allow
[2026-02-16T14:54:25.760629] [USER-CHECK] user=lkh639 result=allow:allow
[2026-02-16T14:54:25.805503] [USER-CHECK] user=lkh639 result=allow:allow
[2026-02-16T14:54:25.822046] [USER-CHECK] user=lkh639 result=allow:allow
[2026-02-16T14:54:25.891741] [USER-CHECK] user=lkh639 result=allow:allow
[2026-02-16T14:54:25.896045] [USER-CHECK] user=lkh639 result=allow:allow
[2026-02-16T14:54:25.900008] [USER-CHECK] user=lkh639 result=allow:allow
[2026-02-16T14:54:25.933748] [USER-CHECK] user=lkh639 result=allow:allow
[2026-02-16T14:54:25.973108] [USER-CHECK] user=lkh639 result=allow:allow
[2026-02-16T14:54:25.982115] [USER-CHECK] user=lkh639 result=allow:allow
[2026-02-16T14:54:26.046628] [USER-CHECK] user=lkh639 result=allow:allow
[2026-02-16T14:54:26.055319] [USER-CHECK] user=lkh639 result=allow:allow
[2026-02-16T14:54:26.060298] [USER-CHECK] user=lkh639 result=allow:allow
[2026-02-16T14:54:26.062536] [USER-CHECK] user=lkh639 result=allow:allow
[2026-02-16T14:54:26.062766] [USER-CHECK] user=lkh639 result=allow:allow
[2026-02-16T14:54:26.067490] [USER-CHECK] user=lkh639 result=allow:allow
[2026-02-16T14:54:26.075313] [USER-CHECK] user=lkh639 result=allow:allow
[2026-02-16T14:54:26.110731] [USER-CHECK] user=lkh639 result=allow:allow
[2026-02-16T14:54:26.114502] [USER-CHECK] user=lkh639 result=allow:allow
[2026-02-16T14:54:26.115180] [USER-CHECK] user=lkh639 result=allow:allow
[2026-02-16T14:54:26.116338] [USER-CHECK] user=lkh639 result=allow:allow
[2026-02-16T14:54:26.117411] [USER-CHECK] user=lkh639 result=allow:allow
[2026-02-16T14:54:26.121642] [USER-CHECK] user=lkh639 result=allow:allow
[2026-02-16T14:54:26.127264] [USER-CHECK] user=lkh639 result=allow:allow
[2026-02-16T14:54:26.128145] [USER-CHECK] user=lkh639 result=allow:allow
[2026-02-16T14:54:26.198722] [USER-CHECK] user=lkh639 result=allow:allow
[2026-02-16T14:54:26.209437] [USER-CHECK] user=lkh639 result=allow:allow
[2026-02-16T14:54:26.235090] [USER-CHECK] user=lkh639 result=allow:allow
[2026-02-16T14:54:26.245441] [USER-CHECK] user=lkh639 result=allow:allow
[2026-02-16T14:54:26.247555] [USER-CHECK] user=lkh639 result=allow:allow
[2026-02-16T14:54:26.248295] [USER-CHECK] user=lkh639 result=allow:allow
[2026-02-16T14:54:26.251513] [USER-CHECK] user=lkh639 result=allow:allow
[2026-02-16T14:54:26.365483] [USER-CHECK] user=lkh639 result=allow:allow
[2026-02-16T14:54:26.366001] [USER-CHECK] user=lkh639 result=allow:allow
[2026-02-16T14:54:26.368497] [USER-CHECK] user=lkh639 result=allow:allow
[2026-02-16T14:54:26.381218] [USER-CHECK] user=lkh639 result=allow:allow
[2026-02-16T14:54:26.382448] [USER-CHECK] user=lkh639 result=allow:allow
[2026-02-16T14:54:26.412241] [USER-CHECK] user=lkh639 result=allow:allow
[2026-02-16T14:54:26.513838] [USER-CHECK] user=lkh639 result=allow:allow
[2026-02-16T14:54:26.514281] [USER-CHECK] user=lkh639 result=allow:allow
[2026-02-16T14:54:26.536992] [USER-CHECK] user=lkh639 result=allow:allow
[2026-02-16T14:54:26.561816] [USER-CHECK] user=lkh639 result=allow:allow
[2026-02-16T14:54:26.725344] [USER-CHECK] user=lkh639 result=allow:allow
[2026-02-16T14:54:26.786307] [USER-CHECK] user=lkh639 result=allow:allow
[2026-02-16T14:54:27.578232] [USER-CHECK] user=lkh639 result=allow:allow
[2026-02-16T14:54:27.996178] [USER-CHECK] user=lkh639 result=allow:allow
[2026-02-16T14:54:28.083747] [USER-CHECK] user=lkh639 result=allow:allow
[2026-02-16T14:54:28.095299] [USER-CHECK] user=lkh639 result=allow:allow
[2026-02-16T14:54:28.097138] [USER-CHECK] user=lkh639 result=allow:allow
[2026-02-16T14:54:28.097845] [USER-CHECK] user=lkh639 result=allow:allow
[2026-02-16T14:54:28.126878] [USER-CHECK] user=lkh639 result=allow:allow
[2026-02-16T14:54:28.133535] [USER-CHECK] user=lkh639 result=allow:allow
[2026-02-16T14:54:28.225495] [USER-CHECK] user=lkh639 result=allow:allow
[2026-02-16T14:54:28.226386] [USER-CHECK] user=lkh639 result=allow:allow
[2026-02-16T14:54:28.228029] [USER-CHECK] user=lkh639 result=allow:allow
[2026-02-16T14:54:28.389372] [USER-CHECK] user=lkh639 result=allow:allow
[2026-02-16T14:54:28.407913] [USER-CHECK] user=lkh639 result=allow:allow
[2026-02-16T14:54:29.243437] [USER-CHECK] user=lkh639 result=allow:allow
[2026-02-16T14:54:29.406046] [USER-CHECK] user=lkh639 result=allow:allow
[2026-02-16T14:54:29.407178] [USER-CHECK] user=lkh639 result=allow:allow
[2026-02-16T14:54:29.408301] [USER-CHECK] user=lkh639 result=allow:allow
[2026-02-16T14:54:29.842706] [USER-CHECK] user=lkh639 result=allow:allow
[2026-02-16T14:54:29.949941] [USER-CHECK] user=lkh639 result=allow:allow
[2026-02-16T14:54:30.639836] [USER-CHECK] user=lkh639 result=allow:allow
[2026-02-16T14:54:31.057717] [USER-CHECK] user=lkh639 result=allow:allow
[2026-02-16T14:54:31.158394] [USER-CHECK] user=lkh639 result=allow:allow
[2026-02-16T14:54:31.169517] [USER-CHECK] user=lkh639 result=allow:allow
[2026-02-16T14:54:31.186894] [USER-CHECK] user=lkh639 result=allow:allow
[2026-02-16T14:54:31.256697] [USER-CHECK] user=lkh639 result=allow:allow
[2026-02-16T14:54:40.592292] [USER-CHECK] user=lkh639 result=allow:allow
[2026-02-16T14:54:40.665616] [USER-CHECK] user=lkh639 result=allow:allow
[2026-02-16T14:54:40.680402] [USER-CHECK] user=lkh639 result=allow:allow
[2026-02-16T14:55:14.727287] [USER-CHECK] user=lkh639 result=allow:allow
[2026-02-16T14:55:14.730119] [USER-CHECK] user=lkh639 result=allow:allow
[2026-02-16T14:55:14.731909] [USER-CHECK] user=lkh639 result=allow:allow
[2026-02-16T14:55:14.733177] [USER-CHECK] user=lkh639 result=allow:allow
[2026-02-16T14:55:14.738567] [USER-CHECK] user=lkh639 result=allow:allow
[2026-02-16T14:55:14.742757] [USER-CHECK] user=lkh639 result=allow:allow
[2026-02-16T14:55:14.757801] [USER-CHECK] user=lkh639 result=allow:allow
[2026-02-16T14:55:14.822861] [USER-CHECK] user=lkh639 result=allow:allow
[2026-02-16T14:55:15.143275] [USER-CHECK] user=lkh639 result=allow:allow
[2026-02-16T14:55:16.279565] [USER-CHECK] user=lkh639 result=allow:allow
[2026-02-16T14:55:16.444494] [USER-CHECK] user=lkh639 result=allow:allow
[2026-02-16T14:55:16.444807] [USER-CHECK] user=lkh639 result=allow:allow
[2026-02-16T14:55:16.446794] [USER-CHECK] user=lkh639 result=allow:allow
[2026-02-16T14:55:16.494742] [USER-CHECK] user=lkh639 result=allow:allow
[2026-02-16T14:55:16.591887] [USER-CHECK] user=lkh639 result=allow:allow
[2026-02-16T14:55:16.594010] [USER-CHECK] user=lkh639 result=allow:allow
[2026-02-16T14:55:16.644320] [USER-CHECK] user=lkh639 result=allow:allow
[2026-02-16T14:55:16.645299] [USER-CHECK] user=lkh639 result=allow:allow
[2026-02-16T14:55:16.714678] [USER-CHECK] user=lkh639 result=allow:allow
[2026-02-16T14:55:17.015794] [USER-CHECK] user=lkh639 result=allow:allow
[2026-02-16T14:55:17.019313] [USER-CHECK] user=lkh639 result=allow:allow
[2026-02-16T14:55:17.224564] [USER-CHECK] user=lkh639 result=allow:allow
[2026-02-16T14:55:17.227585] [USER-CHECK] user=lkh639 result=allow:allow
[2026-02-16T14:55:17.230691] [USER-CHECK] user=lkh639 result=allow:allow
[2026-02-16T14:55:17.231887] [USER-CHECK] user=lkh639 result=allow:allow
[2026-02-16T14:55:17.232965] [USER-CHECK] user=lkh639 result=allow:allow
[2026-02-16T14:55:17.233654] [USER-CHECK] user=lkh639 result=allow:allow
[2026-02-16T14:55:17.241436] [USER-CHECK] user=lkh639 result=allow:allow
[2026-02-16T14:55:17.242643] [USER-CHECK] user=lkh639 result=allow:allow
[2026-02-16T14:55:17.245435] [USER-CHECK] user=lkh639 result=allow:allow
[2026-02-16T14:55:17.256702] [USER-CHECK] user=lkh639 result=allow:allow
[2026-02-16T14:55:17.296749] [USER-CHECK] user=lkh639 result=allow:allow
[2026-02-16T14:55:17.298903] [USER-CHECK] user=lkh639 result=allow:allow
[2026-02-16T14:55:17.560274] [USER-CHECK] user=lkh639 result=allow:allow
[2026-02-16T14:55:17.705025] [USER-CHECK] user=lkh639 result=allow:allow
[2026-02-16T14:55:18.058078] [USER-CHECK] user=lkh639 result=allow:allow
[2026-02-16T14:55:18.062035] [USER-CHECK] user=lkh639 result=allow:allow
[2026-02-16T14:55:18.163358] [USER-CHECK] user=lkh639 result=allow:allow
[2026-02-16T14:55:18.168097] [USER-CHECK] user=lkh639 result=allow:allow
[2026-02-16T14:55:18.169903] [USER-CHECK] user=lkh639 result=allow:allow
[2026-02-16T14:55:18.179031] [USER-CHECK] user=lkh639 result=allow:allow
[2026-02-16T14:55:18.183424] [USER-CHECK] user=lkh639 result=allow:allow
[2026-02-16T14:55:18.185211] [USER-CHECK] user=lkh639 result=allow:allow
[2026-02-16T14:55:18.196939] [USER-CHECK] user=lkh639 result=allow:allow
[2026-02-16T14:55:18.227014] [USER-CHECK] user=lkh639 result=allow:allow
[2026-02-16T14:55:18.235476] [USER-CHECK] user=lkh639 result=allow:allow
[2026-02-16T14:55:18.558202] [USER-CHECK] user=lkh639 result=allow:allow
[2026-02-16T14:55:18.728118] [USER-CHECK] user=lkh639 result=allow:allow
[2026-02-16T14:55:18.932133] [USER-CHECK] user=lkh639 result=allow:allow
[2026-02-16T14:55:20.284872] [USER-CHECK] user=lkh639 result=allow:allow
[2026-02-16T14:55:20.766384] [USER-CHECK] user=lkh639 result=allow:allow
[2026-02-16T14:55:20.829226] [USER-CHECK] user=lkh639 result=allow:allow
[2026-02-16T14:55:21.186443] [USER-CHECK] user=lkh639 result=allow:allow
[2026-02-16T14:55:21.623834] [USER-CHECK] user=lkh639 result=allow:allow
[2026-02-16T14:55:21.624108] [USER-CHECK] user=lkh639 result=allow:allow
[2026-02-16T14:55:21.624443] [USER-CHECK] user=lkh639 result=allow:allow
[2026-02-16T14:55:21.625031] [USER-CHECK] user=lkh639 result=allow:allow
[2026-02-16T14:55:21.627334] [USER-CHECK] user=lkh639 result=allow:allow
[2026-02-16T14:55:21.629383] [USER-CHECK] user=lkh639 result=allow:allow
[2026-02-16T14:55:21.630800] [USER-CHECK] user=lkh639 result=allow:allow
[2026-02-16T14:55:21.631210] [USER-CHECK] user=lkh639 result=allow:allow
[2026-02-16T14:55:21.774320] [USER-CHECK] user=lkh639 result=allow:allow
[2026-02-16T14:55:21.878822] [USER-CHECK] user=lkh639 result=allow:allow
[2026-02-16T14:55:22.424648] [USER-CHECK] user=lkh639 result=allow:allow
[2026-02-16T14:55:22.426802] [USER-CHECK] user=lkh639 result=allow:allow
[2026-02-16T14:55:22.802733] [USER-CHECK] user=lkh639 result=allow:allow
[2026-02-16T14:55:23.812068] [USER-CHECK] user=lkh639 result=allow:allow
[2026-02-16T14:55:24.146209] [USER-CHECK] user=lkh639 result=allow:allow
[2026-02-16T14:55:24.164716] [USER-CHECK] user=lkh639 result=allow:allow
[2026-02-16T14:55:24.250050] [USER-CHECK] user=lkh639 result=allow:allow
[2026-02-16T14:55:24.751172] [USER-CHECK] user=lkh639 result=allow:allow
[2026-02-16T14:55:24.751568] [USER-CHECK] user=lkh639 result=allow:allow
[2026-02-16T14:55:24.751935] [USER-CHECK] user=lkh639 result=allow:allow
[2026-02-16T14:55:25.512464] [USER-CHECK] user=lkh639 result=allow:allow
[2026-02-16T14:55:25.777486] [USER-CHECK] user=lkh639 result=allow:allow
[2026-02-16T14:55:25.778937] [USER-CHECK] user=lkh639 result=allow:allow
[2026-02-16T14:55:25.785529] [USER-CHECK] user=lkh639 result=allow:allow
[2026-02-16T14:55:26.015100] [USER-CHECK] user=lkh639 result=allow:allow
[2026-02-16T14:55:26.017888] [USER-CHECK] user=lkh639 result=allow:allow
[2026-02-16T14:55:26.088184] [USER-CHECK] user=lkh639 result=allow:allow
[2026-02-16T14:55:26.635204] [USER-CHECK] user=lkh639 result=allow:allow
[2026-02-16T14:55:27.219245] [USER-CHECK] user=lkh639 result=allow:allow
[2026-02-16T14:55:27.250250] [USER-CHECK] user=lkh639 result=allow:allow
[2026-02-16T14:55:27.250953] [USER-CHECK] user=lkh639 result=allow:allow
[2026-02-16T14:55:27.252903] [USER-CHECK] user=lkh639 result=allow:allow
[2026-02-16T14:55:27.273148] [USER-CHECK] user=lkh639 result=allow:allow
[2026-02-16T14:55:27.274887] [USER-CHECK] user=lkh639 result=allow:allow
[2026-02-16T14:55:27.288911] [USER-CHECK] user=lkh639 result=allow:allow
[2026-02-16T14:55:27.293737] [USER-CHECK] user=lkh639 result=allow:allow
[2026-02-16T14:55:27.294383] [USER-CHECK] user=lkh639 result=allow:allow
[2026-02-16T14:55:27.656067] [USER-CHECK] user=lkh639 result=allow:allow
[2026-02-16T14:55:27.731714] [USER-CHECK] user=lkh639 result=allow:allow
[2026-02-16T14:55:27.767712] [USER-CHECK] user=lkh639 result=allow:allow
[2026-02-16T14:55:27.779906] [USER-CHECK] user=lkh639 result=allow:allow
[2026-02-16T14:55:31.477323] [USER-CHECK] user=lkh639 result=allow:allow
[2026-02-16T14:55:31.486337] [USER-CHECK] user=lkh639 result=allow:allow
[2026-02-16T14:55:31.486800] [USER-CHECK] user=lkh639 result=allow:allow
[2026-02-16T14:55:31.486996] [USER-CHECK] user=lkh639 result=allow:allow
[2026-02-16T14:55:31.494015] [USER-CHECK] user=lkh639 result=allow:allow
[2026-02-16T14:55:31.494938] [USER-CHECK] user=lkh639 result=allow:allow
[2026-02-16T14:55:31.515274] [USER-CHECK] user=lkh639 result=allow:allow
[2026-02-16T14:55:31.524199] [USER-CHECK] user=lkh639 result=allow:allow
[2026-02-16T14:55:31.636238] [USER-CHECK] user=lkh639 result=allow:allow
[2026-02-16T14:55:31.878488] [USER-CHECK] user=lkh639 result=allow:allow
[2026-02-16T14:55:32.057459] [USER-CHECK] user=lkh639 result=allow:allow
[2026-02-16T14:55:32.166229] [USER-CHECK] user=lkh639 result=allow:allow
[2026-02-16T14:55:32.334880] [USER-CHECK] user=lkh639 result=allow:allow
[2026-02-16T14:55:32.340001] [USER-CHECK] user=lkh639 result=allow:allow
[2026-02-16T14:55:35.619425] [USER-CHECK] user=lkh639 result=allow:allow
[2026-02-16T14:55:39.419596] [USER-CHECK] user=lkh639 result=allow:allow
[2026-02-16T14:55:39.420091] [USER-CHECK] user=lkh639 result=allow:allow
[2026-02-16T14:55:39.701456] [USER-CHECK] user=lkh639 result=allow:allow
[2026-02-16T14:55:39.914622] [USER-CHECK] user=lkh639 result=allow:allow
[2026-02-16T14:55:40.215679] [USER-CHECK] user=lkh639 result=allow:allow
[2026-02-16T14:55:40.875573] [USER-CHECK] user=lkh639 result=allow:allow
[2026-02-16T14:55:42.407559] [USER-CHECK] user=lkh639 result=allow:allow
[2026-02-16T14:56:17.371133] [USER-CHECK] user=lkh639 result=allow:allow
[2026-02-16T14:56:17.373344] [USER-CHECK] user=lkh639 result=allow:allow
[2026-02-16T14:56:17.398890] [USER-CHECK] user=lkh639 result=allow:allow
[2026-02-16T14:56:17.399978] [USER-CHECK] user=lkh639 result=allow:allow
[2026-02-16T14:56:17.403692] [USER-CHECK] user=lkh639 result=allow:allow
[2026-02-16T14:56:17.404869] [USER-CHECK] user=lkh639 result=allow:allow
[2026-02-16T14:56:17.406805] [USER-CHECK] user=lkh639 result=allow:allow
[2026-02-16T14:56:17.411785] [USER-CHECK] user=lkh639 result=allow:allow
[2026-02-16T14:56:17.487031] [USER-CHECK] user=lkh639 result=allow:allow
[2026-02-16T14:56:17.990680] [USER-CHECK] user=lkh639 result=allow:allow
[2026-02-16T14:56:17.990852] [USER-CHECK] user=lkh639 result=allow:allow
[2026-02-16T14:56:18.069691] [USER-CHECK] user=lkh639 result=allow:allow
[2026-02-16T14:56:18.209223] [USER-CHECK] user=lkh639 result=allow:allow
[2026-02-16T14:56:18.218555] [USER-CHECK] user=lkh639 result=allow:allow
[2026-02-16T14:56:18.562784] [USER-CHECK] user=lkh639 result=allow:allow
[2026-02-16T14:56:18.705634] [USER-CHECK] user=lkh639 result=allow:allow
[2026-02-16T14:56:19.019413] [USER-CHECK] user=lkh639 result=allow:allow
[2026-02-16T14:56:19.041396] [USER-CHECK] user=lkh639 result=allow:allow
[2026-02-16T14:56:19.042541] [USER-CHECK] user=lkh639 result=allow:allow
[2026-02-16T14:56:19.044103] [USER-CHECK] user=lkh639 result=allow:allow
[2026-02-16T14:56:19.050458] [USER-CHECK] user=lkh639 result=allow:allow
[2026-02-16T14:56:19.053710] [USER-CHECK] user=lkh639 result=allow:allow
[2026-02-16T14:56:21.989613] [USER-CHECK] user=lkh639 result=allow:allow
[2026-02-16T14:56:21.990084] [USER-CHECK] user=lkh639 result=allow:allow
[2026-02-16T14:56:21.994635] [USER-CHECK] user=lkh639 result=allow:allow
[2026-02-16T14:56:21.995883] [USER-CHECK] user=lkh639 result=allow:allow
[2026-02-16T14:56:21.996346] [USER-CHECK] user=lkh639 result=allow:allow
[2026-02-16T14:56:21.996849] [USER-CHECK] user=lkh639 result=allow:allow
[2026-02-16T14:56:21.998706] [USER-CHECK] user=lkh639 result=allow:allow
[2026-02-16T14:56:22.003820] [USER-CHECK] user=lkh639 result=allow:allow
[2026-02-16T14:56:22.017113] [USER-CHECK] user=lkh639 result=allow:allow
[2026-02-16T14:56:22.086172] [USER-CHECK] user=lkh639 result=allow:allow
[2026-02-16T14:56:22.118457] [USER-CHECK] user=lkh639 result=allow:allow
[2026-02-16T14:56:22.164807] [USER-CHECK] user=lkh639 result=allow:allow
[2026-02-16T14:56:22.394416] [USER-CHECK] user=lkh639 result=allow:allow
[2026-02-16T14:56:23.390778] [USER-CHECK] user=lkh639 result=allow:allow
[2026-02-16T14:56:23.397157] [USER-CHECK] user=lkh639 result=allow:allow
[2026-02-16T14:56:23.400817] [USER-CHECK] user=lkh639 result=allow:allow
[2026-02-16T14:56:23.409223] [USER-CHECK] user=lkh639 result=allow:allow
[2026-02-16T14:56:24.180755] [USER-CHECK] user=lkh639 result=allow:allow
[2026-02-16T14:56:24.469681] [USER-CHECK] user=lkh639 result=allow:allow
[2026-02-16T14:56:24.561043] [USER-CHECK] user=lkh639 result=allow:allow
[2026-02-16T14:56:31.863973] [USER-CHECK] user=lkh639 result=allow:allow
[2026-02-16T14:56:32.343769] [USER-CHECK] user=lkh639 result=allow:allow
[2026-02-16T14:56:33.311716] [USER-CHECK] user=lkh639 result=allow:allow
[2026-02-16T14:56:40.974527] [USER-CHECK] user=lkh639 result=allow:allow
[2026-02-16T14:56:41.598973] [USER-CHECK] user=lkh639 result=allow:allow
[2026-02-16T14:56:42.693829] [USER-CHECK] user=lkh639 result=allow:allow
[2026-02-16T14:56:42.702513] [USER-CHECK] user=lkh639 result=allow:allow
[2026-02-16T14:56:46.967197] [USER-CHECK] user=lkh639 result=allow:allow
[2026-02-16T14:56:46.967608] [USER-CHECK] user=lkh639 result=allow:allow
[2026-02-16T14:56:46.973618] [USER-CHECK] user=lkh639 result=allow:allow
[2026-02-16T14:56:46.973933] [USER-CHECK] user=lkh639 result=allow:allow
[2026-02-16T14:56:46.976851] [USER-CHECK] user=lkh639 result=allow:allow
[2026-02-16T14:56:46.977653] [USER-CHECK] user=lkh639 result=allow:allow
[2026-02-16T14:56:46.978298] [USER-CHECK] user=lkh639 result=allow:allow
[2026-02-16T14:56:46.978980] [USER-CHECK] user=lkh639 result=allow:allow
[2026-02-16T14:56:47.135233] [USER-CHECK] user=lkh639 result=allow:allow
[2026-02-16T14:56:47.616512] [USER-CHECK] user=lkh639 result=allow:allow
[2026-02-16T14:56:50.754474] [USER-CHECK] user=lkh639 result=allow:allow
[2026-02-16T14:56:51.279854] [USER-CHECK] user=lkh639 result=allow:allow
[2026-02-16T14:56:51.914678] [USER-CHECK] user=lkh639 result=allow:allow
[2026-02-16T14:56:52.094260] [USER-CHECK] user=lkh639 result=allow:allow
[2026-02-16T14:56:52.352568] [USER-CHECK] user=lkh639 result=allow:allow
[2026-02-16T14:56:57.387486] [USER-CHECK] user=lkh639 result=allow:allow
[2026-02-16T14:56:57.479975] [USER-CHECK] user=lkh639 result=allow:allow
[2026-02-16T14:57:00.288658] [USER-CHECK] user=lkh639 result=allow:allow
[2026-02-16T14:57:00.291335] [USER-CHECK] user=lkh639 result=allow:allow
[2026-02-16T14:57:00.291576] [USER-CHECK] user=lkh639 result=allow:allow
[2026-02-16T14:57:00.295305] [USER-CHECK] user=lkh639 result=allow:allow
[2026-02-16T14:57:00.299749] [USER-CHECK] user=lkh639 result=allow:allow
[2026-02-16T14:57:01.891009] [USER-CHECK] user=lkh639 result=allow:allow
[2026-02-16T14:57:02.353883] [USER-CHECK] user=lkh639 result=allow:allow
[2026-02-16T14:57:02.455158] [USER-CHECK] user=lkh639 result=allow:allow
[2026-02-16T14:57:05.129821] [USER-CHECK] user=lkh639 result=allow:allow
[2026-02-16T14:57:06.096056] [USER-CHECK] user=lkh639 result=allow:allow
[2026-02-16T14:57:06.725928] [USER-CHECK] user=lkh639 result=allow:allow
[2026-02-16T14:57:07.092301] [USER-CHECK] user=lkh639 result=allow:allow
[2026-02-16T14:57:11.702537] [USER-CHECK] user=lkh639 result=allow:allow
[2026-02-16T14:57:12.776320] [USER-CHECK] user=lkh639 result=allow:allow
[2026-02-16T14:57:20.616406] [USER-CHECK] user=lkh639 result=allow:allow
[2026-02-16T14:57:20.790870] [USER-CHECK] user=lkh639 result=allow:allow
[2026-02-16T14:57:20.802661] [USER-CHECK] user=lkh639 result=allow:allow
[2026-02-16T14:57:20.810040] [USER-CHECK] user=lkh639 result=allow:allow
[2026-02-16T14:57:20.815170] [USER-CHECK] user=lkh639 result=allow:allow
[2026-02-16T14:57:20.816127] [USER-CHECK] user=lkh639 result=allow:allow
[2026-02-16T14:57:22.351099] [USER-CHECK] user=lkh639 result=allow:allow
[2026-02-16T14:57:25.169731] [USER-CHECK] user=lkh639 result=allow:allow
[2026-02-16T14:57:39.642231] [USER-CHECK] user=lkh639 result=allow:allow
[2026-02-16T14:57:39.655089] [USER-CHECK] user=lkh639 result=allow:allow
[2026-02-16T14:57:39.687478] [USER-CHECK] user=lkh639 result=allow:allow
[2026-02-16T14:57:39.687763] [USER-CHECK] user=lkh639 result=allow:allow
[2026-02-16T14:57:39.841230] [USER-CHECK] user=lkh639 result=allow:allow
[2026-02-16T14:57:40.020183] [USER-CHECK] user=lkh639 result=allow:allow
[2026-02-16T14:57:40.263692] [USER-CHECK] user=lkh639 result=allow:allow
[2026-02-16T14:57:40.272406] [USER-CHECK] user=lkh639 result=allow:allow
[2026-02-16T14:57:40.288794] [USER-CHECK] user=lkh639 result=allow:allow
[2026-02-16T14:57:40.350165] [USER-CHECK] user=lkh639 result=allow:allow
[2026-02-16T14:57:40.657963] [USER-CHECK] user=lkh639 result=allow:allow
[2026-02-16T14:57:40.700853] [USER-CHECK] user=lkh639 result=allow:allow
[2026-02-16T14:57:42.017595] [USER-CHECK] user=lkh639 result=allow:allow
[2026-02-16T14:57:42.019686] [USER-CHECK] user=lkh639 result=allow:allow
[2026-02-16T14:57:42.020702] [USER-CHECK] user=lkh639 result=allow:allow
[2026-02-16T14:57:42.028637] [USER-CHECK] user=lkh639 result=allow:allow
[2026-02-16T14:57:46.597074] [USER-CHECK] user=lkh639 result=allow:allow
[2026-02-16T14:57:56.805067] [USER-CHECK] user=lkh639 result=allow:allow
[2026-02-16T14:57:56.809918] [USER-CHECK] user=lkh639 result=allow:allow
[2026-02-16T14:57:58.360395] [USER-CHECK] user=lkh639 result=allow:allow
[2026-02-16T14:57:58.573085] [USER-CHECK] user=lkh639 result=allow:allow
[2026-02-16T14:57:58.574640] [USER-CHECK] user=lkh639 result=allow:allow
[2026-02-16T14:57:58.575142] [USER-CHECK] user=lkh639 result=allow:allow
[2026-02-16T14:57:58.576039] [USER-CHECK] user=lkh639 result=allow:allow
[2026-02-16T14:57:58.700019] [USER-CHECK] user=lkh639 result=allow:allow
[2026-02-16T14:57:58.701345] [USER-CHECK] user=lkh639 result=allow:allow
[2026-02-16T14:57:58.978111] [USER-CHECK] user=lkh639 result=allow:allow
[2026-02-16T14:57:58.984044] [USER-CHECK] user=lkh639 result=allow:allow
[2026-02-16T14:58:02.578113] [USER-CHECK] user=lkh639 result=allow:allow
[2026-02-16T14:58:02.861641] [USER-CHECK] user=lkh639 result=allow:allow
[2026-02-16T14:58:02.890985] [USER-CHECK] user=lkh639 result=allow:allow
[2026-02-16T14:58:24.829707] [USER-CHECK] user=lkh639 result=allow:allow
[2026-02-16T14:58:24.831957] [USER-CHECK] user=lkh639 result=allow:allow
[2026-02-16T14:58:26.642722] [USER-CHECK] user=lkh639 result=allow:allow
[2026-02-16T14:58:26.867622] [USER-CHECK] user=lkh639 result=allow:allow
[2026-02-16T14:58:26.872867] [USER-CHECK] user=lkh639 result=allow:allow
[2026-02-16T14:58:26.876933] [USER-CHECK] user=lkh639 result=allow:allow
[2026-02-16T14:58:58.110150] [USER-CHECK] user=lkh639 result=allow:allow
[2026-02-16T14:58:59.431379] [USER-CHECK] user=lkh639 result=allow:allow
[2026-02-16T14:59:00.073758] [USER-CHECK] user=lkh639 result=allow:allow
[2026-02-16T14:59:00.492435] [USER-CHECK] user=lkh639 result=allow:allow
[2026-02-16T15:00:10.523614] [USER-CHECK] user=lkh639 result=allow:allow
[2026-02-16T15:00:10.525188] [USER-CHECK] user=lkh639 result=allow:allow
[2026-02-16T15:00:10.526181] [USER-CHECK] user=lkh639 result=allow:allow
[2026-02-16T15:00:10.534527] [USER-CHECK] user=lkh639 result=allow:allow
[2026-02-16T15:00:10.708159] [USER-CHECK] user=lkh639 result=allow:allow
[2026-02-16T15:00:11.038310] [USER-CHECK] user=lkh639 result=allow:allow
[2026-02-16T15:00:11.409125] [USER-CHECK] user=lkh639 result=allow:allow
[2026-02-16T15:01:46.874245] [USER-CHECK] user=lkh639 result=allow:allow
[2026-02-16T15:01:59.621722] [USER-CHECK] user=lkh639 result=allow:allow
[2026-02-16T15:03:03.513378] [USER-CHECK] user=lkh639 result=allow:allow
[2026-02-16T15:03:03.652779] [USER-CHECK] user=lkh639 result=allow:allow
[2026-02-16T15:03:04.124438] [USER-CHECK] user=lkh639 result=allow:allow
[2026-02-16T15:03:04.503137] [USER-CHECK] user=lkh639 result=allow:allow
[2026-02-16T15:03:13.427924] [USER-CHECK] user=lkh639 result=allow:allow
[2026-02-16T15:03:35.138830] [USER-CHECK] user=lkh639 result=allow:allow
[2026-02-16T15:03:35.158890] [USER-CHECK] user=lkh639 result=allow:allow
[2026-02-16T15:03:36.369573] [USER-CHECK] user=lkh639 result=allow:allow
[2026-02-16T15:03:45.752937] [USER-CHECK] user=lkh639 result=allow:allow
[2026-02-16T15:05:13.678245] [USER-CHECK] user=lkh639 result=allow:allow
[2026-02-16T15:05:14.644567] [USER-CHECK] user=lkh639 result=allow:allow
[2026-02-16T15:10:42.580396] [USER-CHECK] user=lkh639 result=allow:allow
[2026-02-16T15:10:43.224799] [USER-CHECK] user=lkh639 result=allow:allow
[2026-02-16T15:10:43.590610] [USER-CHECK] user=lkh639 result=allow:allow
[2026-02-16T15:10:43.590658] [USER-CHECK] user=lkh639 result=allow:allow
[2026-02-16T15:10:43.593025] [USER-CHECK] user=lkh639 result=allow:allow
[2026-02-16T15:10:43.679165] [USER-CHECK] user=lkh639 result=allow:allow
[2026-02-16T15:10:43.861879] [USER-CHECK] user=lkh639 result=allow:allow
[2026-02-16T15:10:44.811433] [USER-CHECK] user=lkh639 result=allow:allow
[2026-02-16T15:10:44.811809] [USER-CHECK] user=lkh639 result=allow:allow
[2026-02-16T15:10:44.816531] [USER-CHECK] user=lkh639 result=allow:allow
[2026-02-16T15:10:44.898691] [USER-CHECK] user=lkh639 result=allow:allow
[2026-02-16T15:10:44.908825] [USER-CHECK] user=lkh639 result=allow:allow
[2026-02-16T15:10:45.301867] [USER-CHECK] user=lkh639 result=allow:allow
[2026-02-16T15:10:45.310551] [USER-CHECK] user=lkh639 result=allow:allow
[2026-02-16T15:10:45.413429] [USER-CHECK] user=lkh639 result=allow:allow
[2026-02-16T15:10:45.464290] [USER-CHECK] user=lkh639 result=allow:allow
[2026-02-16T15:10:45.514109] [USER-CHECK] user=lkh639 result=allow:allow
[2026-02-16T15:10:45.566958] [USER-CHECK] user=lkh639 result=allow:allow
[2026-02-16T15:10:45.585443] [USER-CHECK] user=lkh639 result=allow:allow
[2026-02-16T15:10:45.594360] [USER-CHECK] user=lkh639 result=allow:allow
[2026-02-16T15:10:45.992594] [USER-CHECK] user=lkh639 result=allow:allow
[2026-02-16T15:10:46.191069] [USER-CHECK] user=lkh639 result=allow:allow
[2026-02-16T15:10:46.366535] [USER-CHECK] user=lkh639 result=allow:allow
[2026-02-16T15:10:46.552905] [USER-CHECK] user=lkh639 result=allow:allow
[2026-02-16T15:10:46.662252] [USER-CHECK] user=lkh639 result=allow:allow
[2026-02-16T15:10:46.712136] [USER-CHECK] user=lkh639 result=allow:allow
[2026-02-16T15:10:46.912724] [USER-CHECK] user=lkh639 result=allow:allow
[2026-02-16T15:10:46.914544] [USER-CHECK] user=lkh639 result=allow:allow
[2026-02-16T15:10:47.350971] [USER-CHECK] user=lkh639 result=allow:allow
[2026-02-16T15:10:47.643067] [USER-CHECK] user=lkh639 result=allow:allow
[2026-02-16T15:10:53.009864] [USER-CHECK] user=lkh639 result=allow:allow
[2026-02-16T15:11:08.971436] [USER-CHECK] user=lkh639 result=allow:allow
[2026-02-16T15:11:12.005697] [USER-CHECK] user=lkh639 result=allow:allow
[2026-02-16T15:11:24.880545] [USER-CHECK] user=lkh639 result=allow:allow
[2026-02-16T15:11:36.138032] [USER-CHECK] user=lkh639 result=allow:allow
[2026-02-16T15:12:38.653364] [USER-CHECK] user=lkh639 result=allow:allow
[2026-02-16T15:12:55.362533] [USER-CHECK] user=lkh639 result=allow:allow
[2026-02-16T15:13:29.011730] [USER-CHECK] user=lkh639 result=allow:allow
[2026-02-16T15:13:43.683591] [USER-CHECK] user=lkh639 result=allow:allow
[2026-02-16T15:13:43.737534] [USER-CHECK] user=lkh639 result=allow:allow
[2026-02-16T15:13:45.325219] [USER-CHECK] user=lkh639 result=allow:allow
[2026-02-16T15:13:45.573359] [USER-CHECK] user=lkh639 result=allow:allow
[2026-02-16T15:13:45.580176] [USER-CHECK] user=lkh639 result=allow:allow
[2026-02-16T15:13:47.674436] [USER-CHECK] user=lkh639 result=allow:allow
[2026-02-16T15:13:47.766790] [USER-CHECK] user=lkh639 result=allow:allow
[2026-02-16T15:13:47.790648] [USER-CHECK] user=lkh639 result=allow:allow
[2026-02-16T15:13:47.808079] [USER-CHECK] user=lkh639 result=allow:allow
[2026-02-16T15:13:47.945585] [USER-CHECK] user=lkh639 result=allow:allow
[2026-02-16T15:13:48.103297] [USER-CHECK] user=lkh639 result=allow:allow
[2026-02-16T15:13:48.673386] [USER-CHECK] user=lkh639 result=allow:allow
[2026-02-16T15:13:58.744897] [USER-CHECK] user=lkh639 result=allow:allow
[2026-02-16T15:13:58.747847] [USER-CHECK] user=lkh639 result=allow:allow
[2026-02-16T15:13:59.166672] [USER-CHECK] user=lkh639 result=allow:allow
[2026-02-16T15:13:59.241408] [USER-CHECK] user=lkh639 result=allow:allow
[2026-02-16T15:13:59.254537] [USER-CHECK] user=lkh639 result=allow:allow
[2026-02-16T15:13:59.271673] [USER-CHECK] user=lkh639 result=allow:allow
[2026-02-16T15:13:59.333689] [USER-CHECK] user=lkh639 result=allow:allow
[2026-02-16T15:13:59.336985] [USER-CHECK] user=lkh639 result=allow:allow
[2026-02-16T15:13:59.583001] [USER-CHECK] user=lkh639 result=allow:allow
[2026-02-16T15:13:59.636840] [USER-CHECK] user=lkh639 result=allow:allow
[2026-02-16T15:13:59.944104] [USER-CHECK] user=lkh639 result=allow:allow
[2026-02-16T15:13:59.951966] [USER-CHECK] user=lkh639 result=allow:allow
[2026-02-16T15:13:59.955077] [USER-CHECK] user=lkh639 result=allow:allow
[2026-02-16T15:14:00.096618] [USER-CHECK] user=lkh639 result=allow:allow
[2026-02-16T15:14:00.172942] [USER-CHECK] user=lkh639 result=allow:allow
[2026-02-16T15:14:01.021811] [USER-CHECK] user=lkh639 result=allow:allow
[2026-02-16T15:14:01.022458] [USER-CHECK] user=lkh639 result=allow:allow
[2026-02-16T15:14:01.024028] [USER-CHECK] user=lkh639 result=allow:allow
[2026-02-16T15:14:01.043476] [USER-CHECK] user=lkh639 result=allow:allow
[2026-02-16T15:14:01.941978] [USER-CHECK] user=lkh639 result=allow:allow
[2026-02-16T15:14:03.060493] [USER-CHECK] user=lkh639 result=allow:allow
[2026-02-16T15:46:43.497520] [USER-CHECK] user=lkh639 result=allow:allow
[2026-02-16T15:46:53.613576] [USER-CHECK] user=lkh639 result=allow:allow
[2026-02-16T15:48:58.101403] [USER-CHECK] user=lkh639 result=allow:allow
[2026-02-16T15:48:59.955575] [USER-CHECK] user=lkh639 result=allow:allow
[2026-02-16T15:56:56.248935] [USER-CHECK] user=lkh639 result=allow:allow
[2026-02-16T15:57:49.247144] [USER-CHECK] user=lkh639 result=allow:allow
[2026-02-16T15:57:49.491490] [USER-CHECK] user=lkh639 result=allow:allow
[2026-02-16T15:57:49.598951] [USER-CHECK] user=lkh639 result=allow:allow
[2026-02-16T15:57:49.625250] [USER-CHECK] user=lkh639 result=allow:allow
[2026-02-16T15:57:49.702741] [USER-CHECK] user=lkh639 result=allow:allow
[2026-02-16T15:57:49.748628] [USER-CHECK] user=lkh639 result=allow:allow
[2026-02-16T15:57:49.918719] [USER-CHECK] user=lkh639 result=allow:allow
[2026-02-16T15:57:49.920475] [USER-CHECK] user=lkh639 result=allow:allow
[2026-02-16T15:57:49.921890] [USER-CHECK] user=lkh639 result=allow:allow
[2026-02-16T15:57:49.947354] [USER-CHECK] user=lkh639 result=allow:allow
[2026-02-16T15:57:50.056321] [USER-CHECK] user=lkh639 result=allow:allow
[2026-02-16T15:57:50.058637] [USER-CHECK] user=lkh639 result=allow:allow
[2026-02-16T15:59:47.108412] [USER-CHECK] user=lkh639 result=allow:allow
[2026-02-16T15:59:47.187274] [USER-CHECK] user=lkh639 result=allow:allow
[2026-02-16T15:59:47.222530] [USER-CHECK] user=lkh639 result=allow:allow
[2026-02-16T15:59:47.249569] [USER-CHECK] user=lkh639 result=allow:allow
[2026-02-16T15:59:47.592911] [USER-CHECK] user=lkh639 result=allow:allow
[2026-02-16T15:59:47.832556] [USER-CHECK] user=lkh639 result=allow:allow
[2026-02-16T15:59:47.833313] [USER-CHECK] user=lkh639 result=allow:allow
[2026-02-16T15:59:47.837365] [USER-CHECK] user=lkh639 result=allow:allow
[2026-02-16T15:59:47.840252] [USER-CHECK] user=lkh639 result=allow:allow
[2026-02-16T15:59:47.884475] [USER-CHECK] user=lkh639 result=allow:allow
[2026-02-16T15:59:47.929342] [USER-CHECK] user=lkh639 result=allow:allow
[2026-02-16T15:59:48.019516] [USER-CHECK] user=lkh639 result=allow:allow
[2026-02-16T15:59:48.739383] [USER-CHECK] user=lkh639 result=allow:allow
[2026-02-16T15:59:49.437877] [USER-CHECK] user=lkh639 result=allow:allow
[2026-02-16T15:59:49.677235] [USER-CHECK] user=lkh639 result=allow:allow
[2026-02-16T15:59:49.678434] [USER-CHECK] user=lkh639 result=allow:allow
[2026-02-16T15:59:49.737360] [USER-CHECK] user=lkh639 result=allow:allow
[2026-02-16T15:59:49.889676] [USER-CHECK] user=lkh639 result=allow:allow
[2026-02-16T15:59:49.948230] [USER-CHECK] user=lkh639 result=allow:allow
[2026-02-16T15:59:49.951466] [USER-CHECK] user=lkh639 result=allow:allow
[2026-02-16T15:59:49.956459] [USER-CHECK] user=lkh639 result=allow:allow
[2026-02-16T15:59:49.965030] [USER-CHECK] user=lkh639 result=allow:allow
[2026-02-16T15:59:50.001286] [USER-CHECK] user=lkh639 result=allow:allow
[2026-02-16T15:59:50.019004] [USER-CHECK] user=lkh639 result=allow:allow
[2026-02-16T15:59:50.054843] [USER-CHECK] user=lkh639 result=allow:allow
[2026-02-16T15:59:50.055324] [USER-CHECK] user=lkh639 result=allow:allow
[2026-02-16T15:59:50.350913] [USER-CHECK] user=lkh639 result=allow:allow
[2026-02-16T16:00:18.303152] [USER-CHECK] user=lkh639 result=allow:allow
[2026-02-16T16:00:19.192693] [USER-CHECK] user=lkh639 result=allow:allow
[2026-02-16T16:00:19.294823] [USER-CHECK] user=lkh639 result=allow:allow
[2026-02-16T16:00:19.295966] [USER-CHECK] user=lkh639 result=allow:allow
[2026-02-16T16:00:19.374692] [USER-CHECK] user=lkh639 result=allow:allow
[2026-02-16T16:00:19.452195] [USER-CHECK] user=lkh639 result=allow:allow
[2026-02-16T16:00:19.520441] [USER-CHECK] user=lkh639 result=allow:allow
[2026-02-16T16:00:19.706462] [USER-CHECK] user=lkh639 result=allow:allow
[2026-02-16T16:00:19.816138] [USER-CHECK] user=lkh639 result=allow:allow
[2026-02-16T16:00:21.209812] [USER-CHECK] user=lkh639 result=allow:allow
[2026-02-16T16:00:21.222551] [USER-CHECK] user=lkh639 result=allow:allow
[2026-02-16T16:00:22.104632] [USER-CHECK] user=lkh639 result=allow:allow
[2026-02-16T16:00:23.762827] [USER-CHECK] user=lkh639 result=allow:allow
[2026-02-16T16:00:24.623945] [USER-CHECK] user=lkh639 result=allow:allow
[2026-02-16T16:00:47.884149] [USER-CHECK] user=lkh639 result=allow:allow
[2026-02-16T16:00:57.873200] [USER-CHECK] user=lkh639 result=allow:allow
[2026-02-16T16:00:58.071136] [USER-CHECK] user=lkh639 result=allow:allow
[2026-02-16T16:43:55.883490] [USER-CHECK] user=yl795 result=allow:allow
[2026-02-16T16:43:56.167486] [USER-CHECK] user=yl795 result=allow:allow
[2026-02-16T16:43:56.248371] [USER-CHECK] user=yl795 result=allow:allow
[2026-02-16T16:43:56.274698] [USER-CHECK] user=yl795 result=allow:allow
[2026-02-16T16:43:56.406580] [USER-CHECK] user=yl795 result=allow:allow
[2026-02-16T16:43:56.427027] [USER-CHECK] user=yl795 result=allow:allow
[2026-02-16T16:43:56.430605] [USER-CHECK] user=yl795 result=allow:allow
[2026-02-16T16:43:56.513440] [USER-CHECK] user=yl795 result=allow:allow
[2026-02-16T16:43:56.553662] [USER-CHECK] user=yl795 result=allow:allow
[2026-02-16T16:43:56.569958] [USER-CHECK] user=yl795 result=allow:allow
[2026-02-16T16:43:56.581239] [USER-CHECK] user=yl795 result=allow:allow
[2026-02-16T16:43:56.582020] [USER-CHECK] user=yl795 result=allow:allow
[2026-02-16T16:43:56.640729] [USER-CHECK] user=yl795 result=allow:allow
[2026-02-16T16:43:56.655021] [USER-CHECK] user=yl795 result=allow:allow
[2026-02-16T16:43:56.716298] [USER-CHECK] user=yl795 result=allow:allow
[2026-02-16T16:43:56.720982] [USER-CHECK] user=yl795 result=allow:allow
[2026-02-16T16:43:56.721977] [USER-CHECK] user=yl795 result=allow:allow
[2026-02-16T16:43:56.789859] [USER-CHECK] user=yl795 result=allow:allow
[2026-02-16T16:43:56.791268] [USER-CHECK] user=yl795 result=allow:allow
[2026-02-16T16:43:56.796842] [USER-CHECK] user=yl795 result=allow:allow
[2026-02-16T16:43:56.844443] [USER-CHECK] user=yl795 result=allow:allow
[2026-02-16T16:43:56.844743] [USER-CHECK] user=yl795 result=allow:allow
[2026-02-16T16:43:56.846623] [USER-CHECK] user=yl795 result=allow:allow
[2026-02-16T16:43:56.879359] [USER-CHECK] user=yl795 result=allow:allow
[2026-02-16T16:43:56.880239] [USER-CHECK] user=yl795 result=allow:allow
[2026-02-16T16:43:56.886974] [USER-CHECK] user=yl795 result=allow:allow
[2026-02-16T16:43:56.894710] [USER-CHECK] user=yl795 result=allow:allow
[2026-02-16T16:43:56.899140] [USER-CHECK] user=yl795 result=allow:allow
[2026-02-16T16:43:57.065878] [USER-CHECK] user=yl795 result=allow:allow
[2026-02-16T16:43:57.209623] [USER-CHECK] user=yl795 result=allow:allow
[2026-02-16T16:43:57.294728] [USER-CHECK] user=yl795 result=allow:allow
[2026-02-16T16:43:57.316435] [USER-CHECK] user=yl795 result=allow:allow
[2026-02-16T16:43:57.328057] [USER-CHECK] user=yl795 result=allow:allow
[2026-02-16T16:43:57.328857] [USER-CHECK] user=yl795 result=allow:allow
[2026-02-16T16:43:57.330467] [USER-CHECK] user=yl795 result=allow:allow
[2026-02-16T16:43:57.350527] [USER-CHECK] user=yl795 result=allow:allow
[2026-02-16T16:43:57.448063] [USER-CHECK] user=yl795 result=allow:allow
[2026-02-16T16:43:57.569259] [USER-CHECK] user=yl795 result=allow:allow
[2026-02-16T16:43:57.571078] [USER-CHECK] user=yl795 result=allow:allow
[2026-02-16T16:43:57.571506] [USER-CHECK] user=yl795 result=allow:allow
[2026-02-16T16:43:58.445792] [USER-CHECK] user=yl795 result=allow:allow
[2026-02-16T16:43:58.692793] [USER-CHECK] user=yl795 result=allow:allow
[2026-02-16T16:43:59.089166] [USER-CHECK] user=yl795 result=allow:allow
[2026-02-16T16:43:59.097760] [USER-CHECK] user=yl795 result=allow:allow
[2026-02-16T16:43:59.100880] [USER-CHECK] user=yl795 result=allow:allow
[2026-02-16T16:43:59.112368] [USER-CHECK] user=yl795 result=allow:allow
[2026-02-16T16:43:59.163816] [USER-CHECK] user=yl795 result=allow:allow
[2026-02-16T16:43:59.232520] [USER-CHECK] user=yl795 result=allow:allow
[2026-02-16T16:43:59.681193] [USER-CHECK] user=yl795 result=allow:allow
[2026-02-16T16:44:00.835373] [USER-CHECK] user=yl795 result=allow:allow
[2026-02-16T16:44:16.172075] [USER-CHECK] user=yl795 result=allow:allow
[2026-02-16T16:44:16.181204] [USER-CHECK] user=yl795 result=allow:allow
[2026-02-16T16:44:16.182824] [USER-CHECK] user=yl795 result=allow:allow
[2026-02-16T16:44:16.183878] [USER-CHECK] user=yl795 result=allow:allow
[2026-02-16T16:44:16.186842] [USER-CHECK] user=yl795 result=allow:allow
[2026-02-16T16:44:16.193391] [USER-CHECK] user=yl795 result=allow:allow
[2026-02-16T16:44:16.196655] [USER-CHECK] user=yl795 result=allow:allow
[2026-02-16T16:44:16.201470] [USER-CHECK] user=yl795 result=allow:allow
[2026-02-16T16:44:16.279875] [USER-CHECK] user=yl795 result=allow:allow
[2026-02-16T16:44:17.061007] [USER-CHECK] user=yl795 result=allow:allow
[2026-02-16T16:44:17.066164] [USER-CHECK] user=yl795 result=allow:allow
[2026-02-16T16:44:17.237226] [USER-CHECK] user=yl795 result=allow:allow
[2026-02-16T16:44:17.315326] [USER-CHECK] user=yl795 result=allow:allow
[2026-02-16T16:44:17.395485] [USER-CHECK] user=yl795 result=allow:allow
[2026-02-16T16:44:17.415510] [USER-CHECK] user=yl795 result=allow:allow
[2026-02-16T16:44:17.473936] [USER-CHECK] user=yl795 result=allow:allow
[2026-02-16T16:44:17.474996] [USER-CHECK] user=yl795 result=allow:allow
[2026-02-16T16:44:17.481586] [USER-CHECK] user=yl795 result=allow:allow
[2026-02-16T16:44:17.486040] [USER-CHECK] user=yl795 result=allow:allow
[2026-02-16T16:44:17.486978] [USER-CHECK] user=yl795 result=allow:allow
[2026-02-16T16:44:17.488211] [USER-CHECK] user=yl795 result=allow:allow
[2026-02-16T16:44:17.491113] [USER-CHECK] user=yl795 result=allow:allow
[2026-02-16T16:44:17.514252] [USER-CHECK] user=yl795 result=allow:allow
[2026-02-16T16:44:17.529894] [USER-CHECK] user=yl795 result=allow:allow
[2026-02-16T16:44:17.677316] [USER-CHECK] user=yl795 result=allow:allow
[2026-02-16T16:44:17.678576] [USER-CHECK] user=yl795 result=allow:allow
[2026-02-16T16:44:17.749723] [USER-CHECK] user=yl795 result=allow:allow
[2026-02-16T16:44:17.790475] [USER-CHECK] user=yl795 result=allow:allow
[2026-02-16T16:44:17.795571] [USER-CHECK] user=yl795 result=allow:allow
[2026-02-16T16:44:17.796062] [USER-CHECK] user=yl795 result=allow:allow
[2026-02-16T16:44:17.796390] [USER-CHECK] user=yl795 result=allow:allow
[2026-02-16T16:44:17.797069] [USER-CHECK] user=yl795 result=allow:allow
[2026-02-16T16:44:17.813487] [USER-CHECK] user=yl795 result=allow:allow
[2026-02-16T16:44:17.832875] [USER-CHECK] user=yl795 result=allow:allow
[2026-02-16T16:44:17.846433] [USER-CHECK] user=yl795 result=allow:allow
[2026-02-16T16:44:17.846771] [USER-CHECK] user=yl795 result=allow:allow
[2026-02-16T16:44:17.848869] [USER-CHECK] user=yl795 result=allow:allow
[2026-02-16T16:44:17.857029] [USER-CHECK] user=yl795 result=allow:allow
[2026-02-16T16:44:17.859147] [USER-CHECK] user=yl795 result=allow:allow
[2026-02-16T16:44:18.022863] [USER-CHECK] user=yl795 result=allow:allow
[2026-02-16T16:44:18.024356] [USER-CHECK] user=yl795 result=allow:allow
[2026-02-16T16:44:18.031825] [USER-CHECK] user=yl795 result=allow:allow
[2026-02-16T16:44:18.032138] [USER-CHECK] user=yl795 result=allow:allow
[2026-02-16T16:44:18.033512] [USER-CHECK] user=yl795 result=allow:allow
[2026-02-16T16:44:18.034807] [USER-CHECK] user=yl795 result=allow:allow
[2026-02-16T16:44:18.037963] [USER-CHECK] user=yl795 result=allow:allow
[2026-02-16T16:44:18.040198] [USER-CHECK] user=yl795 result=allow:allow
[2026-02-16T16:44:18.041064] [USER-CHECK] user=yl795 result=allow:allow
[2026-02-16T16:44:18.071481] [USER-CHECK] user=yl795 result=allow:allow
[2026-02-16T16:44:18.091609] [USER-CHECK] user=yl795 result=allow:allow
[2026-02-16T16:44:18.093390] [USER-CHECK] user=yl795 result=allow:allow
[2026-02-16T16:44:18.178204] [USER-CHECK] user=yl795 result=allow:allow
[2026-02-16T16:44:18.193036] [USER-CHECK] user=yl795 result=allow:allow
[2026-02-16T16:44:18.228573] [USER-CHECK] user=yl795 result=allow:allow
[2026-02-16T16:44:18.371462] [USER-CHECK] user=yl795 result=allow:allow
[2026-02-16T16:44:18.443806] [USER-CHECK] user=yl795 result=allow:allow
[2026-02-16T16:44:18.481534] [USER-CHECK] user=yl795 result=allow:allow
[2026-02-16T16:44:18.487177] [USER-CHECK] user=yl795 result=allow:allow
[2026-02-16T16:44:18.495281] [USER-CHECK] user=yl795 result=allow:allow
[2026-02-16T16:44:18.496479] [USER-CHECK] user=yl795 result=allow:allow
[2026-02-16T16:44:18.512225] [USER-CHECK] user=yl795 result=allow:allow
[2026-02-16T16:44:19.544422] [USER-CHECK] user=yl795 result=allow:allow
[2026-02-16T16:44:21.801766] [USER-CHECK] user=yl795 result=allow:allow
[2026-02-16T16:44:44.082635] [USER-CHECK] user=yl795 result=allow:allow
[2026-02-16T16:44:44.098292] [USER-CHECK] user=yl795 result=allow:allow
[2026-02-16T16:44:44.248311] [USER-CHECK] user=yl795 result=allow:allow
[2026-02-16T16:44:44.988573] [USER-CHECK] user=yl795 result=allow:allow
[2026-02-16T16:44:44.990218] [USER-CHECK] user=yl795 result=allow:allow
[2026-02-16T16:44:44.991091] [USER-CHECK] user=yl795 result=allow:allow
[2026-02-16T16:44:46.069008] [USER-CHECK] user=yl795 result=allow:allow
[2026-02-16T16:44:46.310299] [USER-CHECK] user=yl795 result=allow:allow
[2026-02-16T16:44:46.316764] [USER-CHECK] user=yl795 result=allow:allow
[2026-02-16T17:31:09.872110] [USER-CHECK] user=LH511 result=allow:allow
[2026-02-17T08:24:56.563662] [USER-CHECK] user=lkh639 result=allow:allow
[2026-02-17T08:24:57.503520] [USER-CHECK] user=lkh639 result=allow:allow
[2026-02-17T08:34:57.178686] [USER-CHECK] user=lkh639 result=allow:allow
[2026-02-17T08:34:58.583733] [USER-CHECK] user=lkh639 result=allow:allow
[2026-02-17T08:34:58.608264] [USER-CHECK] user=lkh639 result=allow:allow
[2026-02-17T08:34:59.712763] [USER-CHECK] user=lkh639 result=allow:allow
[2026-02-17T08:35:00.288763] [USER-CHECK] user=lkh639 result=allow:allow
[2026-02-17T08:35:00.289548] [USER-CHECK] user=lkh639 result=allow:allow
[2026-02-17T08:35:00.300866] [USER-CHECK] user=lkh639 result=allow:allow
[2026-02-17T08:35:01.425267] [USER-CHECK] user=lkh639 result=allow:allow
[2026-02-17T08:35:01.444576] [USER-CHECK] user=lkh639 result=allow:allow
[2026-02-17T08:35:01.523796] [USER-CHECK] user=lkh639 result=allow:allow
[2026-02-17T08:35:12.936770] [USER-CHECK] user=lkh639 result=allow:allow
[2026-02-17T08:35:12.937272] [USER-CHECK] user=lkh639 result=allow:allow
[2026-02-17T08:35:12.938384] [USER-CHECK] user=lkh639 result=allow:allow
[2026-02-17T08:39:41.246307] [USER-CHECK] user=lkh639 result=allow:allow
[2026-02-17T08:39:41.279797] [USER-CHECK] user=lkh639 result=allow:allow
[2026-02-17T08:39:41.505368] [USER-CHECK] user=lkh639 result=allow:allow
[2026-02-17T08:39:41.528283] [USER-CHECK] user=lkh639 result=allow:allow
[2026-02-17T08:39:41.598438] [USER-CHECK] user=lkh639 result=allow:allow
[2026-02-17T08:39:41.713362] [USER-CHECK] user=lkh639 result=allow:allow
[2026-02-17T08:39:41.753943] [USER-CHECK] user=lkh639 result=allow:allow
[2026-02-17T08:39:42.159083] [USER-CHECK] user=lkh639 result=allow:allow
[2026-02-17T08:39:42.263122] [USER-CHECK] user=lkh639 result=allow:allow
[2026-02-17T08:39:42.341239] [USER-CHECK] user=lkh639 result=allow:allow
[2026-02-17T08:39:42.410930] [USER-CHECK] user=lkh639 result=allow:allow
[2026-02-17T08:39:42.773329] [USER-CHECK] user=lkh639 result=allow:allow
[2026-02-17T08:39:42.937824] [USER-CHECK] user=lkh639 result=allow:allow
[2026-02-17T08:39:43.517729] [USER-CHECK] user=lkh639 result=allow:allow
[2026-02-17T08:39:48.728532] [USER-CHECK] user=lkh639 result=allow:allow
[2026-02-17T08:39:48.758252] [USER-CHECK] user=lkh639 result=allow:allow
[2026-02-17T08:39:48.953739] [USER-CHECK] user=lkh639 result=allow:allow
[2026-02-17T08:39:48.969508] [USER-CHECK] user=lkh639 result=allow:allow
[2026-02-17T08:39:49.243634] [USER-CHECK] user=lkh639 result=allow:allow
[2026-02-17T08:39:49.749572] [USER-CHECK] user=lkh639 result=allow:allow
[2026-02-17T08:39:49.751516] [USER-CHECK] user=lkh639 result=allow:allow
[2026-02-17T08:39:49.983700] [USER-CHECK] user=lkh639 result=allow:allow
[2026-02-17T08:39:50.121022] [USER-CHECK] user=lkh639 result=allow:allow
[2026-02-17T08:39:50.129116] [USER-CHECK] user=lkh639 result=allow:allow
[2026-02-17T08:39:50.172178] [USER-CHECK] user=lkh639 result=allow:allow
[2026-02-17T08:39:50.839374] [USER-CHECK] user=lkh639 result=allow:allow
[2026-02-17T08:40:04.364025] [USER-CHECK] user=lkh639 result=allow:allow
[2026-02-17T08:40:04.524052] [USER-CHECK] user=lkh639 result=allow:allow
[2026-02-17T08:40:04.551768] [USER-CHECK] user=lkh639 result=allow:allow
[2026-02-17T08:40:04.692029] [USER-CHECK] user=lkh639 result=allow:allow
[2026-02-17T08:40:04.793359] [USER-CHECK] user=lkh639 result=allow:allow
[2026-02-17T08:40:05.027229] [USER-CHECK] user=lkh639 result=allow:allow
[2026-02-17T08:40:05.040355] [USER-CHECK] user=lkh639 result=allow:allow
[2026-02-17T08:40:09.704855] [USER-CHECK] user=lkh639 result=allow:allow
[2026-02-17T08:40:24.404883] [USER-CHECK] user=lkh639 result=allow:allow
[2026-02-17T08:40:25.397605] [USER-CHECK] user=lkh639 result=allow:allow
[2026-02-17T08:40:25.490009] [USER-CHECK] user=lkh639 result=allow:allow
[2026-02-17T08:40:44.856452] [USER-CHECK] user=lkh639 result=allow:allow
[2026-02-17T08:41:03.547850] [USER-CHECK] user=lkh639 result=allow:allow
[2026-02-17T08:41:03.929584] [USER-CHECK] user=lkh639 result=allow:allow
[2026-02-17T08:41:04.646455] [USER-CHECK] user=lkh639 result=allow:allow
[2026-02-17T08:41:25.960326] [USER-CHECK] user=lkh639 result=allow:allow
[2026-02-17T08:41:30.094931] [USER-CHECK] user=lkh639 result=allow:allow
[2026-02-17T08:41:42.436154] [USER-CHECK] user=lkh639 result=allow:allow
[2026-02-17T08:44:44.076302] [USER-CHECK] user=lkh639 result=allow:allow
[2026-02-17T08:45:05.106987] [USER-CHECK] user=lkh639 result=allow:allow
[2026-02-17T08:45:05.117750] [USER-CHECK] user=lkh639 result=allow:allow
[2026-02-17T08:45:05.118705] [USER-CHECK] user=lkh639 result=allow:allow
[2026-02-17T08:45:05.706901] [USER-CHECK] user=lkh639 result=allow:allow
[2026-02-17T08:45:05.900412] [USER-CHECK] user=lkh639 result=allow:allow
[2026-02-17T08:45:05.902014] [USER-CHECK] user=lkh639 result=allow:allow
[2026-02-17T08:45:05.907798] [USER-CHECK] user=lkh639 result=allow:allow
[2026-02-17T08:45:05.908297] [USER-CHECK] user=lkh639 result=allow:allow
[2026-02-17T08:45:05.925130] [USER-CHECK] user=lkh639 result=allow:allow
[2026-02-17T08:45:06.026624] [USER-CHECK] user=lkh639 result=allow:allow
[2026-02-17T08:45:06.028053] [USER-CHECK] user=lkh639 result=allow:allow
[2026-02-17T08:45:06.028976] [USER-CHECK] user=lkh639 result=allow:allow
[2026-02-17T08:45:06.039773] [USER-CHECK] user=lkh639 result=allow:allow
[2026-02-17T08:45:06.331946] [USER-CHECK] user=lkh639 result=allow:allow
[2026-02-17T08:45:06.338313] [USER-CHECK] user=lkh639 result=allow:allow
[2026-02-17T08:45:06.343893] [USER-CHECK] user=lkh639 result=allow:allow
[2026-02-17T08:45:06.690627] [USER-CHECK] user=lkh639 result=allow:allow
[2026-02-17T08:45:11.057168] [USER-CHECK] user=lkh639 result=allow:allow
[2026-02-17T08:51:36.418774] [USER-CHECK] user=lkh639 result=allow:allow
[2026-02-17T09:13:20.767010] [USER-CHECK] user=lkh639 result=allow:allow
[2026-02-17T09:13:24.817681] [USER-CHECK] user=lkh639 result=allow:allow
[2026-02-17T09:13:24.866844] [USER-CHECK] user=lkh639 result=allow:allow
[2026-02-17T09:13:25.456490] [USER-CHECK] user=lkh639 result=allow:allow
[2026-02-17T09:13:25.476422] [USER-CHECK] user=lkh639 result=allow:allow
[2026-02-17T11:51:49.793586] [USER-CHECK] user=lkh639 result=allow:allow
[2026-02-17T11:51:49.824635] [USER-CHECK] user=lkh639 result=allow:allow
[2026-02-17T11:51:50.091917] [USER-CHECK] user=lkh639 result=allow:allow
[2026-02-17T11:51:51.496648] [USER-CHECK] user=lkh639 result=allow:allow
[2026-02-17T11:51:51.847654] [USER-CHECK] user=lkh639 result=allow:allow
[2026-02-17T11:51:51.854473] [USER-CHECK] user=lkh639 result=allow:allow
[2026-02-17T11:51:51.860646] [USER-CHECK] user=lkh639 result=allow:allow
[2026-02-17T11:51:57.156073] [USER-CHECK] user=lkh639 result=allow:allow
[2026-02-17T11:51:57.171470] [USER-CHECK] user=lkh639 result=allow:allow
[2026-02-17T11:51:57.401619] [USER-CHECK] user=lkh639 result=allow:allow
[2026-02-17T11:51:57.482360] [USER-CHECK] user=lkh639 result=allow:allow
[2026-02-17T11:52:48.729206] [USER-CHECK] user=lkh639 result=allow:allow
[2026-02-17T11:52:54.220974] [USER-CHECK] user=lkh639 result=allow:allow
[2026-02-17T11:52:54.759129] [USER-CHECK] user=lkh639 result=allow:allow
[2026-02-17T11:52:55.574038] [USER-CHECK] user=lkh639 result=allow:allow
[2026-02-17T11:52:57.220508] [USER-CHECK] user=lkh639 result=allow:allow
[2026-02-17T11:52:58.129412] [USER-CHECK] user=lkh639 result=allow:allow
[2026-02-17T11:52:58.130600] [USER-CHECK] user=lkh639 result=allow:allow
[2026-02-17T11:52:58.252906] [USER-CHECK] user=lkh639 result=allow:allow
[2026-02-17T11:52:58.458705] [USER-CHECK] user=lkh639 result=allow:allow
[2026-02-17T11:53:26.665369] [USER-CHECK] user=lkh639 result=allow:allow
[2026-02-17T11:53:27.335393] [USER-CHECK] user=lkh639 result=allow:allow
[2026-02-17T11:53:28.032841] [USER-CHECK] user=lkh639 result=allow:allow
[2026-02-17T11:53:43.050762] [USER-CHECK] user=lkh639 result=allow:allow
[2026-02-17T11:53:43.129824] [USER-CHECK] user=lkh639 result=allow:allow
[2026-02-17T12:29:26.994977] [USER-CHECK] user=lkh639 result=allow:allow
[2026-02-17T12:29:36.029697] [USER-CHECK] user=lkh639 result=allow:allow
[2026-02-17T12:29:51.511449] [USER-CHECK] user=lkh639 result=allow:allow
[2026-02-17T12:29:59.495682] [USER-CHECK] user=lkh639 result=allow:allow
[2026-02-17T12:55:41.852888] [USER-CHECK] user=yl795 result=allow:allow
[2026-02-17T14:24:08.010512] [USER-CHECK] user=lkh639 result=allow:allow
[2026-02-17T14:24:18.759904] [USER-CHECK] user=lkh639 result=allow:allow
[2026-02-17T14:24:25.718027] [USER-CHECK] user=lkh639 result=allow:allow
[2026-02-17T14:24:25.900106] [USER-CHECK] user=lkh639 result=allow:allow
[2026-02-17T14:24:45.003122] [USER-CHECK] user=lkh639 result=allow:allow
[2026-02-17T14:24:45.181991] [USER-CHECK] user=lkh639 result=allow:allow
[2026-02-17T14:24:52.525952] [USER-CHECK] user=lkh639 result=allow:allow
[2026-02-17T14:29:53.928463] [USER-CHECK] user=lkh639 result=allow:allow
[2026-02-17T14:29:53.940719] [USER-CHECK] user=lkh639 result=allow:allow
[2026-02-17T14:35:02.856645] [USER-CHECK] user=lkh639 result=allow:allow
[2026-02-17T15:36:17.832760] [USER-CHECK] user=lkh639 result=allow:allow
[2026-02-17T17:28:24.819714] [USER-CHECK] user=LH511 result=allow:allow
[2026-02-17T17:28:25.196343] [USER-CHECK] user=LH511 result=allow:allow
[2026-02-18T08:21:57.570744] [USER-CHECK] user=lkh639 result=allow:allow
[2026-02-18T08:21:58.195768] [USER-CHECK] user=lkh639 result=allow:allow
[2026-02-18T08:24:32.338029] [USER-CHECK] user=lkh639 result=allow:allow
[2026-02-18T08:24:36.267241] [USER-CHECK] user=lkh639 result=allow:allow
[2026-02-18T08:24:36.297714] [USER-CHECK] user=lkh639 result=allow:allow
[2026-02-18T08:24:36.542980] [USER-CHECK] user=lkh639 result=allow:allow
[2026-02-18T08:24:36.644235] [USER-CHECK] user=lkh639 result=allow:allow
[2026-02-18T08:24:36.674629] [USER-CHECK] user=lkh639 result=allow:allow
[2026-02-18T08:24:36.707189] [USER-CHECK] user=lkh639 result=allow:allow
[2026-02-18T08:24:36.788680] [USER-CHECK] user=lkh639 result=allow:allow
[2026-02-18T08:24:36.947187] [USER-CHECK] user=lkh639 result=allow:allow
[2026-02-18T08:24:37.023564] [USER-CHECK] user=lkh639 result=allow:allow
[2026-02-18T08:24:37.091836] [USER-CHECK] user=lkh639 result=allow:allow
[2026-02-18T08:24:37.530748] [USER-CHECK] user=lkh639 result=allow:allow
[2026-02-18T08:24:37.532841] [USER-CHECK] user=lkh639 result=allow:allow
[2026-02-18T08:24:38.337669] [USER-CHECK] user=lkh639 result=allow:allow
[2026-02-18T08:24:38.455097] [USER-CHECK] user=lkh639 result=allow:allow
[2026-02-18T08:24:49.936695] [USER-CHECK] user=lkh639 result=allow:allow
[2026-02-18T08:24:50.125287] [USER-CHECK] user=lkh639 result=allow:allow
[2026-02-18T08:24:50.292322] [USER-CHECK] user=lkh639 result=allow:allow
[2026-02-18T08:24:50.800879] [USER-CHECK] user=lkh639 result=allow:allow
[2026-02-18T08:24:50.853082] [USER-CHECK] user=lkh639 result=allow:allow
[2026-02-18T08:24:50.853619] [USER-CHECK] user=lkh639 result=allow:allow
[2026-02-18T08:24:51.086157] [USER-CHECK] user=lkh639 result=allow:allow
[2026-02-18T08:24:51.088925] [USER-CHECK] user=lkh639 result=allow:allow
[2026-02-18T08:24:51.101969] [USER-CHECK] user=lkh639 result=allow:allow
[2026-02-18T08:24:51.102317] [USER-CHECK] user=lkh639 result=allow:allow
[2026-02-18T08:24:51.103740] [USER-CHECK] user=lkh639 result=allow:allow
[2026-02-18T08:24:51.123126] [USER-CHECK] user=lkh639 result=allow:allow
[2026-02-18T08:24:51.214798] [USER-CHECK] user=lkh639 result=allow:allow
[2026-02-18T08:24:51.600287] [USER-CHECK] user=lkh639 result=allow:allow
[2026-02-18T08:24:52.599143] [USER-CHECK] user=lkh639 result=allow:allow
[2026-02-18T08:42:20.079839] [USER-CHECK] user=lkh639 result=allow:allow
[2026-02-18T08:42:20.081646] [USER-CHECK] user=lkh639 result=allow:allow
[2026-02-18T08:42:20.097993] [USER-CHECK] user=lkh639 result=allow:allow
[2026-02-18T08:42:21.997953] [USER-CHECK] user=lkh639 result=allow:allow
[2026-02-18T08:42:22.362116] [USER-CHECK] user=lkh639 result=allow:allow
[2026-02-18T08:42:22.362592] [USER-CHECK] user=lkh639 result=allow:allow
[2026-02-18T08:42:22.376487] [USER-CHECK] user=lkh639 result=allow:allow
[2026-02-18T08:42:22.602605] [USER-CHECK] user=lkh639 result=allow:allow
[2026-02-18T08:42:22.691233] [USER-CHECK] user=lkh639 result=allow:allow
[2026-02-18T08:42:22.696464] [USER-CHECK] user=lkh639 result=allow:allow
[2026-02-18T08:42:22.912511] [USER-CHECK] user=lkh639 result=allow:allow
[2026-02-18T08:42:22.971153] [USER-CHECK] user=lkh639 result=allow:allow
[2026-02-18T08:42:22.974753] [USER-CHECK] user=lkh639 result=allow:allow
[2026-02-18T08:42:22.987217] [USER-CHECK] user=lkh639 result=allow:allow
[2026-02-18T08:42:22.988743] [USER-CHECK] user=lkh639 result=allow:allow
[2026-02-18T08:42:23.681024] [USER-CHECK] user=lkh639 result=allow:allow
[2026-02-18T08:42:34.058548] [USER-CHECK] user=lkh639 result=allow:allow
[2026-02-18T08:42:34.088497] [USER-CHECK] user=lkh639 result=allow:allow
[2026-02-18T08:42:34.501242] [USER-CHECK] user=lkh639 result=allow:allow
[2026-02-18T08:42:34.505507] [USER-CHECK] user=lkh639 result=allow:allow
[2026-02-18T08:42:34.859779] [USER-CHECK] user=lkh639 result=allow:allow
[2026-02-18T08:42:34.864899] [USER-CHECK] user=lkh639 result=allow:allow
[2026-02-18T08:42:41.329198] [USER-CHECK] user=lkh639 result=allow:allow
[2026-02-18T08:42:41.429565] [USER-CHECK] user=lkh639 result=allow:allow
[2026-02-18T08:42:41.554623] [USER-CHECK] user=lkh639 result=allow:allow
[2026-02-18T09:19:59.883168] [USER-CHECK] user=lkh639 result=allow:allow
[2026-02-18T09:19:59.985042] [USER-CHECK] user=lkh639 result=allow:allow
[2026-02-18T09:20:02.493168] [USER-CHECK] user=lkh639 result=allow:allow
[2026-02-18T09:20:03.678982] [USER-CHECK] user=lkh639 result=allow:allow
[2026-02-18T09:20:04.652569] [USER-CHECK] user=lkh639 result=allow:allow
[2026-02-18T09:20:04.665511] [USER-CHECK] user=lkh639 result=allow:allow
[2026-02-18T09:20:04.713961] [USER-CHECK] user=lkh639 result=allow:allow
[2026-02-18T09:20:04.726979] [USER-CHECK] user=lkh639 result=allow:allow
[2026-02-18T09:20:12.795580] [USER-CHECK] user=lkh639 result=allow:allow
[2026-02-18T09:20:12.830190] [USER-CHECK] user=lkh639 result=allow:allow
[2026-02-18T09:20:12.938268] [USER-CHECK] user=lkh639 result=allow:allow
[2026-02-18T09:20:13.241724] [USER-CHECK] user=lkh639 result=allow:allow
[2026-02-18T09:20:15.739683] [USER-CHECK] user=lkh639 result=allow:allow
[2026-02-18T09:20:16.497044] [USER-CHECK] user=lkh639 result=allow:allow
[2026-02-18T09:20:16.501237] [USER-CHECK] user=lkh639 result=allow:allow
[2026-02-18T09:20:16.604575] [USER-CHECK] user=lkh639 result=allow:allow
[2026-02-18T09:21:09.283588] [USER-CHECK] user=lkh639 result=allow:allow
[2026-02-18T09:26:04.216998] [USER-CHECK] user=lkh639 result=allow:allow
[2026-02-18T09:26:04.300886] [USER-CHECK] user=lkh639 result=allow:allow
[2026-02-18T09:26:04.362974] [USER-CHECK] user=lkh639 result=allow:allow
[2026-02-18T09:26:32.950808] [USER-CHECK] user=lkh639 result=allow:allow
[2026-02-18T09:26:33.596431] [USER-CHECK] user=lkh639 result=allow:allow
[2026-02-18T09:26:35.459783] [USER-CHECK] user=lkh639 result=allow:allow
[2026-02-18T09:36:04.805115] [USER-CHECK] user=lkh639 result=allow:allow
[2026-02-18T09:36:04.989085] [USER-CHECK] user=lkh639 result=allow:allow
[2026-02-18T11:40:45.267078] [USER-CHECK] user=lkh639 result=allow:allow
[2026-02-18T11:40:45.304799] [USER-CHECK] user=lkh639 result=allow:allow
[2026-02-18T11:40:46.558882] [USER-CHECK] user=lkh639 result=allow:allow
[2026-02-18T11:40:46.646860] [USER-CHECK] user=lkh639 result=allow:allow
[2026-02-18T11:40:46.686823] [USER-CHECK] user=lkh639 result=allow:allow
[2026-02-18T11:41:00.914189] [USER-CHECK] user=lkh639 result=allow:allow
[2026-02-18T11:41:00.977209] [USER-CHECK] user=lkh639 result=allow:allow
[2026-02-18T11:41:02.084396] [USER-CHECK] user=lkh639 result=allow:allow
[2026-02-18T11:41:17.929698] [USER-CHECK] user=lkh639 result=allow:allow
[2026-02-18T11:41:20.499974] [USER-CHECK] user=lkh639 result=allow:allow
[2026-02-18T11:41:20.683095] [USER-CHECK] user=lkh639 result=allow:allow
[2026-02-18T11:41:30.399621] [USER-CHECK] user=lkh639 result=allow:allow
[2026-02-18T11:41:31.079144] [USER-CHECK] user=lkh639 result=allow:allow
[2026-02-18T11:41:55.368732] [USER-CHECK] user=lkh639 result=allow:allow
[2026-02-18T11:42:02.998813] [USER-CHECK] user=lkh639 result=allow:allow
[2026-02-18T11:43:32.598325] [USER-CHECK] user=lkh639 result=allow:allow
[2026-02-18T11:43:32.692814] [USER-CHECK] user=lkh639 result=allow:allow
[2026-02-18T11:43:42.550771] [USER-CHECK] user=lkh639 result=allow:allow
[2026-02-18T11:43:42.934928] [USER-CHECK] user=lkh639 result=allow:allow
[2026-02-18T11:43:43.638141] [USER-CHECK] user=lkh639 result=allow:allow
[2026-02-18T11:43:43.970017] [USER-CHECK] user=lkh639 result=allow:allow
[2026-02-18T12:14:28.363303] [USER-CHECK] user=lkh639 result=allow:allow
[2026-02-18T12:14:28.538991] [USER-CHECK] user=lkh639 result=allow:allow
[2026-02-18T12:14:28.549152] [USER-CHECK] user=lkh639 result=allow:allow
[2026-02-18T12:14:28.553625] [USER-CHECK] user=lkh639 result=allow:allow
[2026-02-18T12:14:29.050598] [USER-CHECK] user=lkh639 result=allow:allow
[2026-02-18T12:14:29.109006] [USER-CHECK] user=lkh639 result=allow:allow
[2026-02-18T12:14:29.158175] [USER-CHECK] user=lkh639 result=allow:allow
[2026-02-18T12:14:29.361926] [USER-CHECK] user=lkh639 result=allow:allow
[2026-02-18T12:14:38.101312] [USER-CHECK] user=lkh639 result=allow:allow
[2026-02-18T12:14:38.389110] [USER-CHECK] user=lkh639 result=allow:allow
[2026-02-18T12:14:38.391145] [USER-CHECK] user=lkh639 result=allow:allow
[2026-02-18T12:14:38.393942] [USER-CHECK] user=lkh639 result=allow:allow
[2026-02-18T12:14:38.404629] [USER-CHECK] user=lkh639 result=allow:allow
[2026-02-18T12:14:38.406457] [USER-CHECK] user=lkh639 result=allow:allow
[2026-02-18T12:14:38.412436] [USER-CHECK] user=lkh639 result=allow:allow
[2026-02-18T12:14:38.419942] [USER-CHECK] user=lkh639 result=allow:allow
[2026-02-18T12:14:38.420679] [USER-CHECK] user=lkh639 result=allow:allow
[2026-02-18T12:14:38.422523] [USER-CHECK] user=lkh639 result=allow:allow
[2026-02-18T12:14:38.423048] [USER-CHECK] user=lkh639 result=allow:allow
[2026-02-18T12:14:38.446564] [USER-CHECK] user=lkh639 result=allow:allow
[2026-02-18T12:14:38.469010] [USER-CHECK] user=lkh639 result=allow:allow
[2026-02-18T12:14:38.614555] [USER-CHECK] user=lkh639 result=allow:allow
[2026-02-18T12:14:38.722145] [USER-CHECK] user=lkh639 result=allow:allow
[2026-02-18T12:14:38.805825] [USER-CHECK] user=lkh639 result=allow:allow
[2026-02-18T12:14:38.806634] [USER-CHECK] user=lkh639 result=allow:allow
[2026-02-18T12:14:38.830989] [USER-CHECK] user=lkh639 result=allow:allow
[2026-02-18T12:14:39.041714] [USER-CHECK] user=lkh639 result=allow:allow
[2026-02-18T12:14:39.202263] [USER-CHECK] user=lkh639 result=allow:allow
[2026-02-18T12:14:39.326067] [USER-CHECK] user=lkh639 result=allow:allow
[2026-02-18T12:14:39.585697] [USER-CHECK] user=lkh639 result=allow:allow
[2026-02-18T12:14:39.736409] [USER-CHECK] user=lkh639 result=allow:allow
[2026-02-18T12:14:39.746604] [USER-CHECK] user=lkh639 result=allow:allow
[2026-02-18T12:14:39.746864] [USER-CHECK] user=lkh639 result=allow:allow
[2026-02-18T12:14:39.774248] [USER-CHECK] user=lkh639 result=allow:allow
[2026-02-18T12:14:39.781752] [USER-CHECK] user=lkh639 result=allow:allow
[2026-02-18T12:14:39.782526] [USER-CHECK] user=lkh639 result=allow:allow
[2026-02-18T12:14:39.804217] [USER-CHECK] user=lkh639 result=allow:allow
[2026-02-18T12:14:39.843498] [USER-CHECK] user=lkh639 result=allow:allow
[2026-02-18T12:14:39.954852] [USER-CHECK] user=lkh639 result=allow:allow
[2026-02-18T12:14:40.221438] [USER-CHECK] user=lkh639 result=allow:allow
[2026-02-18T12:14:40.229139] [USER-CHECK] user=lkh639 result=allow:allow
[2026-02-18T12:14:40.238144] [USER-CHECK] user=lkh639 result=allow:allow
[2026-02-18T12:14:40.274652] [USER-CHECK] user=lkh639 result=allow:allow
[2026-02-18T12:14:40.277515] [USER-CHECK] user=lkh639 result=allow:allow
[2026-02-18T12:14:40.343377] [USER-CHECK] user=lkh639 result=allow:allow
[2026-02-18T12:14:40.621755] [USER-CHECK] user=lkh639 result=allow:allow
[2026-02-18T12:14:40.636271] [USER-CHECK] user=lkh639 result=allow:allow
[2026-02-18T12:14:40.959834] [USER-CHECK] user=lkh639 result=allow:allow
[2026-02-18T12:14:41.061025] [USER-CHECK] user=lkh639 result=allow:allow
[2026-02-18T12:14:41.694300] [USER-CHECK] user=lkh639 result=allow:allow
[2026-02-18T12:14:41.694944] [USER-CHECK] user=lkh639 result=allow:allow
[2026-02-18T12:14:41.830643] [USER-CHECK] user=lkh639 result=allow:allow
[2026-02-18T12:14:42.108967] [USER-CHECK] user=lkh639 result=allow:allow
[2026-02-18T12:14:42.285329] [USER-CHECK] user=lkh639 result=allow:allow
[2026-02-18T12:14:42.444581] [USER-CHECK] user=lkh639 result=allow:allow
[2026-02-18T12:14:43.059191] [USER-CHECK] user=lkh639 result=allow:allow
[2026-02-18T12:14:43.691134] [USER-CHECK] user=lkh639 result=allow:allow
[2026-02-18T12:14:43.894969] [USER-CHECK] user=lkh639 result=allow:allow
[2026-02-18T12:14:45.455479] [USER-CHECK] user=lkh639 result=allow:allow
[2026-02-18T12:14:45.458096] [USER-CHECK] user=lkh639 result=allow:allow
[2026-02-18T12:14:45.461024] [USER-CHECK] user=lkh639 result=allow:allow
[2026-02-18T12:14:45.611342] [USER-CHECK] user=lkh639 result=allow:allow
[2026-02-18T12:14:45.647829] [USER-CHECK] user=lkh639 result=allow:allow
[2026-02-18T12:14:46.144641] [USER-CHECK] user=lkh639 result=allow:allow
[2026-02-18T12:14:51.454033] [USER-CHECK] user=lkh639 result=allow:allow
[2026-02-18T12:14:51.454326] [USER-CHECK] user=lkh639 result=allow:allow
[2026-02-18T12:14:54.781345] [USER-CHECK] user=lkh639 result=allow:allow
[2026-02-18T12:14:57.451423] [USER-CHECK] user=lkh639 result=allow:allow
[2026-02-18T12:14:57.454504] [USER-CHECK] user=lkh639 result=allow:allow
[2026-02-18T12:14:57.664145] [USER-CHECK] user=lkh639 result=allow:allow
[2026-02-18T12:14:57.668111] [USER-CHECK] user=lkh639 result=allow:allow
[2026-02-18T12:14:57.678285] [USER-CHECK] user=lkh639 result=allow:allow
[2026-02-18T12:14:57.942241] [USER-CHECK] user=lkh639 result=allow:allow
[2026-02-18T12:14:58.006232] [USER-CHECK] user=lkh639 result=allow:allow
[2026-02-18T12:14:58.129801] [USER-CHECK] user=lkh639 result=allow:allow
[2026-02-18T12:14:58.137697] [USER-CHECK] user=lkh639 result=allow:allow
[2026-02-18T12:14:58.231194] [USER-CHECK] user=lkh639 result=allow:allow
[2026-02-18T12:14:58.233638] [USER-CHECK] user=lkh639 result=allow:allow
[2026-02-18T12:14:58.251819] [USER-CHECK] user=lkh639 result=allow:allow
[2026-02-18T12:14:58.321745] [USER-CHECK] user=lkh639 result=allow:allow
[2026-02-18T12:14:58.458296] [USER-CHECK] user=lkh639 result=allow:allow
[2026-02-18T12:14:58.459600] [USER-CHECK] user=lkh639 result=allow:allow
[2026-02-18T12:14:58.593104] [USER-CHECK] user=lkh639 result=allow:allow
[2026-02-18T12:14:58.729897] [USER-CHECK] user=lkh639 result=allow:allow
[2026-02-18T12:14:58.809252] [USER-CHECK] user=lkh639 result=allow:allow
[2026-02-18T12:14:58.810661] [USER-CHECK] user=lkh639 result=allow:allow
[2026-02-18T12:14:58.887968] [USER-CHECK] user=lkh639 result=allow:allow
[2026-02-18T12:14:58.902874] [USER-CHECK] user=lkh639 result=allow:allow
[2026-02-18T12:14:58.916101] [USER-CHECK] user=lkh639 result=allow:allow
[2026-02-18T12:14:58.916477] [USER-CHECK] user=lkh639 result=allow:allow
[2026-02-18T12:14:58.956399] [USER-CHECK] user=lkh639 result=allow:allow
[2026-02-18T12:14:58.960845] [USER-CHECK] user=lkh639 result=allow:allow
[2026-02-18T12:14:58.969135] [USER-CHECK] user=lkh639 result=allow:allow
[2026-02-18T12:14:58.975151] [USER-CHECK] user=lkh639 result=allow:allow
[2026-02-18T12:14:59.051987] [USER-CHECK] user=lkh639 result=allow:allow
[2026-02-18T12:14:59.055266] [USER-CHECK] user=lkh639 result=allow:allow
[2026-02-18T12:14:59.065768] [USER-CHECK] user=lkh639 result=allow:allow
[2026-02-18T12:14:59.104307] [USER-CHECK] user=lkh639 result=allow:allow
[2026-02-18T12:14:59.209714] [USER-CHECK] user=lkh639 result=allow:allow
[2026-02-18T12:14:59.230572] [USER-CHECK] user=lkh639 result=allow:allow
[2026-02-18T12:14:59.250413] [USER-CHECK] user=lkh639 result=allow:allow
[2026-02-18T12:14:59.301040] [USER-CHECK] user=lkh639 result=allow:allow
[2026-02-18T12:14:59.301511] [USER-CHECK] user=lkh639 result=allow:allow
[2026-02-18T12:14:59.302600] [USER-CHECK] user=lkh639 result=allow:allow
[2026-02-18T12:14:59.303626] [USER-CHECK] user=lkh639 result=allow:allow
[2026-02-18T12:14:59.306763] [USER-CHECK] user=lkh639 result=allow:allow
[2026-02-18T12:14:59.307141] [USER-CHECK] user=lkh639 result=allow:allow
[2026-02-18T12:14:59.308336] [USER-CHECK] user=lkh639 result=allow:allow
[2026-02-18T12:14:59.315551] [USER-CHECK] user=lkh639 result=allow:allow
[2026-02-18T12:14:59.443180] [USER-CHECK] user=lkh639 result=allow:allow
[2026-02-18T12:14:59.452801] [USER-CHECK] user=lkh639 result=allow:allow
[2026-02-18T12:14:59.453439] [USER-CHECK] user=lkh639 result=allow:allow
[2026-02-18T12:14:59.466204] [USER-CHECK] user=lkh639 result=allow:allow
[2026-02-18T12:14:59.475971] [USER-CHECK] user=lkh639 result=allow:allow
[2026-02-18T12:14:59.501806] [USER-CHECK] user=lkh639 result=allow:allow
[2026-02-18T12:14:59.552285] [USER-CHECK] user=lkh639 result=allow:allow
[2026-02-18T12:14:59.662839] [USER-CHECK] user=lkh639 result=allow:allow
[2026-02-18T12:14:59.694516] [USER-CHECK] user=lkh639 result=allow:allow
[2026-02-18T12:14:59.728327] [USER-CHECK] user=lkh639 result=allow:allow
[2026-02-18T12:14:59.730687] [USER-CHECK] user=lkh639 result=allow:allow
[2026-02-18T12:14:59.821330] [USER-CHECK] user=lkh639 result=allow:allow
[2026-02-18T12:14:59.821464] [USER-CHECK] user=lkh639 result=allow:allow
[2026-02-18T12:14:59.863081] [USER-CHECK] user=lkh639 result=allow:allow
[2026-02-18T12:14:59.863325] [USER-CHECK] user=lkh639 result=allow:allow
[2026-02-18T12:14:59.868072] [USER-CHECK] user=lkh639 result=allow:allow
[2026-02-18T12:14:59.878197] [USER-CHECK] user=lkh639 result=allow:allow
[2026-02-18T12:14:59.882316] [USER-CHECK] user=lkh639 result=allow:allow
[2026-02-18T12:14:59.986477] [USER-CHECK] user=lkh639 result=allow:allow
[2026-02-18T12:14:59.987727] [USER-CHECK] user=lkh639 result=allow:allow
[2026-02-18T12:14:59.997881] [USER-CHECK] user=lkh639 result=allow:allow
[2026-02-18T12:15:00.029840] [USER-CHECK] user=lkh639 result=allow:allow
[2026-02-18T12:15:00.077335] [USER-CHECK] user=lkh639 result=allow:allow
[2026-02-18T12:15:00.093043] [USER-CHECK] user=lkh639 result=allow:allow
[2026-02-18T12:15:00.107780] [USER-CHECK] user=lkh639 result=allow:allow
[2026-02-18T12:15:00.142191] [USER-CHECK] user=lkh639 result=allow:allow
[2026-02-18T12:15:00.166339] [USER-CHECK] user=lkh639 result=allow:allow
[2026-02-18T12:15:00.225041] [USER-CHECK] user=lkh639 result=allow:allow
[2026-02-18T12:15:00.275366] [USER-CHECK] user=lkh639 result=allow:allow
[2026-02-18T12:15:00.295150] [USER-CHECK] user=lkh639 result=allow:allow
[2026-02-18T12:15:00.298232] [USER-CHECK] user=lkh639 result=allow:allow
[2026-02-18T12:15:00.308646] [USER-CHECK] user=lkh639 result=allow:allow
[2026-02-18T12:15:00.402860] [USER-CHECK] user=lkh639 result=allow:allow
[2026-02-18T12:15:00.439833] [USER-CHECK] user=lkh639 result=allow:allow
[2026-02-18T12:15:00.517750] [USER-CHECK] user=lkh639 result=allow:allow
[2026-02-18T12:15:00.792093] [USER-CHECK] user=lkh639 result=allow:allow
[2026-02-18T12:15:00.951998] [USER-CHECK] user=lkh639 result=allow:allow
[2026-02-18T12:15:03.449797] [USER-CHECK] user=lkh639 result=allow:allow
[2026-02-18T12:15:03.450577] [USER-CHECK] user=lkh639 result=allow:allow
[2026-02-18T12:15:04.458743] [USER-CHECK] user=lkh639 result=allow:allow
[2026-02-18T12:15:05.451207] [USER-CHECK] user=lkh639 result=allow:allow
[2026-02-18T12:15:05.616081] [USER-CHECK] user=lkh639 result=allow:allow
[2026-02-18T12:15:11.474463] [USER-CHECK] user=lkh639 result=allow:allow
[2026-02-18T12:15:13.697126] [USER-CHECK] user=lkh639 result=allow:allow
[2026-02-18T12:15:17.557721] [USER-CHECK] user=lkh639 result=allow:allow
[2026-02-18T12:21:11.579496] [USER-CHECK] user=lkh639 result=allow:allow
[2026-02-18T12:21:12.220946] [USER-CHECK] user=lkh639 result=allow:allow
[2026-02-18T12:21:12.263515] [USER-CHECK] user=lkh639 result=allow:allow
[2026-02-18T12:21:12.768332] [USER-CHECK] user=lkh639 result=allow:allow
[2026-02-18T12:21:12.800517] [USER-CHECK] user=lkh639 result=allow:allow
[2026-02-18T12:21:12.893909] [USER-CHECK] user=lkh639 result=allow:allow
[2026-02-18T12:21:12.999998] [USER-CHECK] user=lkh639 result=allow:allow
[2026-02-18T12:21:13.183077] [USER-CHECK] user=lkh639 result=allow:allow
[2026-02-18T12:21:13.649849] [USER-CHECK] user=lkh639 result=allow:allow
[2026-02-18T12:21:13.772575] [USER-CHECK] user=lkh639 result=allow:allow
[2026-02-18T12:21:13.773712] [USER-CHECK] user=lkh639 result=allow:allow
[2026-02-18T12:21:14.063193] [USER-CHECK] user=lkh639 result=allow:allow
[2026-02-18T12:21:14.064580] [USER-CHECK] user=lkh639 result=allow:allow
[2026-02-18T12:21:14.124580] [USER-CHECK] user=lkh639 result=allow:allow
[2026-02-18T12:21:14.209391] [USER-CHECK] user=lkh639 result=allow:allow
[2026-02-18T12:21:14.560180] [USER-CHECK] user=lkh639 result=allow:allow
[2026-02-18T12:21:15.607100] [USER-CHECK] user=lkh639 result=allow:allow
[2026-02-18T12:21:15.609223] [USER-CHECK] user=lkh639 result=allow:allow
[2026-02-18T12:21:15.613134] [USER-CHECK] user=lkh639 result=allow:allow
[2026-02-18T12:21:15.620061] [USER-CHECK] user=lkh639 result=allow:allow
[2026-02-18T12:21:15.757580] [USER-CHECK] user=lkh639 result=allow:allow
[2026-02-18T12:21:15.832494] [USER-CHECK] user=lkh639 result=allow:allow
[2026-02-18T12:21:16.130996] [USER-CHECK] user=lkh639 result=allow:allow
[2026-02-18T12:21:16.413500] [USER-CHECK] user=lkh639 result=allow:allow
[2026-02-18T12:21:16.631643] [USER-CHECK] user=lkh639 result=allow:allow
[2026-02-18T12:21:17.307391] [USER-CHECK] user=lkh639 result=allow:allow
[2026-02-18T12:21:19.600220] [USER-CHECK] user=lkh639 result=allow:allow
[2026-02-18T12:21:25.466959] [USER-CHECK] user=lkh639 result=allow:allow
[2026-02-18T12:21:25.472689] [USER-CHECK] user=lkh639 result=allow:allow
[2026-02-18T12:21:37.466310] [USER-CHECK] user=lkh639 result=allow:allow
[2026-02-18T12:24:18.973821] [USER-CHECK] user=lkh639 result=allow:allow
[2026-02-18T12:24:19.147711] [USER-CHECK] user=lkh639 result=allow:allow
[2026-02-18T12:24:19.394072] [USER-CHECK] user=lkh639 result=allow:allow
[2026-02-18T12:24:19.395250] [USER-CHECK] user=lkh639 result=allow:allow
[2026-02-18T12:24:19.518507] [USER-CHECK] user=lkh639 result=allow:allow
[2026-02-18T12:24:20.546655] [USER-CHECK] user=lkh639 result=allow:allow
[2026-02-18T12:24:20.548738] [USER-CHECK] user=lkh639 result=allow:allow
[2026-02-18T12:24:22.835194] [USER-CHECK] user=lkh639 result=allow:allow
[2026-02-18T12:24:22.897166] [USER-CHECK] user=lkh639 result=allow:allow
[2026-02-18T12:24:23.087537] [USER-CHECK] user=lkh639 result=allow:allow
[2026-02-18T12:24:23.089028] [USER-CHECK] user=lkh639 result=allow:allow
[2026-02-18T12:24:23.095112] [USER-CHECK] user=lkh639 result=allow:allow
[2026-02-18T12:24:23.098579] [USER-CHECK] user=lkh639 result=allow:allow
[2026-02-18T12:24:23.241663] [USER-CHECK] user=lkh639 result=allow:allow
[2026-02-18T12:24:23.455975] [USER-CHECK] user=lkh639 result=allow:allow
[2026-02-18T12:24:23.501510] [USER-CHECK] user=lkh639 result=allow:allow
[2026-02-18T12:24:24.470324] [USER-CHECK] user=lkh639 result=allow:allow
[2026-02-18T12:24:24.474575] [USER-CHECK] user=lkh639 result=allow:allow
[2026-02-18T12:24:24.513929] [USER-CHECK] user=lkh639 result=allow:allow
[2026-02-18T12:24:25.488125] [USER-CHECK] user=lkh639 result=allow:allow
[2026-02-18T12:24:25.501664] [USER-CHECK] user=lkh639 result=allow:allow
[2026-02-18T12:24:25.502638] [USER-CHECK] user=lkh639 result=allow:allow
[2026-02-18T12:24:25.515669] [USER-CHECK] user=lkh639 result=allow:allow
[2026-02-18T12:24:25.533591] [USER-CHECK] user=lkh639 result=allow:allow
[2026-02-18T12:24:25.535219] [USER-CHECK] user=lkh639 result=allow:allow
[2026-02-18T12:24:25.550897] [USER-CHECK] user=lkh639 result=allow:allow
[2026-02-18T12:24:25.567010] [USER-CHECK] user=lkh639 result=allow:allow
[2026-02-18T12:24:25.639318] [USER-CHECK] user=lkh639 result=allow:allow
[2026-02-18T12:24:25.652787] [USER-CHECK] user=lkh639 result=allow:allow
[2026-02-18T12:24:25.656978] [USER-CHECK] user=lkh639 result=allow:allow
[2026-02-18T12:24:25.662374] [USER-CHECK] user=lkh639 result=allow:allow
[2026-02-18T12:24:25.664826] [USER-CHECK] user=lkh639 result=allow:allow
[2026-02-18T12:24:25.670127] [USER-CHECK] user=lkh639 result=allow:allow
[2026-02-18T12:24:25.712776] [USER-CHECK] user=lkh639 result=allow:allow
[2026-02-18T12:24:25.753662] [USER-CHECK] user=lkh639 result=allow:allow
[2026-02-18T12:24:25.888262] [USER-CHECK] user=lkh639 result=allow:allow
[2026-02-18T12:24:25.923990] [USER-CHECK] user=lkh639 result=allow:allow
[2026-02-18T12:24:25.927996] [USER-CHECK] user=lkh639 result=allow:allow
[2026-02-18T12:24:25.937693] [USER-CHECK] user=lkh639 result=allow:allow
[2026-02-18T12:24:25.945351] [USER-CHECK] user=lkh639 result=allow:allow
[2026-02-18T12:24:25.979181] [USER-CHECK] user=lkh639 result=allow:allow
[2026-02-18T12:24:25.979550] [USER-CHECK] user=lkh639 result=allow:allow
[2026-02-18T12:24:25.980309] [USER-CHECK] user=lkh639 result=allow:allow
[2026-02-18T12:24:26.049765] [USER-CHECK] user=lkh639 result=allow:allow
[2026-02-18T12:24:26.050494] [USER-CHECK] user=lkh639 result=allow:allow
[2026-02-18T12:24:26.054883] [USER-CHECK] user=lkh639 result=allow:allow
[2026-02-18T12:24:26.058678] [USER-CHECK] user=lkh639 result=allow:allow
[2026-02-18T12:24:26.062075] [USER-CHECK] user=lkh639 result=allow:allow
[2026-02-18T12:24:26.070664] [USER-CHECK] user=lkh639 result=allow:allow
[2026-02-18T12:24:26.134241] [USER-CHECK] user=lkh639 result=allow:allow
[2026-02-18T12:24:26.150768] [USER-CHECK] user=lkh639 result=allow:allow
[2026-02-18T12:24:26.157970] [USER-CHECK] user=lkh639 result=allow:allow
[2026-02-18T12:24:26.171532] [USER-CHECK] user=lkh639 result=allow:allow
[2026-02-18T12:24:26.188998] [USER-CHECK] user=lkh639 result=allow:allow
[2026-02-18T12:24:26.192252] [USER-CHECK] user=lkh639 result=allow:allow
[2026-02-18T12:24:26.216330] [USER-CHECK] user=lkh639 result=allow:allow
[2026-02-18T12:24:26.224867] [USER-CHECK] user=lkh639 result=allow:allow
[2026-02-18T12:24:26.236312] [USER-CHECK] user=lkh639 result=allow:allow
[2026-02-18T12:24:26.297822] [USER-CHECK] user=lkh639 result=allow:allow
[2026-02-18T12:24:26.312460] [USER-CHECK] user=lkh639 result=allow:allow
[2026-02-18T12:24:26.319372] [USER-CHECK] user=lkh639 result=allow:allow
[2026-02-18T12:24:26.324938] [USER-CHECK] user=lkh639 result=allow:allow
[2026-02-18T12:24:26.325244] [USER-CHECK] user=lkh639 result=allow:allow
[2026-02-18T12:24:26.331282] [USER-CHECK] user=lkh639 result=allow:allow
[2026-02-18T12:24:26.333330] [USER-CHECK] user=lkh639 result=allow:allow
[2026-02-18T12:24:26.339133] [USER-CHECK] user=lkh639 result=allow:allow
[2026-02-18T12:24:26.340777] [USER-CHECK] user=lkh639 result=allow:allow
[2026-02-18T12:24:26.344671] [USER-CHECK] user=lkh639 result=allow:allow
[2026-02-18T12:24:26.351555] [USER-CHECK] user=lkh639 result=allow:allow
[2026-02-18T12:24:26.354374] [USER-CHECK] user=lkh639 result=allow:allow
[2026-02-18T12:24:26.367964] [USER-CHECK] user=lkh639 result=allow:allow
[2026-02-18T12:24:26.394634] [USER-CHECK] user=lkh639 result=allow:allow
[2026-02-18T12:24:26.445786] [USER-CHECK] user=lkh639 result=allow:allow
[2026-02-18T12:24:26.450162] [USER-CHECK] user=lkh639 result=allow:allow
[2026-02-18T12:24:26.496051] [USER-CHECK] user=lkh639 result=allow:allow
[2026-02-18T12:24:26.509608] [USER-CHECK] user=lkh639 result=allow:allow
[2026-02-18T12:24:26.528409] [USER-CHECK] user=lkh639 result=allow:allow
[2026-02-18T12:24:26.568155] [USER-CHECK] user=lkh639 result=allow:allow
[2026-02-18T12:24:26.568344] [USER-CHECK] user=lkh639 result=allow:allow
[2026-02-18T12:24:26.584400] [USER-CHECK] user=lkh639 result=allow:allow
[2026-02-18T12:24:26.589965] [USER-CHECK] user=lkh639 result=allow:allow
[2026-02-18T12:24:26.602523] [USER-CHECK] user=lkh639 result=allow:allow
[2026-02-18T12:24:26.685854] [USER-CHECK] user=lkh639 result=allow:allow
[2026-02-18T12:24:26.742619] [USER-CHECK] user=lkh639 result=allow:allow
[2026-02-18T12:24:26.877726] [USER-CHECK] user=lkh639 result=allow:allow
[2026-02-18T12:24:27.171916] [USER-CHECK] user=lkh639 result=allow:allow
[2026-02-18T12:24:27.173378] [USER-CHECK] user=lkh639 result=allow:allow
[2026-02-18T12:24:27.181189] [USER-CHECK] user=lkh639 result=allow:allow
[2026-02-18T12:24:27.187208] [USER-CHECK] user=lkh639 result=allow:allow
[2026-02-18T12:24:27.192822] [USER-CHECK] user=lkh639 result=allow:allow
[2026-02-18T12:24:27.221741] [USER-CHECK] user=lkh639 result=allow:allow
[2026-02-18T12:24:27.232628] [USER-CHECK] user=lkh639 result=allow:allow
[2026-02-18T12:24:27.238413] [USER-CHECK] user=lkh639 result=allow:allow
[2026-02-18T12:24:27.265974] [USER-CHECK] user=lkh639 result=allow:allow
[2026-02-18T12:24:27.464616] [USER-CHECK] user=lkh639 result=allow:allow
[2026-02-18T12:24:27.494743] [USER-CHECK] user=lkh639 result=allow:allow
[2026-02-18T12:24:27.499470] [USER-CHECK] user=lkh639 result=allow:allow
[2026-02-18T12:24:27.502672] [USER-CHECK] user=lkh639 result=allow:allow
[2026-02-18T12:24:27.507855] [USER-CHECK] user=lkh639 result=allow:allow
[2026-02-18T12:24:27.550206] [USER-CHECK] user=lkh639 result=allow:allow
[2026-02-18T12:24:27.593253] [USER-CHECK] user=lkh639 result=allow:allow
[2026-02-18T12:24:27.604072] [USER-CHECK] user=lkh639 result=allow:allow
[2026-02-18T12:24:27.655958] [USER-CHECK] user=lkh639 result=allow:allow
[2026-02-18T12:24:27.661441] [USER-CHECK] user=lkh639 result=allow:allow
[2026-02-18T12:24:27.665335] [USER-CHECK] user=lkh639 result=allow:allow
[2026-02-18T12:24:27.676895] [USER-CHECK] user=lkh639 result=allow:allow
[2026-02-18T12:24:27.677003] [USER-CHECK] user=lkh639 result=allow:allow
[2026-02-18T12:24:27.685429] [USER-CHECK] user=lkh639 result=allow:allow
[2026-02-18T12:24:27.695517] [USER-CHECK] user=lkh639 result=allow:allow
[2026-02-18T12:24:27.749966] [USER-CHECK] user=lkh639 result=allow:allow
[2026-02-18T12:24:27.861221] [USER-CHECK] user=lkh639 result=allow:allow
[2026-02-18T12:24:27.876463] [USER-CHECK] user=lkh639 result=allow:allow
[2026-02-18T12:24:28.016370] [USER-CHECK] user=lkh639 result=allow:allow
[2026-02-18T12:24:28.019175] [USER-CHECK] user=lkh639 result=allow:allow
[2026-02-18T12:24:28.117869] [USER-CHECK] user=lkh639 result=allow:allow
[2026-02-18T12:24:28.456796] [USER-CHECK] user=lkh639 result=allow:allow
[2026-02-18T12:24:28.468069] [USER-CHECK] user=lkh639 result=allow:allow
[2026-02-18T12:24:29.495645] [USER-CHECK] user=lkh639 result=allow:allow
[2026-02-18T12:24:29.507399] [USER-CHECK] user=lkh639 result=allow:allow
[2026-02-18T12:24:29.551379] [USER-CHECK] user=lkh639 result=allow:allow
[2026-02-18T12:24:29.555757] [USER-CHECK] user=lkh639 result=allow:allow
[2026-02-18T12:24:29.572156] [USER-CHECK] user=lkh639 result=allow:allow
[2026-02-18T12:24:29.612564] [USER-CHECK] user=lkh639 result=allow:allow
[2026-02-18T12:24:29.648950] [USER-CHECK] user=lkh639 result=allow:allow
[2026-02-18T12:24:29.799168] [USER-CHECK] user=lkh639 result=allow:allow
[2026-02-18T12:24:29.809819] [USER-CHECK] user=lkh639 result=allow:allow
[2026-02-18T12:24:29.851415] [USER-CHECK] user=lkh639 result=allow:allow
[2026-02-18T12:24:29.896440] [USER-CHECK] user=lkh639 result=allow:allow
[2026-02-18T12:24:29.930758] [USER-CHECK] user=lkh639 result=allow:allow
[2026-02-18T12:24:30.089049] [USER-CHECK] user=lkh639 result=allow:allow
[2026-02-18T12:24:30.254041] [USER-CHECK] user=lkh639 result=allow:allow
[2026-02-18T12:24:30.259963] [USER-CHECK] user=lkh639 result=allow:allow
[2026-02-18T12:24:30.463350] [USER-CHECK] user=lkh639 result=allow:allow
[2026-02-18T12:24:30.485383] [USER-CHECK] user=lkh639 result=allow:allow
[2026-02-18T12:24:30.486429] [USER-CHECK] user=lkh639 result=allow:allow
[2026-02-18T12:24:30.520013] [USER-CHECK] user=lkh639 result=allow:allow
[2026-02-18T12:24:30.991364] [USER-CHECK] user=lkh639 result=allow:allow
[2026-02-18T12:24:31.058644] [USER-CHECK] user=lkh639 result=allow:allow
[2026-02-18T12:24:31.076498] [USER-CHECK] user=lkh639 result=allow:allow
[2026-02-18T12:24:31.135125] [USER-CHECK] user=lkh639 result=allow:allow
[2026-02-18T12:24:31.400748] [USER-CHECK] user=lkh639 result=allow:allow
[2026-02-18T12:24:32.475044] [USER-CHECK] user=lkh639 result=allow:allow
[2026-02-18T12:24:33.170283] [USER-CHECK] user=lkh639 result=allow:allow
[2026-02-18T12:24:33.757277] [USER-CHECK] user=lkh639 result=allow:allow
[2026-02-18T12:24:38.453846] [USER-CHECK] user=lkh639 result=allow:allow
[2026-02-18T12:24:50.458640] [USER-CHECK] user=lkh639 result=allow:allow
[2026-02-18T12:30:55.042068] [USER-CHECK] user=lkh639 result=allow:allow
[2026-02-18T12:30:55.462796] [USER-CHECK] user=lkh639 result=allow:allow
[2026-02-18T12:30:55.463369] [USER-CHECK] user=lkh639 result=allow:allow
[2026-02-18T12:30:55.643527] [USER-CHECK] user=lkh639 result=allow:allow
[2026-02-18T12:30:55.766835] [USER-CHECK] user=lkh639 result=allow:allow
[2026-02-18T12:30:55.849199] [USER-CHECK] user=lkh639 result=allow:allow
[2026-02-18T12:30:55.895378] [USER-CHECK] user=lkh639 result=allow:allow
[2026-02-18T12:30:56.343208] [USER-CHECK] user=lkh639 result=allow:allow
[2026-02-18T12:30:56.422876] [USER-CHECK] user=lkh639 result=allow:allow
[2026-02-18T12:30:56.434024] [USER-CHECK] user=lkh639 result=allow:allow
[2026-02-18T12:30:59.496177] [USER-CHECK] user=lkh639 result=allow:allow
[2026-02-18T12:31:01.463074] [USER-CHECK] user=lkh639 result=allow:allow
[2026-02-18T12:31:07.451785] [USER-CHECK] user=lkh639 result=allow:allow
[2026-02-18T12:31:14.228315] [USER-CHECK] user=lkh639 result=allow:allow
[2026-02-18T12:31:14.237156] [USER-CHECK] user=lkh639 result=allow:allow
[2026-02-18T12:31:14.261597] [USER-CHECK] user=lkh639 result=allow:allow
[2026-02-18T12:31:14.266844] [USER-CHECK] user=lkh639 result=allow:allow
[2026-02-18T12:31:14.275937] [USER-CHECK] user=lkh639 result=allow:allow
[2026-02-18T12:31:14.354909] [USER-CHECK] user=lkh639 result=allow:allow
[2026-02-18T12:31:14.415157] [USER-CHECK] user=lkh639 result=allow:allow
[2026-02-18T12:31:14.605537] [USER-CHECK] user=lkh639 result=allow:allow
[2026-02-18T12:31:14.611438] [USER-CHECK] user=lkh639 result=allow:allow
[2026-02-18T12:31:14.692690] [USER-CHECK] user=lkh639 result=allow:allow
[2026-02-18T12:31:14.731299] [USER-CHECK] user=lkh639 result=allow:allow
[2026-02-18T12:31:14.826301] [USER-CHECK] user=lkh639 result=allow:allow
[2026-02-18T12:31:14.881604] [USER-CHECK] user=lkh639 result=allow:allow
[2026-02-18T12:31:14.951204] [USER-CHECK] user=lkh639 result=allow:allow
[2026-02-18T12:31:15.164284] [USER-CHECK] user=lkh639 result=allow:allow
[2026-02-18T12:31:16.098132] [USER-CHECK] user=lkh639 result=allow:allow
[2026-02-18T12:31:16.482533] [USER-CHECK] user=lkh639 result=allow:allow
[2026-02-18T12:31:16.485613] [USER-CHECK] user=lkh639 result=allow:allow
[2026-02-18T12:31:16.493844] [USER-CHECK] user=lkh639 result=allow:allow
[2026-02-18T12:31:19.465567] [USER-CHECK] user=lkh639 result=allow:allow
[2026-02-18T12:31:27.190536] [USER-CHECK] user=lkh639 result=allow:allow
[2026-02-18T12:32:06.647334] [USER-CHECK] user=lkh639 result=allow:allow
[2026-02-18T12:32:33.471812] [USER-CHECK] user=lkh639 result=allow:allow
[2026-02-18T12:32:34.644512] [USER-CHECK] user=lkh639 result=allow:allow
[2026-02-18T12:32:34.647457] [USER-CHECK] user=lkh639 result=allow:allow
[2026-02-18T12:32:49.320977] [USER-CHECK] user=lkh639 result=allow:allow
[2026-02-18T12:32:49.321593] [USER-CHECK] user=lkh639 result=allow:allow
[2026-02-18T12:32:49.322797] [USER-CHECK] user=lkh639 result=allow:allow
[2026-02-18T12:33:01.393465] [USER-CHECK] user=lkh639 result=allow:allow
[2026-02-18T12:33:01.829356] [USER-CHECK] user=lkh639 result=allow:allow
[2026-02-18T12:33:01.852574] [USER-CHECK] user=lkh639 result=allow:allow
[2026-02-18T12:33:01.943522] [USER-CHECK] user=lkh639 result=allow:allow
[2026-02-18T12:33:02.686222] [USER-CHECK] user=lkh639 result=allow:allow
[2026-02-18T12:33:02.692250] [USER-CHECK] user=lkh639 result=allow:allow
[2026-02-18T12:33:02.694520] [USER-CHECK] user=lkh639 result=allow:allow
[2026-02-18T12:33:03.114623] [USER-CHECK] user=lkh639 result=allow:allow
[2026-02-18T12:33:03.345210] [USER-CHECK] user=lkh639 result=allow:allow
[2026-02-18T12:33:05.462435] [USER-CHECK] user=lkh639 result=allow:allow
[2026-02-18T12:33:29.609512] [USER-CHECK] user=lkh639 result=allow:allow
[2026-02-18T12:33:37.675082] [USER-CHECK] user=lkh639 result=allow:allow
[2026-02-18T12:33:37.918080] [USER-CHECK] user=lkh639 result=allow:allow
[2026-02-18T12:33:51.469119] [USER-CHECK] user=lkh639 result=allow:allow
[2026-02-18T12:33:52.142350] [USER-CHECK] user=lkh639 result=allow:allow
[2026-02-18T12:33:54.247834] [USER-CHECK] user=lkh639 result=allow:allow
[2026-02-18T12:33:54.278587] [USER-CHECK] user=lkh639 result=allow:allow
[2026-02-18T12:33:54.569224] [USER-CHECK] user=lkh639 result=allow:allow
[2026-02-18T12:34:43.783976] [USER-CHECK] user=lkh639 result=allow:allow
[2026-02-18T12:34:44.358517] [USER-CHECK] user=lkh639 result=allow:allow
[2026-02-18T12:34:44.497726] [USER-CHECK] user=lkh639 result=allow:allow
[2026-02-18T12:34:47.786764] [USER-CHECK] user=lkh639 result=allow:allow
[2026-02-18T12:34:47.802559] [USER-CHECK] user=lkh639 result=allow:allow
[2026-02-18T12:34:48.013979] [USER-CHECK] user=lkh639 result=allow:allow
[2026-02-18T12:34:48.072915] [USER-CHECK] user=lkh639 result=allow:allow
[2026-02-18T12:34:49.074535] [USER-CHECK] user=lkh639 result=allow:allow
[2026-02-18T12:34:49.767398] [USER-CHECK] user=lkh639 result=allow:allow
[2026-02-18T12:34:52.877986] [USER-CHECK] user=lkh639 result=allow:allow
[2026-02-18T12:34:53.576551] [USER-CHECK] user=lkh639 result=allow:allow
[2026-02-18T12:34:54.322878] [USER-CHECK] user=lkh639 result=allow:allow
[2026-02-18T12:34:56.850706] [USER-CHECK] user=lkh639 result=allow:allow
[2026-02-18T12:34:57.035712] [USER-CHECK] user=lkh639 result=allow:allow
[2026-02-18T12:34:57.112374] [USER-CHECK] user=lkh639 result=allow:allow
[2026-02-18T12:34:57.365678] [USER-CHECK] user=lkh639 result=allow:allow
[2026-02-18T12:35:37.105094] [USER-CHECK] user=lkh639 result=allow:allow
[2026-02-18T12:36:24.490210] [USER-CHECK] user=lkh639 result=allow:allow
[2026-02-18T12:36:57.883018] [USER-CHECK] user=lkh639 result=allow:allow
[2026-02-18T12:36:58.201329] [USER-CHECK] user=lkh639 result=allow:allow
[2026-02-18T12:37:02.716454] [USER-CHECK] user=lkh639 result=allow:allow
[2026-02-18T12:37:03.140732] [USER-CHECK] user=lkh639 result=allow:allow
[2026-02-18T12:37:03.376352] [USER-CHECK] user=lkh639 result=allow:allow
[2026-02-18T12:37:07.472866] [USER-CHECK] user=lkh639 result=allow:allow
[2026-02-18T12:37:17.470244] [USER-CHECK] user=lkh639 result=allow:allow
[2026-02-18T12:37:36.345898] [USER-CHECK] user=lkh639 result=allow:allow
[2026-02-18T12:37:59.183792] [USER-CHECK] user=lkh639 result=allow:allow
[2026-02-18T12:38:29.450617] [USER-CHECK] user=lkh639 result=allow:allow
[2026-02-18T12:40:25.427104] [USER-CHECK] user=lkh639 result=allow:allow
[2026-02-18T12:40:43.600268] [USER-CHECK] user=lkh639 result=allow:allow
[2026-02-18T12:40:43.905846] [USER-CHECK] user=lkh639 result=allow:allow
[2026-02-18T12:41:12.181097] [USER-CHECK] user=lkh639 result=allow:allow
[2026-02-18T12:43:20.315279] [USER-CHECK] user=lkh639 result=allow:allow
[2026-02-18T12:43:20.492003] [USER-CHECK] user=lkh639 result=allow:allow
[2026-02-18T12:44:26.967970] [USER-CHECK] user=lkh639 result=allow:allow
[2026-02-18T12:44:27.022830] [USER-CHECK] user=lkh639 result=allow:allow
[2026-02-18T12:44:27.023375] [USER-CHECK] user=lkh639 result=allow:allow
[2026-02-18T12:46:50.680625] [USER-CHECK] user=lkh639 result=allow:allow
[2026-02-18T12:46:50.714015] [USER-CHECK] user=lkh639 result=allow:allow
[2026-02-18T12:46:50.800722] [USER-CHECK] user=lkh639 result=allow:allow
[2026-02-18T12:46:52.209529] [USER-CHECK] user=lkh639 result=allow:allow
[2026-02-18T12:46:52.254308] [USER-CHECK] user=lkh639 result=allow:allow
[2026-02-18T12:47:14.495516] [USER-CHECK] user=lkh639 result=allow:allow
[2026-02-18T12:49:22.496818] [USER-CHECK] user=lkh639 result=allow:allow
[2026-02-18T12:49:37.227501] [USER-CHECK] user=lkh639 result=allow:allow
[2026-02-18T12:49:37.355766] [USER-CHECK] user=lkh639 result=allow:allow
[2026-02-18T12:50:21.316907] [USER-CHECK] user=lkh639 result=allow:allow
[2026-02-18T12:50:21.626662] [USER-CHECK] user=lkh639 result=allow:allow
[2026-02-18T12:50:21.632238] [USER-CHECK] user=lkh639 result=allow:allow
[2026-02-18T12:50:21.746647] [USER-CHECK] user=lkh639 result=allow:allow
[2026-02-18T12:50:45.616217] [USER-CHECK] user=lkh639 result=allow:allow
[2026-02-18T12:51:55.871082] [USER-CHECK] user=lkh639 result=allow:allow
[2026-02-18T12:52:17.880503] [USER-CHECK] user=lkh639 result=allow:allow
[2026-02-18T12:53:03.638671] [USER-CHECK] user=lkh639 result=allow:allow
[2026-02-18T12:53:05.672693] [USER-CHECK] user=lkh639 result=allow:allow
[2026-02-18T12:53:06.129702] [USER-CHECK] user=lkh639 result=allow:allow
[2026-02-18T12:53:32.660206] [USER-CHECK] user=lkh639 result=allow:allow
[2026-02-18T12:53:41.540692] [USER-CHECK] user=lkh639 result=allow:allow
[2026-02-18T12:53:58.410432] [USER-CHECK] user=lkh639 result=allow:allow
[2026-02-18T12:53:58.505030] [USER-CHECK] user=lkh639 result=allow:allow
[2026-02-18T12:55:43.808794] [USER-CHECK] user=lkh639 result=allow:allow
[2026-02-18T12:56:46.528745] [USER-CHECK] user=lkh639 result=allow:allow
[2026-02-18T12:56:46.696359] [USER-CHECK] user=lkh639 result=allow:allow
[2026-02-18T12:56:47.481974] [USER-CHECK] user=lkh639 result=allow:allow
[2026-02-18T12:56:53.039478] [USER-CHECK] user=lkh639 result=allow:allow
[2026-02-18T12:56:57.581992] [USER-CHECK] user=lkh639 result=allow:allow
[2026-02-18T12:56:58.454793] [USER-CHECK] user=lkh639 result=allow:allow
[2026-02-18T12:58:08.035285] [USER-CHECK] user=lkh639 result=allow:allow
[2026-02-18T12:58:18.038236] [USER-CHECK] user=lkh639 result=allow:allow
[2026-02-18T12:58:38.041201] [USER-CHECK] user=lkh639 result=allow:allow
[2026-02-18T12:58:39.324125] [USER-CHECK] user=lkh639 result=allow:allow
[2026-02-18T12:58:39.336383] [USER-CHECK] user=lkh639 result=allow:allow
[2026-02-18T12:58:39.415181] [USER-CHECK] user=lkh639 result=allow:allow
[2026-02-18T12:58:40.539071] [USER-CHECK] user=lkh639 result=allow:allow
[2026-02-18T12:58:41.422940] [USER-CHECK] user=lkh639 result=allow:allow
[2026-02-18T12:58:43.035372] [USER-CHECK] user=lkh639 result=allow:allow
[2026-02-18T14:22:50.369578] [USER-CHECK] user=lkh639 result=allow:allow
[2026-02-18T14:23:23.229780] [USER-CHECK] user=lkh639 result=allow:allow
[2026-02-18T14:23:23.390732] [USER-CHECK] user=lkh639 result=allow:allow
[2026-02-18T14:23:23.550834] [USER-CHECK] user=lkh639 result=allow:allow
[2026-02-18T14:23:23.760304] [USER-CHECK] user=lkh639 result=allow:allow
[2026-02-18T14:23:51.826789] [USER-CHECK] user=lkh639 result=allow:allow
[2026-02-18T14:23:52.803333] [USER-CHECK] user=lkh639 result=allow:allow
[2026-02-18T14:23:53.325465] [USER-CHECK] user=lkh639 result=allow:allow
[2026-02-18T14:23:53.752148] [USER-CHECK] user=lkh639 result=allow:allow
[2026-02-18T14:23:55.038643] [USER-CHECK] user=lkh639 result=allow:allow
[2026-02-18T14:23:55.048560] [USER-CHECK] user=lkh639 result=allow:allow
[2026-02-18T14:23:55.097748] [USER-CHECK] user=lkh639 result=allow:allow
[2026-02-18T14:23:55.226640] [USER-CHECK] user=lkh639 result=allow:allow
[2026-02-18T14:23:55.453435] [USER-CHECK] user=lkh639 result=allow:allow
[2026-02-18T14:23:57.489182] [USER-CHECK] user=lkh639 result=allow:allow
[2026-02-18T14:23:57.530209] [USER-CHECK] user=lkh639 result=allow:allow
[2026-02-18T14:23:57.653837] [USER-CHECK] user=lkh639 result=allow:allow
[2026-02-18T14:23:57.682937] [USER-CHECK] user=lkh639 result=allow:allow
[2026-02-18T14:23:57.683896] [USER-CHECK] user=lkh639 result=allow:allow
[2026-02-18T14:23:57.704656] [USER-CHECK] user=lkh639 result=allow:allow
[2026-02-18T14:23:57.876401] [USER-CHECK] user=lkh639 result=allow:allow
[2026-02-18T14:23:57.899367] [USER-CHECK] user=lkh639 result=allow:allow
[2026-02-18T14:23:57.989180] [USER-CHECK] user=lkh639 result=allow:allow
[2026-02-18T14:23:57.999704] [USER-CHECK] user=lkh639 result=allow:allow
[2026-02-18T14:23:58.006610] [USER-CHECK] user=lkh639 result=allow:allow
[2026-02-18T14:23:58.026432] [USER-CHECK] user=lkh639 result=allow:allow
[2026-02-18T14:23:58.063815] [USER-CHECK] user=lkh639 result=allow:allow
[2026-02-18T14:23:58.068601] [USER-CHECK] user=lkh639 result=allow:allow
[2026-02-18T14:23:58.135506] [USER-CHECK] user=lkh639 result=allow:allow
[2026-02-18T14:23:58.211492] [USER-CHECK] user=lkh639 result=allow:allow
[2026-02-18T14:23:58.282718] [USER-CHECK] user=lkh639 result=allow:allow
[2026-02-18T14:23:58.612960] [USER-CHECK] user=lkh639 result=allow:allow
[2026-02-18T14:23:58.638705] [USER-CHECK] user=lkh639 result=allow:allow
[2026-02-18T14:23:58.639659] [USER-CHECK] user=lkh639 result=allow:allow
[2026-02-18T14:23:58.643905] [USER-CHECK] user=lkh639 result=allow:allow
[2026-02-18T14:23:58.645183] [USER-CHECK] user=lkh639 result=allow:allow
[2026-02-18T14:23:58.648963] [USER-CHECK] user=lkh639 result=allow:allow
[2026-02-18T14:23:58.673949] [USER-CHECK] user=lkh639 result=allow:allow
[2026-02-18T14:23:58.685526] [USER-CHECK] user=lkh639 result=allow:allow
[2026-02-18T14:23:58.759795] [USER-CHECK] user=lkh639 result=allow:allow
[2026-02-18T14:23:58.806248] [USER-CHECK] user=lkh639 result=allow:allow
[2026-02-18T14:23:58.846758] [USER-CHECK] user=lkh639 result=allow:allow
[2026-02-18T14:23:58.849499] [USER-CHECK] user=lkh639 result=allow:allow
[2026-02-18T14:23:58.852813] [USER-CHECK] user=lkh639 result=allow:allow
[2026-02-18T14:23:58.945155] [USER-CHECK] user=lkh639 result=allow:allow
[2026-02-18T14:23:59.226630] [USER-CHECK] user=lkh639 result=allow:allow
[2026-02-18T14:23:59.476611] [USER-CHECK] user=lkh639 result=allow:allow
[2026-02-18T14:23:59.571022] [USER-CHECK] user=lkh639 result=allow:allow
[2026-02-18T14:24:00.505822] [USER-CHECK] user=lkh639 result=allow:allow
[2026-02-18T14:24:00.678524] [USER-CHECK] user=lkh639 result=allow:allow
[2026-02-18T14:24:00.745171] [USER-CHECK] user=lkh639 result=allow:allow
[2026-02-18T14:24:00.802681] [USER-CHECK] user=lkh639 result=allow:allow
[2026-02-18T14:24:00.909074] [USER-CHECK] user=lkh639 result=allow:allow
[2026-02-18T14:24:00.916756] [USER-CHECK] user=lkh639 result=allow:allow
[2026-02-18T14:24:00.940369] [USER-CHECK] user=lkh639 result=allow:allow
[2026-02-18T14:24:01.213025] [USER-CHECK] user=lkh639 result=allow:allow
[2026-02-18T14:24:01.732530] [USER-CHECK] user=lkh639 result=allow:allow
[2026-02-18T14:24:01.739193] [USER-CHECK] user=lkh639 result=allow:allow
[2026-02-18T14:24:02.144948] [USER-CHECK] user=lkh639 result=allow:allow
[2026-02-18T14:24:04.591447] [USER-CHECK] user=lkh639 result=allow:allow
[2026-02-18T14:24:04.612876] [USER-CHECK] user=lkh639 result=allow:allow
[2026-02-18T14:24:04.776276] [USER-CHECK] user=lkh639 result=allow:allow
[2026-02-18T14:24:05.098628] [USER-CHECK] user=lkh639 result=allow:allow
[2026-02-18T14:24:07.605049] [USER-CHECK] user=lkh639 result=allow:allow
[2026-02-18T14:24:09.671370] [USER-CHECK] user=lkh639 result=allow:allow
[2026-02-18T14:24:09.697029] [USER-CHECK] user=lkh639 result=allow:allow
[2026-02-18T14:24:09.849592] [USER-CHECK] user=lkh639 result=allow:allow
[2026-02-18T14:24:09.887131] [USER-CHECK] user=lkh639 result=allow:allow
[2026-02-18T14:24:09.938838] [USER-CHECK] user=lkh639 result=allow:allow
[2026-02-18T14:24:10.457890] [USER-CHECK] user=lkh639 result=allow:allow
[2026-02-18T14:24:10.726146] [USER-CHECK] user=lkh639 result=allow:allow
[2026-02-18T14:24:11.105145] [USER-CHECK] user=lkh639 result=allow:allow
[2026-02-18T14:24:11.142193] [USER-CHECK] user=lkh639 result=allow:allow
[2026-02-18T14:24:11.488046] [USER-CHECK] user=lkh639 result=allow:allow
[2026-02-18T14:24:11.492377] [USER-CHECK] user=lkh639 result=allow:allow
[2026-02-18T14:24:11.500060] [USER-CHECK] user=lkh639 result=allow:allow
[2026-02-18T14:24:11.591419] [USER-CHECK] user=lkh639 result=allow:allow
[2026-02-18T14:24:11.653916] [USER-CHECK] user=lkh639 result=allow:allow
[2026-02-18T14:24:12.383641] [USER-CHECK] user=lkh639 result=allow:allow
[2026-02-18T14:24:12.470681] [USER-CHECK] user=lkh639 result=allow:allow
[2026-02-18T14:24:12.591424] [USER-CHECK] user=lkh639 result=allow:allow
[2026-02-18T14:24:13.550931] [USER-CHECK] user=lkh639 result=allow:allow
[2026-02-18T14:24:13.584991] [USER-CHECK] user=lkh639 result=allow:allow
[2026-02-18T14:24:13.598833] [USER-CHECK] user=lkh639 result=allow:allow
[2026-02-18T14:24:14.679356] [USER-CHECK] user=lkh639 result=allow:allow
[2026-02-18T14:24:14.834738] [USER-CHECK] user=lkh639 result=allow:allow
[2026-02-18T14:24:15.360759] [USER-CHECK] user=lkh639 result=allow:allow
[2026-02-18T14:24:15.514640] [USER-CHECK] user=lkh639 result=allow:allow
[2026-02-18T14:24:15.536672] [USER-CHECK] user=lkh639 result=allow:allow
[2026-02-18T14:24:15.584601] [USER-CHECK] user=lkh639 result=allow:allow
[2026-02-18T14:24:15.631880] [USER-CHECK] user=lkh639 result=allow:allow
[2026-02-18T14:24:15.843322] [USER-CHECK] user=lkh639 result=allow:allow
[2026-02-18T14:24:16.184024] [USER-CHECK] user=lkh639 result=allow:allow
[2026-02-18T14:24:30.846636] [USER-CHECK] user=lkh639 result=allow:allow
[2026-02-18T14:24:33.963410] [USER-CHECK] user=lkh639 result=allow:allow
[2026-02-18T14:24:33.973333] [USER-CHECK] user=lkh639 result=allow:allow
[2026-02-18T14:24:34.035036] [USER-CHECK] user=lkh639 result=allow:allow
[2026-02-18T14:24:34.104271] [USER-CHECK] user=lkh639 result=allow:allow
[2026-02-18T14:24:34.178120] [USER-CHECK] user=lkh639 result=allow:allow
[2026-02-18T14:24:34.552245] [USER-CHECK] user=lkh639 result=allow:allow
[2026-02-18T14:24:34.944840] [USER-CHECK] user=lkh639 result=allow:allow
[2026-02-18T14:24:34.945954] [USER-CHECK] user=lkh639 result=allow:allow
[2026-02-18T14:24:35.530829] [USER-CHECK] user=lkh639 result=allow:allow
[2026-02-18T14:24:35.544875] [USER-CHECK] user=lkh639 result=allow:allow
[2026-02-18T14:24:35.552477] [USER-CHECK] user=lkh639 result=allow:allow
[2026-02-18T14:24:35.554275] [USER-CHECK] user=lkh639 result=allow:allow
[2026-02-18T14:24:35.575643] [USER-CHECK] user=lkh639 result=allow:allow
[2026-02-18T14:24:35.806126] [USER-CHECK] user=lkh639 result=allow:allow
[2026-02-18T14:24:35.851873] [USER-CHECK] user=lkh639 result=allow:allow
[2026-02-18T14:24:35.868025] [USER-CHECK] user=lkh639 result=allow:allow
[2026-02-18T14:24:35.892358] [USER-CHECK] user=lkh639 result=allow:allow
[2026-02-18T14:24:35.903454] [USER-CHECK] user=lkh639 result=allow:allow
[2026-02-18T14:24:35.950890] [USER-CHECK] user=lkh639 result=allow:allow
[2026-02-18T14:24:36.952770] [USER-CHECK] user=lkh639 result=allow:allow
[2026-02-18T14:24:37.558355] [USER-CHECK] user=lkh639 result=allow:allow
[2026-02-18T14:24:37.564202] [USER-CHECK] user=lkh639 result=allow:allow
[2026-02-18T14:24:37.573190] [USER-CHECK] user=lkh639 result=allow:allow
[2026-02-18T14:24:38.546070] [USER-CHECK] user=lkh639 result=allow:allow
[2026-02-18T14:24:39.663239] [USER-CHECK] user=lkh639 result=allow:allow
[2026-02-18T14:24:40.056238] [USER-CHECK] user=lkh639 result=allow:allow
[2026-02-18T14:24:40.482659] [USER-CHECK] user=lkh639 result=allow:allow
[2026-02-18T14:24:40.676278] [USER-CHECK] user=lkh639 result=allow:allow
[2026-02-18T14:24:42.478408] [USER-CHECK] user=lkh639 result=allow:allow
[2026-02-18T14:24:42.835838] [USER-CHECK] user=lkh639 result=allow:allow
[2026-02-18T14:24:43.889676] [USER-CHECK] user=lkh639 result=allow:allow
[2026-02-18T14:24:43.976908] [USER-CHECK] user=lkh639 result=allow:allow
[2026-02-18T14:24:45.094467] [USER-CHECK] user=lkh639 result=allow:allow
[2026-02-18T14:24:53.348208] [USER-CHECK] user=lkh639 result=allow:allow
[2026-02-18T14:27:02.374565] [USER-CHECK] user=lkh639 result=allow:allow
[2026-02-18T14:27:02.502440] [USER-CHECK] user=lkh639 result=allow:allow
[2026-02-18T14:27:04.580464] [USER-CHECK] user=lkh639 result=allow:allow
[2026-02-18T14:27:09.472143] [USER-CHECK] user=lkh639 result=allow:allow
[2026-02-18T14:27:09.473353] [USER-CHECK] user=lkh639 result=allow:allow
[2026-02-18T14:27:09.641273] [USER-CHECK] user=lkh639 result=allow:allow
[2026-02-18T14:27:09.980404] [USER-CHECK] user=lkh639 result=allow:allow
[2026-02-18T14:29:27.640443] [USER-CHECK] user=lkh639 result=allow:allow
[2026-02-18T14:29:28.063387] [USER-CHECK] user=lkh639 result=allow:allow
[2026-02-18T14:30:17.475854] [USER-CHECK] user=lkh639 result=allow:allow
[2026-02-18T14:31:20.468019] [USER-CHECK] user=lkh639 result=allow:allow
[2026-02-18T14:31:37.311676] [USER-CHECK] user=lkh639 result=allow:allow
[2026-02-18T14:31:37.483868] [USER-CHECK] user=lkh639 result=allow:allow
[2026-02-18T14:31:37.711546] [USER-CHECK] user=lkh639 result=allow:allow
[2026-02-18T14:40:58.212342] [USER-CHECK] user=lkh639 result=allow:allow
[2026-02-18T14:41:00.610988] [USER-CHECK] user=lkh639 result=allow:allow
[2026-02-18T14:41:31.382271] [USER-CHECK] user=lkh639 result=allow:allow
[2026-02-18T14:47:48.402013] [USER-CHECK] user=lkh639 result=allow:allow
[2026-02-18T14:47:49.355898] [USER-CHECK] user=lkh639 result=allow:allow
[2026-02-18T14:48:27.395621] [USER-CHECK] user=lkh639 result=allow:allow
[2026-02-18T14:48:37.943457] [USER-CHECK] user=lkh639 result=allow:allow
[2026-02-18T14:49:13.631967] [USER-CHECK] user=lkh639 result=allow:allow
[2026-02-18T14:49:28.066328] [USER-CHECK] user=lkh639 result=allow:allow
[2026-02-18T15:02:50.159457] [USER-CHECK] user=lkh639 result=allow:allow
[2026-02-18T15:07:59.839676] [USER-CHECK] user=lkh639 result=allow:allow
[2026-02-18T15:08:22.047857] [USER-CHECK] user=lkh639 result=allow:allow
[2026-02-18T15:08:23.424651] [USER-CHECK] user=lkh639 result=allow:allow
[2026-02-18T15:08:24.354942] [USER-CHECK] user=lkh639 result=allow:allow
[2026-02-18T15:09:49.028649] [USER-CHECK] user=lkh639 result=allow:allow
[2026-02-18T15:09:49.162313] [USER-CHECK] user=lkh639 result=allow:allow
[2026-02-18T15:09:49.397260] [USER-CHECK] user=lkh639 result=allow:allow
[2026-02-18T15:09:49.400146] [USER-CHECK] user=lkh639 result=allow:allow
[2026-02-18T15:09:49.446673] [USER-CHECK] user=lkh639 result=allow:allow
[2026-02-18T15:09:51.197703] [USER-CHECK] user=lkh639 result=allow:allow
[2026-02-18T15:09:51.424234] [USER-CHECK] user=lkh639 result=allow:allow
[2026-02-18T15:09:52.689304] [USER-CHECK] user=lkh639 result=allow:allow
[2026-02-18T15:09:52.713930] [USER-CHECK] user=lkh639 result=allow:allow
[2026-02-18T15:09:52.720114] [USER-CHECK] user=lkh639 result=allow:allow
[2026-02-18T15:12:50.975315] [USER-CHECK] user=lkh639 result=allow:allow
[2026-02-18T15:12:55.705984] [USER-CHECK] user=lkh639 result=allow:allow
[2026-02-18T15:13:57.606110] [USER-CHECK] user=lkh639 result=allow:allow
[2026-02-18T15:21:50.701181] [USER-CHECK] user=lkh639 result=allow:allow
[2026-02-18T15:40:08.974844] [USER-CHECK] user=lkh639 result=allow:allow
[2026-02-18T15:41:32.098628] [USER-CHECK] user=lkh639 result=allow:allow
[2026-02-18T15:41:32.099262] [USER-CHECK] user=lkh639 result=allow:allow
[2026-02-18T15:41:32.762741] [USER-CHECK] user=lkh639 result=allow:allow
[2026-02-18T15:41:42.471377] [USER-CHECK] user=lkh639 result=allow:allow
[2026-02-18T15:41:42.477176] [USER-CHECK] user=lkh639 result=allow:allow
[2026-02-18T15:41:45.285901] [USER-CHECK] user=lkh639 result=allow:allow
[2026-02-18T15:41:45.286253] [USER-CHECK] user=lkh639 result=allow:allow
[2026-02-18T15:41:45.287231] [USER-CHECK] user=lkh639 result=allow:allow
[2026-02-18T15:41:46.480122] [USER-CHECK] user=lkh639 result=allow:allow
[2026-02-18T15:41:47.678365] [USER-CHECK] user=lkh639 result=allow:allow
[2026-02-18T15:41:47.682976] [USER-CHECK] user=lkh639 result=allow:allow
[2026-02-18T15:41:47.794431] [USER-CHECK] user=lkh639 result=allow:allow
[2026-02-18T15:41:47.803991] [USER-CHECK] user=lkh639 result=allow:allow
[2026-02-18T15:41:47.904934] [USER-CHECK] user=lkh639 result=allow:allow
[2026-02-18T15:41:47.948449] [USER-CHECK] user=lkh639 result=allow:allow
[2026-02-18T15:41:48.109707] [USER-CHECK] user=lkh639 result=allow:allow
[2026-02-18T15:41:49.505058] [USER-CHECK] user=lkh639 result=allow:allow
[2026-02-18T15:41:50.070198] [USER-CHECK] user=lkh639 result=allow:allow
[2026-02-18T15:41:51.502993] [USER-CHECK] user=lkh639 result=allow:allow
[2026-02-18T15:41:51.950854] [USER-CHECK] user=lkh639 result=allow:allow
[2026-02-18T15:41:53.206610] [USER-CHECK] user=lkh639 result=allow:allow
[2026-02-18T15:41:53.229316] [USER-CHECK] user=lkh639 result=allow:allow
[2026-02-18T15:41:53.617288] [USER-CHECK] user=lkh639 result=allow:allow
[2026-02-18T15:41:53.703182] [USER-CHECK] user=lkh639 result=allow:allow
[2026-02-18T15:41:53.889672] [USER-CHECK] user=lkh639 result=allow:allow
[2026-02-18T15:41:54.696150] [USER-CHECK] user=lkh639 result=allow:allow
[2026-02-18T15:42:21.416805] [USER-CHECK] user=lkh639 result=allow:allow
[2026-02-18T15:42:24.069950] [USER-CHECK] user=lkh639 result=allow:allow
[2026-02-18T15:43:20.039180] [USER-CHECK] user=lkh639 result=allow:allow
[2026-02-18T15:43:20.974860] [USER-CHECK] user=lkh639 result=allow:allow
[2026-02-18T15:44:08.467312] [USER-CHECK] user=lkh639 result=allow:allow
[2026-02-18T15:44:22.728327] [USER-CHECK] user=lkh639 result=allow:allow
[2026-02-18T15:44:22.728471] [USER-CHECK] user=lkh639 result=allow:allow
[2026-02-18T15:44:22.728947] [USER-CHECK] user=lkh639 result=allow:allow
[2026-02-18T15:44:22.808020] [USER-CHECK] user=lkh639 result=allow:allow
[2026-02-18T15:44:22.843831] [USER-CHECK] user=lkh639 result=allow:allow
[2026-02-18T15:44:25.904160] [USER-CHECK] user=lkh639 result=allow:allow
[2026-02-18T15:44:26.159162] [USER-CHECK] user=lkh639 result=allow:allow
[2026-02-18T16:01:33.369147] [USER-CHECK] user=lkh639 result=allow:allow
[2026-02-18T16:01:40.364866] [USER-CHECK] user=lkh639 result=allow:allow
[2026-02-18T16:02:59.483270] [USER-CHECK] user=lkh639 result=allow:allow
[2026-02-18T16:03:01.495923] [USER-CHECK] user=lkh639 result=allow:allow
[2026-02-18T16:03:14.801640] [USER-CHECK] user=lkh639 result=allow:allow
[2026-02-18T16:03:26.477059] [USER-CHECK] user=lkh639 result=allow:allow
[2026-02-18T17:25:14.439995] [USER-CHECK] user=LH511 result=allow:allow
[2026-02-19T08:19:01.162609] [USER-CHECK] user=lkh639 result=allow:allow
[2026-02-19T08:19:02.385061] [USER-CHECK] user=lkh639 result=allow:allow
[2026-02-19T17:22:26.874125] [USER-CHECK] user=LH511 result=allow:allow
[2026-02-19T17:22:27.368506] [USER-CHECK] user=LH511 result=allow:allow
[2026-02-20T08:15:59.768562] [USER-CHECK] user=lkh639 result=allow:allow
